id	row_type	owner_cluster	player_behavior	source_owners	defs	harmony_patches	bridge_contracts	rw16_touchpoints	rw14_touchpoints	hook_intent	primary_scenario	supporting_scenarios	required_passes	evidence_state	port_delta_state	last_evidence	open_questions	duplicate_guard	notes
A.STARTUP.LOAD	feature	startup	Mod loads in RimWorld 1.6, package identity and load folders select 1.6 assembly, assets and Harmony patches initialize without load errors.	Source/Main.cs;Source/Assets.cs;Source/Patches.cs;Source/Patches_Startup.cs;Source/CustomPawnState.cs;Source/ZombieRenderCompat.cs;Source/Service.cs;Source/ZombieLand.csproj	About/About.xml;About/Manifest.xml;LoadFolders.xml;1.6/Assemblies/ZombieLand.dll;Resources/*;Textures/*;Sounds/*	Assets.LoadAssetBundle;MainMenuDrawer_Init_Patch;ParseHelper_FromString_Patch;Root_Update_Patch;Root_Shutdown_Patch;MemoryUtility_ClearAllMapsAndWorld_Patch;TimeControls_DoTimeControlsGUI_Patch	zombieland/startup_support_state;rimbridge/list_logs	UIRoot_Entry.Init;ParseHelper.FromString;MainMenuDrawer.Init;TimeControls.DoTimeControlsGUI;MemoryUtility.ClearAllMapsAndWorld;Root.Update;Root.Shutdown	unknown	Prove cold-load, asset bundle, parse migrations, root services, and patch-owner startup state.	S-Startup-ColdLoad	S-Source-Patch-Audit;S-Visual-Lineup	SOURCE_AUDIT;RW16_TARGET_AUDIT;DEF_RESOLUTION;CONTRACT_RUNTIME;SCENARIO_RUNTIME;LOG_CLEAN;BRIDGE_TOOL_REVIEW	contract_runtime	resolved	TEST_COVERAGE.md startup section;EV.DOC.STARTUP;EV.STATIC.STARTUP_SERVICE_LIFECYCLE;EV.STATIC.RENDER_UI_ASSET_TAIL;EV.RUNTIME.STARTUP.CE_STACK_RECHECK	Current CE/HAR/VF local fixture stack recheck is clean; rerun after new commits, package ref changes, or active optional-stack changes.	Owns startup load services only; do not duplicate settings UI or per-feature runtime behavior.	Project targets net472 and outputs to 1.6/Assemblies; About.xml supports 1.4 and 1.6; LoadFolders maps v1.6 to root plus 1.6.
A.DEFS.COLDLOAD	feature	defs_assets	Players see no missing defs, textures, sounds, shaders, or unresolved XML references during cold load.	Source/ZombieDefs.cs;Source/Assets.cs;Source/GraphicToolbox.cs;Source/TextureAtlas.cs;Source/GraphicsDatabase.cs;Source/VariableGraphic.cs;Source/VariableMaterial.cs	Defs/Zombie_BodyParts.xml;Defs/Zombie_Damages.xml;Defs/Zombie_Effecter.xml;Defs/Zombie_Faction.xml;Defs/Zombie_Hediffs.xml;Defs/Zombie_Jobs.xml;Defs/Zombie_Kinds.xml;Defs/Zombie_Letter.xml;Defs/Zombie_LifeStages.xml;Defs/Zombie_Maneuvers.xml;Defs/Zombie_MentalState.xml;Defs/Zombie_Needs.xml;Defs/Zombie_Quests.xml;Defs/Zombie_Race.xml;Defs/Zombie_Recipes.xml;Defs/Zombie_Sounds.xml;Defs/Zombie_ThingCategories.xml;Defs/Zombie_Things.xml;Defs/Zombie_ThinkTree.xml;Defs/Zombie_Thoughts.xml;Defs/Zombie_ToolCapacity.xml;Defs/Zombie_Workgivers.xml	not_applicable	zombieland/startup_support_state;rimbridge/list_logs	DefDatabase load;ShaderDatabase;ContentFinder;SoundDef resolution	unknown	Resolve all Zombieland def families, graphics and sounds before gameplay tests.	S-Startup-ColdLoad	S-Visual-Lineup;S-Defense-Room;S-Contamination-C6	SOURCE_AUDIT;DEF_RESOLUTION;SCENARIO_RUNTIME;VISUAL_UI;LOG_CLEAN	contract_runtime	resolved	TEST_COVERAGE.md startup-support evidence;TEST_SCENARIOS.md S-Source-Patch-Audit runtime evidence;EV.RUNTIME.STARTUP.CE_STACK_RECHECK	Current CE/HAR/VF local fixture stack recheck is clean; rerun after adding or changing defs, textures, sounds, asset bundle contents, or active optional-stack content.	Owns cold-load def resolution; behavior of each def family is owned by DEF.* rows.	2026-05-31 startup contract enumerated 154 active Zombieland-owned defs across 23 DefDatabase types, initialized 40 ThingDef graphics and 2 PawnKindDef body graphics, verified 38 SoundDefs with resolved grains, and had clean warning-or-higher logs; GraphicsDatabase owns texture recolor/twinkie/custom icon cache feeding those graphics.
A.HARMONY.INVENTORY	supporting_infra	startup	Patch inventory establishes which Harmony patches must be audited, runtime-recorded, or negative-space-disposed.	Source/Patches.cs;Source/Patches_Hostility.cs;Source/ContaminationPatches*.cs;Source/Assets.cs;Source/Service.cs;Source/CustomPawnState.cs;Source/ZombieAreaManager.cs;Source/SafeReflections.cs;Source/GlobalSuppressions.cs	not_applicable	current_inventory:256_static_patch_rows;39_dynamic_patch_rows;4_class_level_base_rows	scripts/coverage-inventory.sh;TEST_PATCH_AUDIT.md	all patched RimWorld 1.6 targets;needs_decompiler_verification for rows without member IDs	unknown	Prevent stale patch targets and duplicated patch testing.	S-Source-Patch-Audit	all scenario rows with patch rows	SOURCE_AUDIT;RW16_TARGET_AUDIT;RW14_RW16_SEMANTIC_DIFF;NEGATIVE_SPACE_1_6;CONTRACT_RUNTIME;BRIDGE_TOOL_REVIEW	partial	partial	TEST_COVERAGE.md inventory lines;TEST_PATCH_AUDIT.md dynamic summary/static slice table;local 2026-05-31 coverage-inventory.sh rerun;debug-tail decompiler pass 2026-06-01;obsolete-patch cleanup 2026-06-01	Standing governance: keep using coverage-inventory.sh for exact regeneration, and add explicit PATCH rows only where row-level target disposition improves planning beyond TEST_PATCH_AUDIT and owning feature rows; do not chase exact generated-name parity for aliases or debug-only surfaces. The current debug tail is source-audited and only needs runtime work if debug overlays/inspector support become named scenarios.	Owns patch inventory governance and reflection helper infrastructure; individual behavior belongs to PATCH.* and feature rows.	Local inventory now reports 256 static, 39 dynamic and 4 base rows after deleting three obsolete patch classes. Dynamic rows split into 18 contamination, 12 core, 7 optional-integration and 2 specialized. TEST_PATCH_AUDIT has current dynamic source anchors and static slice counts while ZL_COVERAGE_INDEX intentionally expands only useful PATCH rows. The current exact-name tail is 23 rows, all classified as aliases/base-context/debug-source surfaces rather than unassigned behavior; the 2026-06-01 debug-tail pass rechecked SelectionDrawer, MapInterface update/GUI, and debug-inspector hooks against RimWorld 1.4/1.6 decompiler evidence.
B.SETTINGS.WORLD_DEFAULTS	feature	settings	Players can configure defaults, in-game settings, keyframes, modals, and colonist toggles that persist and affect downstream behavior.	Source/Main.cs;Source/ZombieSettings.cs;Source/SettingsDialog.cs;Source/DialogExtensions.cs;Source/Dialog_Settings.cs;Source/Dialog_AdvancedSettings.cs;Source/Dialog_ApparelBlacklist.cs;Source/Dialog_BiomeList.cs;Source/Dialog_ThumperSettings.cs;Source/Dialog_SaveThenUninstall.cs;Source/Dialog_ZombieDebugActionMenu.cs;Source/Dialog_ContaminationDebugSettings.cs;Source/Gizmos.cs;Source/ColonistSettings.cs;Source/ListableOption_Zombieland.cs	not_applicable	WorkGiver_Scanner_HasJobOnCell_Patches;WorkGiver_Scanner_JobOnCell_Patches;WorkGiver_Scanner_HasJobOnThing_Patches;WorkGiver_Scanner_JobOnThing_Patches;PawnApparelGenerator_PossibleApparelSet_PairOverlapsAnything_Patch;PriorityWork_GetGizmos_Patch	zombieland/settings_state;zombieland/get_status;rimworld/list_selected_gizmos	ModSettings;Game.FinalizeInit;WorkGiver_Scanner;Dialog_ModSettings;Gizmo.GetGizmos;Widgets.ButtonInvisible;Widgets.RadioButton;Widgets.Checkbox	unknown	Settings and colonist toggles must survive save-load and drive work/avoidance/serum behavior.	S-Settings-Persistence	S-Defense-Room;S-Infection-Medical	SOURCE_AUDIT;RW16_TARGET_AUDIT;CONTRACT_RUNTIME;SCENARIO_RUNTIME;SAVE_LOAD;VISUAL_UI;LOG_CLEAN;PLAYER_FLOW	save_load	resolved_runtime	TEST_COVERAGE.md settings evidence;TEST_SCENARIOS.md S-Settings-Persistence defaults-write-test/save-then-uninstall/gizmo/modal/mouse-driven evidence;SettingsDialog source reread 2026-06-01;decompiler Widgets.ButtonInvisible/RadioButton/Checkbox 2026-06-01	Settings baseline is covered: visible controls route through already-evidenced helper families, representative visible edits are proven through live UI paths, persistence/save-load is covered, and high-risk downstream effects are covered. Add future work only for named setting/effect pairs or changed settings UI code.	Owns settings persistence, shared dialog helpers, debug settings surface, and per-colonist UI toggles; downstream behavior is owned by the feature rows it changes; destructive uninstall save-copy behavior is owned by M.UNINSTALL.HYGIENE.	Live evidence covers default-settings restart persistence, world settings, keyframes, new-colony wizard settings, modal backing states including mouse-driven main spawn timing radio and Threat scale slider edits, source/decompiler disposition for integer/text fields, advanced/biome checkbox edits and apparel-list Select All/Deselect All, Show zombie statistics hiding/restoring Alert_DaysUntilSpawning through the live alert surface, Zombies health bar hiding/restoring the hovered zombie overlay through paired screenshots, manual colonist-settings hover, non-destructive save-then-uninstall UI entry, colonist toggles, broad WorkGiver fanout predicates, and direct PriorityWork.GetGizmos commands from Source/Gizmos.cs. The 2026-06-01 source/decompiler reread confirmed the remaining SettingsDialog controls share those same radio/checkbox/slider/numeric/button helper paths.
B.SETTINGS.KEYFRAMES	feature	settings	Players can add time keyframes and get deterministic interpolation over colony days.	Source/ZombieSettings.cs;Source/Dialog_Settings.cs;Source/DialogTimeHeader.cs;Source/MultiOptions.cs	not_applicable	not_applicable	zombieland/settings_state;rimworld/get_ui_layout;rimworld/click_ui_target	ZombieSettings.CalculateInterpolation;Scribe collections;Widgets.ButtonText	unknown	Port time-based difficulty curves and settings interpolation.	S-Settings-Persistence	not_applicable	SOURCE_AUDIT;CONTRACT_RUNTIME;SCENARIO_RUNTIME;SAVE_LOAD;VISUAL_UI;PLAYER_FLOW	contract_runtime	resolved	TEST_COVERAGE.md settings evidence;TEST_SCENARIOS.md S-Settings-Persistence	No open baseline keyframe UI gap remains.	Owns interpolation math and persistence plus the visible keyframe add/remove controls; downstream setting effects stay on their owning rows.	Evidence includes day 0/1/2/3/6 samples, reloaded keyframe ticks, and 2026-06-01 mouse-driven Duplicate/Delete from ZL_CE_EMPTY_00 with Combat Extended active.
C.CORE.ZOMBIE_LOOP	feature	core_zombie	Zombies spawn, tick under budget, sense, wander, attack, burn, bleed, eat bodies, die, leave corpses, and clean up without breaking normal pawn behavior.	Source/Zombie.cs;Source/ZombieGenerator.cs;Source/ZombieStateHandler.cs;Source/JobDriver_Stumble.cs;Source/JobGiver.cs;Source/ZombiePathing.cs;Source/PheromoneGrid.cs;Source/ZombieWanderer.cs;Source/ZombieLeaner.cs;Source/ZombieDamageFlasher.cs;Source/ZombieCorpse.cs;Source/ZombieStains.cs;Source/TickManager.cs	Defs/Zombie_Race.xml;Defs/Zombie_Kinds.xml;Defs/Zombie_ThinkTree.xml;Defs/Zombie_Jobs.xml;Defs/Zombie_Damages.xml;Defs/Zombie_Hediffs.xml	Map_FinalizeLoading_Patch;Projectile_Launch_Patch;Pawn_PathFollower_WillCollideWithPawnAt_Patch;PawnCollisionTweenerUtility_PawnCollisionPosOffsetFor_Patch;GenClamor_DoClamor_Patch;Pawn_HearClamor_Patch;Pawn_RecordsTracker_*;Pawn_NeedsTracker_*;Pawn_HealthTracker_DropBloodFilth_Patch	zombieland/zombie_ticking_feedback_contract;zombieland/zombie_ticking_budget_contract;zombieland/zombie_damage_log_association_suppression;zombieland/zombie_blood_filth_contract;zombieland/zombie_fire_*;zombieland/zombie_records_suppression;zombieland/zombie_clamor_suppression;zombieland/zombie_eats_corpse_contract;zombieland/zombie_eats_downed_pawn_contract	Pawn.Tick;TickManager.DoSingleTick;Pawn_PathFollower;GenClamor;Pawn.HearClamor;Pawn_MindState.Notify_ClamorImpact;Pawn_NeedsTracker;Pawn_HealthTracker;Map.FinalizeLoading	unknown	Keep Zombieland pawns custom-controlled and performant without corrupting vanilla pawns.	S-Core-Horde-Loop	S-Special-Gauntlet;S-Incident-Threat;S-Defense-Room;S-Dense-Performance	SOURCE_AUDIT;RW16_TARGET_AUDIT;CONTRACT_RUNTIME;SCENARIO_RUNTIME;SAVE_LOAD;LOG_CLEAN;PERFORMANCE_SMOKE	save_load	resolved_runtime	TEST_COVERAGE.md core mixed horde, eating and dense performance evidence;TEST_SCENARIOS.md S-Core-Horde-Loop;S-Dense-Performance	No known C baseline gap remains in the core active-mod configuration.	Owns core zombie lifecycle; special abilities, infection and contamination are separate clusters.	Mixed horde save-load, focused corpse/downed-pawn eating branches, direct zombie-hearer clamor suppression, direct tanky wall destruction through AttackStatic, and dense 80-zombie normal-speed smoke are covered with clean logs; keep new work to named branch gaps instead of rerunning baseline horde loop.
C.SPECIAL.ZOMBIES	feature	core_zombie	Special zombies exhibit type-specific visuals, attacks, damage modifiers, deaths, tar/smoke/electric/bomb effects, and save-load behavior.	Source/ZombieSpitter.cs;Source/ZombieParalysis.cs;Source/AnomalySkipAbduction.cs;Source/ZombieBall.cs;Source/ZombieSymbiant.cs;Source/ZombieSymbiantRenderer.cs;Source/JobDriver_Spitter.cs;Source/JobDriver_Symbiant.cs;Source/JobDriver_Sabotage.cs;Source/TarSmoke.cs;Source/TarSlime.cs;Source/BombVest.cs;Source/OverlayDrawer.cs	Defs/Zombie_Kinds.xml;Defs/Zombie_Things.xml;Defs/Zombie_Damages.xml;Defs/Zombie_Effecter.xml;Defs/Zombie_Sounds.xml	DamageWorker_AddInjury_ApplyDamageToPart_Patch;ArmorUtility_GetPostArmorDamage_Patch;StunHandler_Notify_DamageApplied_Patch;Pawn_TryGetAttackVerb_Patch;Verb_MeleeAttackDamage_DamageInfosToApply_Patch;Pawn_StoryTracker_SkinColorBase_Patch;Pawn_GeneTracker_AddGene_Patch;PsychicRitualToil_SkipAbductionPlayer_ApplyOutcome_Patch	zombieland/special_gauntlet_state;zombieland/emp_electrifier;zombieland/active_electrifier_attack_verb_contract;zombieland/area_workflow_state actionMode:special-damage;zombieland/area_workflow_state actionMode:bug-reports;zombieland/area_workflow_state actionMode:spitter-readiness;zombieland/spawn_symbiant;zombieland/spawn_spitter_visual_fixture	DamageWorker_AddInjury.ApplyDamageToPart;ArmorUtility.GetPostArmorDamage;Pawn.TryGetAttackVerb;StunHandler.Notify_DamageApplied;PsychicRitualToil_SkipAbductionPlayer.ApplyOutcome;PawnRenderNode_*	unknown	Special abilities must integrate with targeting, damage, visuals, and cleanup.	S-Special-Gauntlet	S-Hostility-Area-Workflow;S-Visual-Lineup;S-Defense-Room	SOURCE_AUDIT;RW16_TARGET_AUDIT;CONTRACT_RUNTIME;SCENARIO_RUNTIME;SAVE_LOAD;VISUAL_UI;LOG_CLEAN;PERFORMANCE_SMOKE	save_load	resolved_runtime	TEST_COVERAGE.md special action/death gauntlet evidence;TEST_SCENARIOS.md S-Special-Gauntlet;EV.STATIC.SPECIAL_DAMAGE_ATTACK_VERBS;spitter-readiness 2026-06-07	Remaining additive work is broader natural combat/defense integration and optional DLC interactions, not the controlled special action/death gauntlet or focused spitter-health/readiness/skip-abduction regressions.	Owns special zombie behavior only; generic zombie ticking remains C.CORE.ZOMBIE_LOOP.	Symbiant finalizer crash was fixed; special_gauntlet_state has setup/effects/read modes, save-load screenshots, and clean logs. Final bug-report and special-damage evidence records spitter HealthScale=5, core max health 4000, IncomingDamageFactor=1, Bullet 10 -> 1, and Cut 2 -> 5 direct core injury. Spitter readiness now lowers durability by colony support at difficulty 1: weak factor 0.43, partial 0.6372727, armed 1, with weak scaled Bullet/Cut amounts 2.32558131x armed baseline. Skip-abduction uses ZombieParalysis to leave abducted zombies standing and temporarily harmless after Anomaly's skip-abduction outcome.
D.PATHING.DOOR_AVOIDANCE	feature	pathing	Colonists avoid zombie-danger doors/work unless drafted/forced, while zombies and contamination jobs do not crash pathing.	Source/Patches.cs;Source/ZombieAvoider.cs;Source/ConcurrentQueue.cs;Source/ZombieAreaManager.cs;Source/WorkGivers.cs;Source/JobDriver_ContaminationHoard.cs;Source/BridgeTools/ZombielandBridgeTools.Performance.cs	not_applicable	Building_Door_PawnCanOpen_Patch;Pawn_PathFollower_StartPath_Patch;Pawn_PathFollower_NeedNewPath_Patch;Pawn_PathFollower_SetupMoveIntoNextCell_Patch;Pawn_PathFollower_CostToMoveIntoCell_Patch;Pawn_PathFollower_WillCollideWithPawnAt_Patch;WorkGiver_Scanner_*	zombieland/contamination_hoard_pather_failure_contract;zombieland/area_workflow_state actionMode:behavior;zombieland/defense_room_state actionMode:wallDoorPressure;zombieland/tar_slime_move_cost_contract;zombieland/destination_validity_fast_path_contract	Building_Door.PawnCanOpen;Building_Door.FreePassage;Building_Door.WillCloseSoon;Pawn_PathFollower.StartPath;NeedNewPath;SetupMoveIntoNextCell;CostToMoveIntoCell;WillCollideWithPawnAt	unknown	Preserve avoid-grid semantics without recursive 1.6 door calls or pather callback hazards.	S-Defense-Room	S-Core-Horde-Loop;C5-player-effects;S-Settings-Persistence	SOURCE_AUDIT;RW16_TARGET_AUDIT;RW14_RW16_SEMANTIC_DIFF;CONTRACT_RUNTIME;SCENARIO_RUNTIME;SAVE_LOAD;LOG_CLEAN;PLAYER_FLOW	resolved_runtime	resolved	TEST_COVERAGE.md door/avoidance and room/corridor evidence;TEST_PATCH_AUDIT.md row Source/Patches.cs:1543;decompiler 2026-05-31	No known D pathing/door avoidance gap remains in the core active-mod configuration; future work should be named endurance, optional-mod, DLC, or broader mixed-defense variants.	Owns door/pathing semantic hook; Source/ConcurrentQueue.cs is supporting infrastructure for ZombieAvoider queues; workgiver setting predicates are supporting only.	Decompiler reconfirmed RimWorld 1.6 FreePassage reaches WillCloseSoon, whose nearby-pawn scan calls PawnCanOpen; runtime evidence covers avoid-cost rerouting, NeedNewPath interruption, door blocking/drafted-forced exemptions, zombie manual-close suppression, albino hold-open behavior, hoard pather survival, and the room/corridor door-pressure save-load gauntlet with clean logs. `zombieland/destination_validity_fast_path_contract` is retained as a pathing-performance backstop for the zombie normal-context fast path.
E.HOSTILITY.TARGETING	feature	hostility	Player, enemy, animal, turret, mech, drafted and undrafted actors target or ignore zombies according to settings and special-state rules.	Source/Patches_Hostility.cs;Source/Patches.cs;Source/ZombieAreaManager.cs;Source/ZombieAvoider.cs;Source/WorkGivers.cs;Source/ZombieAttackTargetIndex.cs;Source/BridgeTools/ZombielandBridgeTools.AttackScan.cs	Defs/Zombie_Faction.xml;Defs/Zombie_Kinds.xml;Defs/Zombie_MentalState.xml	AttackTargetFinder_BestAttackTarget_Patch;AttackTargetFinder_GetAvailableShootingTargetsByScore_Patch;AttackTargetFinder_FriendlyFire_Patch;GenHostility_HostileTo_Patch;JobDriver_Wait_CheckForAutoAttack_Patch;DangerWatcher_CalculateDangerRating_Patch;FleeUtility_ShouldFleeFrom_Patch;Verb_MeleeAttack_TryCastShot_Patch	zombieland/area_workflow_state actionMode:targeting;zombieland/area_workflow_state actionMode:bug-reports;zombieland/area_workflow_state actionMode:danger-flee;zombieland/area_workflow_state actionMode:smart-melee;zombieland/active_electrifier_attack_verb_contract;zombieland/attack_scan_equivalence;zombieland/attack_scan_fixture_contract	AttackTargetFinder;GenHostility.HostileTo;JobDriver_Wait.CheckForAutoAttack;DangerWatcher.CalculateDangerRating;FleeUtility.ShouldFleeFrom;Verb_MeleeAttack.TryCastShot	unknown	Replace vanilla pawn targeting with Zombieland-compatible hostile/harmless/special rules.	S-Hostility-Area-Workflow	S-Defense-Room;S-Special-Gauntlet	SOURCE_AUDIT;RW16_TARGET_AUDIT;CONTRACT_RUNTIME;SCENARIO_RUNTIME;VISUAL_UI;LOG_CLEAN;PLAYER_FLOW	resolved_runtime	resolved	TEST_COVERAGE.md hostility lines 52-71;EV.STATIC.HOSTILITY_TARGETING_COMBAT	Remaining additive work is long-form mixed colony scenario, not patch-boundary proof or the focused raider distance regression.	Owns combat targeting and hostility decisions; projectile damage and special ability effects use C.SPECIAL.ZOMBIES.	Docs record real bugs found/fixed in targeting cache, player mech filtering, confused-zombie setup, player-faction animal BestAttackTarget classification, and the enemy BestAttackTarget long-range zombie engagement cap. Final bug-report evidence proved enemy raiders select zombies at squared distances 36/81 but not 100/625 while those farther zombies remain hostile active threats. `ZombieAttackTargetIndex` and the attack-scan bridge contracts backstop the indexed adjacent-target fast path.
F.RENDERING.VISUALS	feature	rendering	Players see correct zombie body/head graphics, missing-head behavior, corpse/downed angles, overlays, labels, motes, projectiles, icons and selection feedback.	Source/CustomPawnState.cs;Source/ZombieRenderCompat.cs;Source/ZombieLeaner.cs;Source/ZombieDamageFlasher.cs;Source/ZombieSymbiantRenderer.cs;Source/Assets.cs;Source/TextureAtlas.cs;Source/GraphicsDatabase.cs;Source/OverlayDrawer.cs;Source/ContaminationPatches.cs	Defs/Zombie_Effecter.xml;Defs/Zombie_Sounds.xml;Textures/*;Resources/*	Pawn_DrawTracker_Constructor_Patch;PawnRenderer_Constructor_With_Pawn_Patch;DamageFlasher_Notify_DamageApplied_Patch;DamageFlasher_GetDamagedMat_Patch;Pawn_DrawTracker_DrawPos_Patch;Pawn_DrawTrackerDrawTrackerTick_Patch;PawnRenderNode_Body_GraphicFor_Patch;PawnRenderNode_Head_GraphicFor_Patch;PawnRenderer_BodyAngle_Patch;PawnDownedWiggler_ProcessPostTickVisuals_Patch;Widgets_ThingIcon_Patch;MouseoverReadout_MouseoverReadoutOnGUI_Patch;InspectPaneFiller_DoPaneContentsFor_Patch	zombieland/spawn_reference_lineup;zombieland/area_workflow_state actionMode:visual-support;zombieland/area_workflow_state actionMode:render-node-graphics;zombieland/area_workflow_state actionMode:downed-crawler-visuals;zombieland/contamination_ui_quest_contract	PawnRenderer..ctor;DamageFlasher.Notify_DamageApplied;DamageFlasher.GetDamagedMat;Pawn_DrawTracker.DrawPos;Pawn_DrawTracker.ProcessPostTickVisuals;PawnRenderNode_Body.GraphicFor;PawnRenderNode_Head.GraphicFor;PawnRenderer.BodyAngle;PawnDownedWiggler.ProcessPostTickVisuals;Widgets.ThingIcon;MouseoverReadout.MouseoverReadoutOnGUI	PawnGraphicSet.HeadMatAt obsolete 1.4 target	Adapt 1.4 graphics hooks to 1.6 pawn render tree and visual UI surfaces.	S-Visual-Lineup	S-Special-Gauntlet;C6-ui-quest;S-Area-Workflow	SOURCE_AUDIT;RW16_TARGET_AUDIT;RW14_RW16_SEMANTIC_DIFF;CONTRACT_RUNTIME;SCENARIO_RUNTIME;SAVE_LOAD;VISUAL_UI;LOG_CLEAN	save_load	resolved_runtime	TEST_COVERAGE.md visual-support, render-node, special visual save-load, C6 and defense visual evidence;TEST_PATCH_AUDIT obsolete HeadMatAt row;EV.STATIC.RENDER_DRAWTRACKER_STATE;EV.STATIC.SPECIAL_DAMAGE_ATTACK_VERBS;EV.STATIC.RENDER_UI_ASSET_TAIL	No open baseline visual pass remains in the core active-mod configuration; add work only for changed art/effect code, supported debug overlays, or optional-mod/DLC visual variants.	Owns what the player sees; GraphicsDatabase also feeds cold-load graphic resolution; runtime behavior is owned by core/special/contamination rows.	HeadMatAt is a disposed 1.4 target replaced by 1.6 render-node patches; current evidence covers visual-support flasher/leaner patches, custom body/head routing, no-head guard, downed/corpse angles, special visual save-load screenshots, C6 clean item/pawn/corpse negatives, defense-room shocker/thumper visuals, and clean logs after reloading ZL_Special_Visual_Gauntlet_00. Static render/UI tail confirms final 1.6 labels, tabs, Downed facade, crawler/body-angle and render-node anchors.
G.CONTAMINATION.C0_STATE	feature	contamination	Contamination state exists for cells, pawns, things, terrain, stacks and active effects and survives save-load.	Source/ContaminationManager.cs;Source/ContaminationSerializer.cs;Source/ContaminationEffect.cs;Source/ContaminationFactors.cs;Source/ContaminationNeed.cs;Source/Hediff_Contamination.cs;Source/MentalState_Contamination.cs	Defs/Zombie_Needs.xml;Defs/Zombie_Hediffs.xml;Defs/Zombie_MentalState.xml	Thing_Destroy_Patch;ComponentIndustrial_SplitOff_Patch;MinifiedThing_SplitOff_Patch	zombieland/contamination_core_contract;zombieland/read_contamination_state;zombieland/write_contamination_state	Scribe;MapComponent;Thing.Destroy;Thing.SplitOff;MinifiedThing.SplitOff	unknown	Persist and repair contamination ownership without precision or map-index loss.	C0-state-serializer	C1-stack-container;C2-build-replace;C5-player-effects	SOURCE_AUDIT;RW16_TARGET_AUDIT;CONTRACT_RUNTIME;SCENARIO_RUNTIME;SAVE_LOAD;LOG_CLEAN	save_load	resolved	TEST_COVERAGE.md contamination lines 201-244;EV.STATIC.CONTAMINATION_STATE_SUPPORT_SURFACE	Keep regression checks for manager repair and split edge-cases.	Owns contamination storage only; transfer mechanisms are C1-C4 rows.	C0 rerun also covers Constants.CONTAMINATION gate and FixGrounds repair.
G.CONTAMINATION.C1_STACKS	feature	contamination	Stacks, containers, carry tracker, ingestion and frame transfers conserve contamination through real item movement.	Source/ContaminationPatchesMisc.cs;Source/ContaminationPatchesBuilding.cs;Source/ContaminationManager.cs;Source/BridgeTools/ZombielandBridgeTools.Contamination.cs	Defs/Zombie_Things.xml;Defs/Zombie_Jobs.xml	Pawn_CarryTracker_TryStartCarry_Patch_Patch;ThingOwner_TryTransferToContainer_Patch;Thing_SplitOff_Patch;Building_NutrientPasteDispenser_TryDispenseFood_Patch	zombieland/contamination_carry_tracker_contract;zombieland/contamination_thing_owner_transfer_contract;zombieland/contamination_core_contract	Pawn_CarryTracker.TryStartCarry;ThingOwner.TryTransferToContainer;Thing.SplitOff;Building_NutrientPasteDispenser.TryDispenseFood	unknown	Preserve contamination during stack and container operations players rely on.	C1-stack-container	C0-state-serializer;C2-build-replace	SOURCE_AUDIT;RW16_TARGET_AUDIT;CONTRACT_RUNTIME;SCENARIO_RUNTIME;SAVE_LOAD;LOG_CLEAN	save_load	resolved	TEST_COVERAGE.md contamination lines 242-244;EV.STATIC.C3_FILTH_CORE_HANDOFFS	No open issue beyond periodic rerun after new stack code.	Owns stack/container transfer; construction outcomes are C2.	Owns stack/container transfer. Runtime reruns promoted carry and component MakeThing fanout rows; static C3 handoff pass confirms both TryStartCarry overloads still exist and keep the SplitOff/TryAdd carry semantics used by the contamination copy path.
G.CONTAMINATION.C2_BUILD_REPLACE	feature	contamination	Blueprints, frames, construction, minify/install/reinstall, terrain/foundations and smooth walls hand off contamination correctly.	Source/ContaminationPatchesBuilding.cs;Source/ContaminationManager.cs	Defs/Zombie_Things.xml	Frame_CompleteConstruction_Patch;JobDriver_AffectFloor_MakeNewToils_Patch;MinifiedThing_SplitOff_Patch;GenConstruct_PlaceBlueprintForBuild_Patch	zombieland/contamination_building_install_contract;zombieland/contamination_frame_construction_contract;zombieland/contamination_terrain_construction_contract	Frame.CompleteConstruction;JobDriver_AffectFloor.MakeNewToils;MinifiedThing.SplitOff;GenConstruct.PlaceBlueprintForBuild	unknown	Keep player build/replace/minify loops from losing contamination.	C2-build-replace	C0-state-serializer;C1-stack-container	SOURCE_AUDIT;RW16_TARGET_AUDIT;CONTRACT_RUNTIME;SCENARIO_RUNTIME;SAVE_LOAD;LOG_CLEAN	save_load	resolved	TEST_COVERAGE.md contamination lines 242-245;zombieland/contamination_terrain_construction_contract 2026-06-01;EV.RUNTIME.C2.TEMP_TERRAIN_FIXTURE	No known C2 build/replace gap remains in the current fixture-backed setup; rerun if RimWorld changes Frame.CompleteConstruction terrain handling or Zombieland terrain handoff code changes.	Owns construction and replace handoffs; world products are C3.	C2 durable fixture reloaded with expected contamination; the local ZLTestTemporaryTerrain fixture closed the remaining Frame.CompleteConstruction temporary-terrain branch through the existing terrain construction contract.
G.CONTAMINATION.C3_WORLD_PRODUCTS	feature	contamination	Filth, leavings, mineables, plants, roof collapse, rewards, trade goods, products and spawned byproducts inherit contamination.	Source/ContaminationPatchesFilth.cs;Source/ContaminationPatchesMineable.cs;Source/ContaminationPatchesPlants.cs;Source/ContaminationPatchesMisc.cs;Source/ContaminationPatchesIncidents.cs	Defs/Zombie_Things.xml;Defs/Zombie_Effecter.xml	Filth_MakeThing_Patch;Corpse_ButcherProducts_Patch;JobDriver_Vomit_MakeNewToils_Patch;CompSpawnerFilth_TrySpawnFilth_Patch;Thing_TakeDamage_Patch;PregnancyUtility_SpawnBirthFilth_Patch;RoofCollapserImmediate_DropRoofInCellPhaseTwo_Patch;DamageWorker_Flame_Apply_Patch;HediffComp_DissolveGearOnDeath_Notify_PawnKilled_Patch;Projectile_Liquid_DoImpact_Patch;TunnelHiveSpawner_Tick_Patch;Verse_Explosion_TrySpawnExplosionThing_Patch;ThingSetMaker_Generate_Patch;TradeDeal_AddAllTradeables_Patch;MechClusterUtility_SpawnCluster_Patch;Skyfaller_SpawnThings_Patch	zombieland/contamination_filth_leavings_contract;zombieland/contamination_world_products_contract;zombieland/contamination_mineable_yield_contract;zombieland/contamination_plant_*;zombieland/contamination_roof_collapse_contract	FilthMaker.TryMakeFilth;Thing.TakeDamage;DamageWorker_Flame.Apply;RoofCollapserImmediate;ThingSetMaker.Generate;TradeDeal.AddAllTradeables;MechClusterUtility.SpawnCluster;Skyfaller.SpawnThings	unknown	Contaminated world interactions must produce contaminated products rather than silent clean outputs.	C3-world-products	C0-state-serializer;C4-cleaning-environment	SOURCE_AUDIT;RW16_TARGET_AUDIT;CONTRACT_RUNTIME;SCENARIO_RUNTIME;SAVE_LOAD;LOG_CLEAN	save_load	resolved	TEST_COVERAGE.md contamination lines 242-262;TEST_COVERAGE.md post-263 C3 rows;EV.RUNTIME.PLANT_HARVEST_CONTEXT_FIX;EV.RUNTIME.C3.PLANT_ADDITIONAL_HARVEST_FIXTURE;EV.STATIC.C3_FILTH_CORE_HANDOFFS;EV.STATIC.C3_PRODUCT_SOCIAL_HANDOFFS	Slag chunk reload IDs regenerate, represented by stable component leaving.	Owns spawned product handoffs; cleaning/environment removal is C4.	C3 includes a 2026-06-01 plant-harvest context fix for RimWorld 1.6 additional harvest-yield products; main rice harvest and a local additional-yield fixture plant both reran clean. Static C3 handoff pass confirms the first filth/product target group still anchors on the same 1.6 filth creation and source-setting paths. Many real bugs found/fixed: butcher products, flame ash snapshot, tunnel hive 1.6 move to GroundSpawner.
G.CONTAMINATION.C4_ENVIRONMENT	feature	contamination	Cell entry, fire, snow, sand, clean filth and pollution where available reduce or move contamination.	Source/ContaminationPatchesPollutionSnow.cs;Source/ContaminationPatchesMisc.cs;Source/ContaminationManager.cs	Defs/Zombie_Jobs.xml;Defs/Zombie_Workgivers.xml	JobDriver_CleanFilth_MakeNewToils_Patch;Fire_DoComplexCalcs_Patch;JobDriver_ClearSnow_MakeNewToils_Patch;Jobdriver_ClearPollution_Spawn_Patch;JobDriver_ClearPollution_ClearPollutionAt_Patch;GridUtility_Unpollute_Patch	zombieland/contamination_cell_fire_contract;zombieland/contamination_clear_snow_contract;zombieland/contamination_clear_pollution_contract;zombieland/contamination_clean_filth_contract	Fire.DoComplexCalcs;SnowGrid.SetDepth;SandGrid.SetDepth;JobDriver_CleanFilth.MakeNewToils;JobDriver_ClearPollution.MakeNewToils;GridsUtility.Unpollute;ThingDefOf.Wastepack	unknown	Environmental cleanup and map-state changes must not strand contamination.	C4-cleaning-environment	C3-world-products	SOURCE_AUDIT;RW16_TARGET_AUDIT;CONTRACT_RUNTIME;SCENARIO_RUNTIME;SAVE_LOAD;LOG_CLEAN	save_load	resolved_runtime	SOURCE_AUDIT;RW16_TARGET_AUDIT;CONTRACT_RUNTIME;SCENARIO_RUNTIME;SAVE_LOAD;LOG_CLEAN;EV.STATIC.C4_FILTH_FLOOR_SNOW_CLOSURES;EV.STATIC.C3_PRODUCT_SOCIAL_HANDOFFS;EV.RUNTIME.C4.POLLUTION_FIXTURE_HARD_GATE;EV.RUNTIME.C4.BIOTECH_POLLUTION;EV.RUNTIME.C4.SANDGRID_ABSENT;EV.RUNTIME.C4.ODYSSEY_SAND	No open C4 cleanup/environment branch remains for the current official-DLC loadout; rerun only if cleanup/environment code, ClearSnowAndSand/SandGrid semantics, pollution semantics, or DLC content setup changes.	Owns cleanup/environment transitions; UI display is C6.	Active core config covered cell entry, fire, snow and clean-filth transfer. The earlier ZLTestPollution fixture proved missing DefOf XML was not enough without BiotechActive. The final DLC stretch reran the real clear-pollution job with active Biotech: polluted ground 0.66 cleared after 5604 ticks, the worker received 0.0765600055 contamination, and the spawned Wastepack received 0.264000028. The active Odyssey pass then reran the same clear-snow contract in mode:sand: SandGrid support was present, sand depth on Soil changed 1 -> 0, worker contamination changed 0 -> 0.0443520024 from ground 0.72 with snowAdd=0.0616000034, and the same contract kept snow and clean-filth controls green.
G.CONTAMINATION.C5_PLAYER_EFFECTS	feature	contamination	Player pawns suffer rest/comfort, melee/tending transfers, hallucination, mimic, sleepwalk, breakdown and hoarding effects that survive save-load.	Source/ContaminationEffect.cs;Source/JobDriver_ContaminationBreakdown.cs;Source/JobDriver_ContaminationForceRest.cs;Source/JobDriver_ContaminationHallucination.cs;Source/JobDriver_ContaminationHoard.cs;Source/JobDriver_ContaminationMimic.cs;Source/JobDriver_ContaminationSleepwalk.cs;Source/ContaminationPatchesMisc.cs	Defs/Zombie_MentalState.xml;Defs/Zombie_Jobs.xml;Defs/Zombie_Needs.xml;Defs/Zombie_Hediffs.xml	Pawn_JobTracker_ShouldStartJobFromThinkTree_Patch;Need_CurLevel_Patch;MentalStateHandler_TryStartMentalState_Patch;Building_Door_PawnCanOpen_Patch	zombieland/contamination_rest_comfort_contract;zombieland/contamination_melee_equalize_contract;zombieland/contamination_tending_contract;zombieland/contamination_hallucination_contract;zombieland/contamination_mimic_contract;zombieland/contamination_sleepwalk_contract;zombieland/contamination_breakdown_contract;zombieland/contamination_hoard_pather_failure_contract;zombieland/contamination_hoard_driver_flow_contract;zombieland/read_contamination_effect_state	Pawn_JobTracker.ShouldStartJobFromThinkTree;MentalStateHandler.TryStartMentalState;Need.CurLevel;Building_Door.PawnCanOpen	unknown	Contamination should affect pawns through visible, persistent jobs without path crashes.	C5-player-effects	D.PATHING.DOOR_AVOIDANCE;C0-state-serializer	SOURCE_AUDIT;RW16_TARGET_AUDIT;CONTRACT_RUNTIME;SCENARIO_RUNTIME;SAVE_LOAD;LOG_CLEAN;PLAYER_FLOW	save_load	resolved	TEST_COVERAGE.md C5 player effects;EV.STATIC.C3_PRODUCT_SOCIAL_HANDOFFS;EV.STATIC.CONTAMINATION_STATE_SUPPORT_SURFACE	Keep one combined save-load scenario in regression suite; avoid relying only on focused contracts.	Owns C5 end-to-end; individual mental effect contracts are supporting evidence only.	Combined C5 save-load kept hallucination, mimic, sleepwalk, breakdown and hoard active after reload and 270 ticks.
G.CONTAMINATION.C6_UI_QUEST	feature	contamination	Players see contamination in stats, mouseover, inspect pane, icon/overlay, and can complete decontamination quest flows.	Source/ContaminationPatches.cs;Source/QuestDecontaminateColonists.cs;Source/BridgeTools/ZombielandBridgeTools.Contamination.cs	Defs/Zombie_Quests.xml;Defs/Zombie_Things.xml;Defs/Zombie_Letter.xml	Thing_SpecialDisplayStats_Patch;Widgets_ThingIcon_Patch;MainTabWindow_Quests_DoRow_Patch;PlaySettings_DoPlaySettingsGlobalControls_Patch;MouseoverReadout_MouseoverReadoutOnGUI_Patch;InspectPaneUtility_PaneWidthFor_Patch;InspectPaneFiller_DoPaneContentsFor_Patch;BeautyDrawer_DrawBeautyAroundMouse_Patch	zombieland/contamination_ui_quest_contract;rimworld/get_ui_layout;rimworld/take_screenshot;rimworld/open_context_menu;rimworld/list_logs	Thing.SpecialDisplayStats;Widgets.ThingIcon;MainTabWindow_Quests.DoRow;PlaySettings.DoPlaySettingsGlobalControls;MouseoverReadout.MouseoverReadoutOnGUI;InspectPaneUtility.PaneWidthFor;InspectPaneFiller.DoPaneContentsFor;BeautyDrawer.DrawBeautyAroundMouse	Util_TransportShip_Pickup 1.4 subscript was removed/replaced	Expose contamination to players and make decontamination quest work under Core-only 1.6.	C6-ui-quest	C0-state-serializer;C5-player-effects	SOURCE_AUDIT;RW16_TARGET_AUDIT;RW14_RW16_SEMANTIC_DIFF;CONTRACT_RUNTIME;SCENARIO_RUNTIME;SAVE_LOAD;VISUAL_UI;LOG_CLEAN;PLAYER_FLOW	save_load	resolved	TEST_COVERAGE.md C6 current docs;TEST_SCENARIOS.md C6 clean-negative screenshots;EV.RUNTIME.PLAYER.RIGHTCLICK_PHASE2_BUGS	No known C6 UI/quest gap remains in the core active-mod configuration; rerun if toolbar code, ThingIcon alpha/fade handling, or contamination icon thresholds change.	Owns contamination UI and quest; C5 owns pawn effects that feed the quest.	Quest transporter accepted/branch flows passed; C6 clean item, pawn, and corpse negative screenshots now prove no stray contamination suffix/overlay artifacts on clean selections/hover states. The 2026-06-14 player-save smoke opened the reported right-click FloatMenu path after clamping the alpha-derived icon overlay slot and produced no new warning-or-higher logs.
H.QUESTS.INCIDENTS	feature	quests	Zombie incidents, wave letters, spawn modes, fog/fog-blocker triggers, dynamic threat forecast and faction routing work in 1.6.	Source/ZombieIncidents.cs;Source/TickManager.cs;Source/ZombieWeather.cs;Source/ZombieFreeEventManager.cs;Source/GameCondition_ZombieFreeEvent.cs;Source/Alerts.cs;Source/Dialog_ZombieDebugActionMenu.cs;Source/ContaminationPatchesIncidents.cs	Defs/Zombie_Quests.xml;Defs/Zombie_Faction.xml;Defs/Zombie_Letter.xml;Defs/Zombie_Kinds.xml;Defs/Zombie_GameConditions.xml	IncidentWorker_Raid_TryExecuteWorker_Patch;GlobalControlsUtility_DoDate_Patch;ZombieWeather patches;ZombiesRising hooks;Contamination incident patches	zombieland/incident_threat_state actionMode:zombieFreeEvent,zombieFreeAmbientSound,zombieFreeOverlap,zombieFreeReview,zombieFreeSchedule,zombieFreeForecast,zombieFreeHover;zombieland/incident_special_type_spawn_contract;zombieland/fogged_door_spawns_room_zombies;zombieland/fog_blocker_*	IncidentWorker_Raid.TryExecuteWorker;GlobalControlsUtility.DoDate;Storyteller/incident workers;QuestScriptDef	unknown	Maintain event, forecast, fog and faction spawning semantics under 1.6.	S-Incident-Threat	S-Core-Horde-Loop;C6-ui-quest	SOURCE_AUDIT;RW16_TARGET_AUDIT;CONTRACT_RUNTIME;SCENARIO_RUNTIME;SAVE_LOAD;VISUAL_UI;LOG_CLEAN	resolved_runtime	resolved	TEST_COVERAGE.md incidents lines 30-50;EV.STATIC.COLONY_THREAT_SUPPORT_SURFACE	Future full storyteller end-to-end firing remains additive.	Owns incidents/threat; decontamination quest belongs to C6.	Current docs record S-Incident-Threat runtime-covered planned H scope; zombie-free silence events are tracked with schedule, force-now, overlap, ambient-sound, forecast, keyframed-toggle, and X Zombies hover bridge contracts.
I.INFECTION.MEDICAL	feature	save_load	Bites, hidden/infecting stages, treatment, death infection, corpse conversion, serum extraction/cure, alerts and filters work.	Source/Hediff_Injury_ZombieBite.cs;Source/Hediff_ZombieInfection.cs;Source/HediffComp_Zombie_Infecter.cs;Source/HediffComp_Zombie_TendDuration.cs;Source/Recipe_CureZombieInfection.cs;Source/JobDriver_DoubleTap.cs;Source/JobDriver_ExtractZombieSerum.cs;Source/JobDriver_RopeZombie.cs;Source/WorkGivers.cs;Source/ZombieCorpse.cs;Source/ZombieSpitterCorpse.cs;Source/ZombieSerumFilterWorker.cs;Source/Alerts.cs	Defs/Zombie_Hediffs.xml;Defs/Zombie_Recipes.xml;Defs/Zombie_Jobs.xml;Defs/Zombie_Things.xml;Defs/Zombie_Workgivers.xml	Corpse_RotStageChanged_Patch;Corpse_TickRare_Patch;HealthCardUtility_DrawOverviewTab_Patch;Pawn_Kill_Patch;ThingFilter_SetAllow_Patch;Listing_TreeThingFilter_Visible_Patch;ThingMaker_MakeThing_Patch	zombieland/infection_medical_state;zombieland/infection_workflow_state;zombieland/zombie_corpse_alert_forbid_contract;zombieland/zombie_extract_filter_visibility;zombieland/convert_infected_corpse_to_zombie	AlertReport;Hediff.ExposeData;HediffComp.CompExposeData;Pawn_HealthTracker.ExposeData;Hediff.ShouldRemove;Recipe_RemoveBodyPart.GetPartsToApplyOn;Pawn.Kill;Corpse.TickRare;Corpse.TickRareInt;Corpse.RotStageChanged;HealthCardUtility.DrawOverviewTab;ThingMaker.MakeThing	unknown	Preserve zombie infection medical lifecycle and player jobs.	S-Infection-Medical	S-Settings-Persistence;S-Core-Horde-Loop	SOURCE_AUDIT;RW16_TARGET_AUDIT;CONTRACT_RUNTIME;SCENARIO_RUNTIME;SAVE_LOAD;VISUAL_UI;LOG_CLEAN;PLAYER_FLOW	save_load	resolved_runtime	TEST_COVERAGE.md infection combined workflow evidence;TEST_SCENARIOS.md S-Infection-Medical;ZL_Infection_Medical_00 live read 2026-05-31;EV.STATIC.INFECTION_MEDICAL_SUPPORT_SURFACE	No known I baseline gap remains in the core active-mod configuration; remaining work is additive only if mouse-driven bill/operation UI, bed-quality treatment branches, or amputation/removal workflow become named rows.	Owns infection/serum/death conversion and zombie corpse classes; contamination hediffs are G.CONTAMINATION.*.	Focused contracts and combined workflow cover natural healing, body-part removal, Pawn.Kill, health UI, alert state, countdown save-load, cure, double-tap prevention, serum extraction, corpse conversion, filters, and ZombieSpitterCorpse creation with clean logs. 2026-06-01 static support pass confirmed hediff/comp/recipe/job/filter override signatures and source-decompiler alignment for the infection medical support surface.
J.BUILDINGS.ITEMS	feature	ui	Players build/use/maintain shocker, thumper and chainsaw, with placement rules, power/fuel, repair, gizmos, defense-room effects and save-load.	Source/Chainsaw.cs;Source/ZombieThumper.cs;Source/ZombieShocker.cs;Source/SubEffecter_ZombieShocker.cs;Source/CompActivatable.cs;Source/CompBreakable.cs;Source/CompProperties_Activatable.cs;Source/CompProperties_Switchable.cs;Source/CompProperties_ZombieShocker.cs;Source/Command_SimpleToggle.cs;Source/JobDriver_ZapZombies.cs;Source/JobDriver_FixBrokenChainsaw.cs;Source/PlaceWorker_ZombieShocker.cs;Source/Graphic_Breakable.cs;Source/VariableGraphic.cs;Source/VariableMaterial.cs;Source/BrokenManager.cs	Defs/Zombie_Things.xml;Defs/Zombie_Jobs.xml;Defs/Zombie_Sounds.xml;Defs/Zombie_Effecter.xml;Defs/Zombie_Recipes.xml	Pawn_EquipmentTracker_YieldGizmos_Patch;Chainsaw-related patches;CompRefuelable_StatsReport_Patch;FuelGizmo null guard;Turret fuel reduction patches	zombieland/defense_room_state;zombieland/chainsaw_equip_toggle;zombieland/chainsaw_slaughter_zombie;rimworld/list_selected_gizmos	Pawn_EquipmentTracker.GetGizmos generated YieldGizmos;CompRefuelable;JobDriver;Verb/Melee utilities;Effecter/SubEffecter.Trigger	unknown	Keep defensive devices and chainsaw player flow functional in 1.6.	S-Defense-Room	S-Special-Gauntlet;S-Visual-Lineup	SOURCE_AUDIT;RW16_TARGET_AUDIT;CONTRACT_RUNTIME;SCENARIO_RUNTIME;SAVE_LOAD;VISUAL_UI;LOG_CLEAN;PLAYER_FLOW	save_load	resolved_runtime	TEST_COVERAGE.md buildings/items defense-room visual/audio evidence;TEST_SCENARIOS.md S-Defense-Room;EV.STATIC.BUILDINGS_SHOCKER_SWITCHABLE_HELPERS	No known J gap remains in the core active-mod configuration; add rows only for named variants such as optional-mod equipment interactions, art/audio changes, or broader endurance scenarios.	Owns buildable/item player flow; core damage/targeting owned elsewhere.	Defense-room durable fixture covers setup, save-load, gizmos, power, shocker, thumper, chainsaw, repair and wall/door pressure; 2026-05-31 visual/audio pass captured shocker zap screenshot and thumper wave screenshot with clean logs; 2026-06-01 static helper pass confirmed shocker/switchable override signatures and retained inert XML-bound CompActivatable for compatibility.
K.SOCIAL.SELECTION	feature	supporting_infra	Social thoughts, selection, corpse alerts, damage memory and death-thought suppression keep zombies from polluting ordinary pawn social systems while preserving former-colonist exceptions.	Source/Thought_Zombie.cs;Source/BrainzThought.cs;Source/ZombieCorpse.cs;Source/BridgeTools/ZombielandBridgeTools.Social.cs;Source/Patches.cs	Defs/Zombie_Thoughts.xml;Defs/Zombie_Things.xml	SituationalThoughtHandler_AppendSocialThoughts_Patch;Pawn_InteractionsTracker_InteractionsTrackerTick_Patch;Pawn_HealthTracker_PreApplyDamage_Patch;PawnDiedOrDownedThoughtsUtility_AppendThoughts_ForHumanlike_Patch;PawnDiedOrDownedThoughtsUtility_TryGiveThoughts_Patch;TaleRecorder_RecordTale_Patch;IndividualThoughtToAdd_Constructor_Patch;Thought_Tale_OpinionOffset_Patch	zombieland/zombie_social_thought_suppression;zombieland/zombie_damage_memory_suppression;zombieland/zombie_death_thought_suppression;zombieland/zombie_corpse_alert_forbid_contract	PawnDiedOrDownedThoughtsUtility.AppendThoughts_ForHumanlike;SituationalThoughtHandler.AppendSocialThoughts;Pawn_InteractionsTracker.InteractionsTrackerTick;Pawn_HealthTracker.PreApplyDamage;PawnDiedOrDownedThoughtsUtility.TryGiveThoughts;TaleRecorder.RecordTale;TaleUtility.Notify_PawnDied;Thought_Memory.ExposeData	unknown	Suppress inappropriate zombie social memories/thoughts and keep zombie corpse social/selection behavior sane.	S-Social-Selection	S-Infection-Medical;S-Settings-Persistence	SOURCE_AUDIT;RW16_TARGET_AUDIT;CONTRACT_RUNTIME;SCENARIO_RUNTIME;SAVE_LOAD;LOG_CLEAN	resolved_runtime	resolved	TEST_COVERAGE.md K social evidence;TEST_SCENARIOS.md S-Social-Selection;TEST_PATCH_AUDIT social rows;EV.STATIC.CHILD_DEATH_THOUGHT_BIOTECH_GATE;EV.RUNTIME.DLC.BIOTECH_CHILD_THOUGHTS;EV.RUNTIME.PLAYER.RIGHTCLICK_PHASE2_BUGS	No open social/death-thought/null-tale branch remains for the current official-DLC or reported Core-only loadout; rerun only if social/thought code, Biotech child content, or death/tale semantics change.	Owns social/thought/selection hygiene only; infection and corpse conversion flows remain in I.INFECTION.MEDICAL.	Live evidence covers zombie social suppression, damage-memory suppression, adult death-thought suppression, active-Biotech child killed-thought reduction, Core-only null killed-child TaleDef hardening, corpse alert/forbid behavior, ThingMaker corpse class conversion, and interaction ticking with clean logs. Static/decompiler evidence showed XML-only fixtures could not close the child killed-thought branch because vanilla requires active Biotech before adding ThoughtDefOf.KilledChild; the active-DLC rerun generated a child zombie, added one KilledChild memory with mood factor 0.5, and reduced KilledChild_Opinion from -20 to -5. The 2026-06-14 player-save regression tied Core-only child-aged zombies to null TaleDefOf.KilledChild; the TaleRecorder null-def guard returned null cleanly.
M.UNINSTALL.HYGIENE	feature	save_load	Players can create a no-Zombieland copy save that removes zombie pawns, faction, defs, components, hediffs, thoughts, jobs, filters, bills, tales, battle refs and Zombieland things without mutating the source save.	Source/ZombieRemover.cs;Source/Dialog_SaveThenUninstall.cs;Source/BridgeTools/ZombielandBridgeTools.UninstallHygiene.cs;Source/ContaminationSerializer.cs;Source/ColonistSettings.cs;Source/ZombieSettings.cs	not_applicable	not_applicable	zombieland/uninstall_hygiene_state;rimbridge/list_logs;save XML scan	GameDataSaveLoader.SaveGame;Dialog_SaveFileList;WorldPawns.ExposeData;FactionManager.ExposeData;BattleLog.Battles;ThingFilter;BillStack	unknown	Scrub Zombieland-owned references from a copy save while preserving the original save.	S-Uninstall-Hygiene	S-Settings-Persistence;C0-state-serializer	SOURCE_AUDIT;RW16_TARGET_AUDIT;CONTRACT_RUNTIME;SCENARIO_RUNTIME;SAVE_LOAD;LOG_CLEAN;PLAYER_FLOW	save_load	resolved	TEST_COVERAGE.md M uninstall evidence;TEST_SCENARIOS.md S-Uninstall-Hygiene;current save XML scan 2026-05-31;no-Zombieland load proof 2026-06-01	No known active uninstall hygiene gap remains in the local configuration; rerun only if ZombieRemover/save-copy hygiene, ZL_Uninstall_Hygiene_no_zl.rws, or RimWorld save-load semantics change.	Owns remover/save-copy hygiene; settings UI owns the menu entry, contamination/state serializers own normal active-mod persistence.	Runtime setup created ZL_Uninstall_Hygiene_source.rws and removal wrote ZL_Uninstall_Hygiene_no_zl.rws; XML scan found Zombieland refs in source and 0 in output. A 2026-06-01 no-Zombieland session with Harmony/Core/RimBridgeServer loaded the output save visual-ready, advanced 30 ticks, and produced no warning-or-higher logs.
K.OPTIONAL.INTEGRATIONS	integration	optional_integrations	Optional mods detect safely and patch only when active: Combat Extended, AlienRace, Vehicles, Dubs, SoS2, RimConnect, CameraPlus/custom body/skin systems; Simple Sidearms is metadata-only load order.	Source/CETools.cs;Source/AlienTools.cs;Source/VehicleTools.cs;Source/DubsTools.cs;Source/SoSTools.cs;Source/Customization.cs;Source/RimConnectSupport.cs;Source/CameraPlusSupport.cs;Source/BridgeTools/ZombielandBridgeTools.RimConnect.cs;Source/BridgeTools/ZombielandBridgeTools.SoS2.cs	About/About.xml loadAfter/loadBefore optional mod ids	CETools.Init dynamic patches;AlienTools.Init;VehicleTools.Init;Customization.Init;DubsTools.Init;SoSTools patches;RimConnectSupport hooks;CameraPlusSupport hooks	zombieland/startup_support_state optionalIntegrations;zombieland/rimconnect_* if active;zombieland/sos2_ship_hologram_state	external type-name/string reflection targets;Dubs current Analyzer.Profiling.H_ThingOverlaysOnGUI target family;Camera+ CameraDelegates/DotTools marker surface;Verse.Map.MapUpdate;current SoS2 SaveOurShip2.ShipInteriorMod2.GenerateShip and SaveOurShip2.GenerateSpaceSubMesh.Prefix;legacy RimWorld.ShipCombatManager absent in Core-only assembly;CombatExtended.HarmonyCE;CombatExtended.ProjectileCE;CombatExtended.ArmorUtilityCE;CombatExtended.CompAmmoUser;Vehicles.VehiclePawn;Vehicles.VehicleDamager.TryFindDirectFleeDestination	unknown	Compatibility helpers should be no-ops without mods and tested with mods active before claiming compatibility; metadata-only optional load-order entries should be documented without creating runtime obligations.	S-Optional-Mod-Compat	S-Startup-ColdLoad;S-Visual-Lineup	SOURCE_AUDIT;RW16_TARGET_AUDIT;OPTIONAL_MOD_COMPAT;CONTRACT_RUNTIME;SCENARIO_RUNTIME;LOG_CLEAN;BRIDGE_TOOL_REVIEW	contract_runtime	resolved_runtime	TEST_COVERAGE.md L evidence;TEST_SCENARIOS.md S-External-Mod-Audit;startup_support_state optionalIntegrations;Dubs active runtime smoke 2026-06-01;Camera+ active runtime smoke 2026-06-01;CE clean fixture runtime 2026-06-01;EV.RUNTIME.HAR.ACTIVE_FRAMEWORK;EV.RUNTIME.HAR.HUMAN_EATING_SEMANTICS;EV.RUNTIME.HAR.NON_FLESH_ALIEN_EATING_SEMANTICS;EV.RUNTIME.CUSTOM_SUPPORT.ACTIVE_REGISTRATION;EV.RUNTIME.VEHICLES.ACTIVE_FRAMEWORK;EV.STATIC.SOS2.CURRENT_TARGETS;EV.RUNTIME.SOS2.SPACE_FLOATERS;EV.RUNTIME.RIMCONNECT.ACTIVE_CURRENT;EV.RUNTIME.RIMCONNECT.CONNECTED_STUB;EV.RUNTIME.SOS2.SHIP_HOLOGRAM;EV.RUNTIME.DUBS.ANALYZER_UI;EV.STATIC.SIMPLESIDEARMS.METADATA_ONLY;EV.RUNTIME.STARTUP.CE_STACK_RECHECK	No known active local optional-integration gap remains for the currently installed CE, HAR, Vehicle Framework, Dubs, Camera+, SoS2, RimConnect, local support fixtures, Simple Sidearms metadata-only load-order surface, or inactive optional-mod startup classification. Future optional-mod, DLC, or combined-stack variants should become named scenario rows before adding new runtime obligations.	Owns detection/reflection boundaries only; behavior rows own base mod behavior. Do not claim full optional compatibility until unavailable dependencies get runtime evidence when installed; do not create runtime obligations for metadata-only optional load-order rows.	2026-06-01 CE runtime used Harmony/Core/CE/Zombieland/RimBridgeServer, resolved all four CE patch groups, passed tanky/electrifier damage smokes, ce-compat proved SurgicalCut ArmorReroute skip, human-vs-spitter CE projectile noise, current ProjectileCE_Bursting override noise, spitter after-armor reduction, and turret ammo reduction, and ZL_CE_EMPTY_00 reloaded/ran ce-compat with warning-or-higher logs empty. Active Dubs runtime used Harmony/Core/Dubs/Zombieland/RimBridgeServer and proved targetFamily=current_overlay_entry with clean logs. Active Camera+ runtime used Harmony/Core/Camera+/Zombieland/RimBridgeServer, resolved CameraDelegates/Caches/DotTools plus Zombieland support methods/textures, and captured a furthest-zoom zombie marker smoke screenshot. Active HAR framework runtime used Harmony/Core/HAR/CE/Zombieland/RimBridgeServer, resolved AlienRace.ThingDef_AlienRace, alienRace, compatibility, and CompatibilityInfo.IsFleshPawn, loaded ZL_CE_EMPTY_00 visual-ready, and had empty warning-or-higher logs. HAR HumansAreAliensToo patches Human to ThingDef_AlienRace, and the existing downed-pawn eating contract proved a HAR-active Human target still returned targetAlienFlesh=true and was eaten on the expected tick. A local ZLTestSupport fixture loaded before Zombieland, registered one CanBecomeZombie and one AttractsZombies delegate, loaded ZL_CE_EMPTY_00, and passed custom false/null/true return-value cases through the reusable position side-effects contract with clean logs. A local ZLTestAlienRace fixture loaded before Zombieland and extended the existing eating contracts: corpse and downed ZLTestNonFleshAlienKind targets reported targetFlesh=true, targetHumanlike=true, targetAlienFlesh=false, tickHit=-1, missingDelta=0, and finalEatTarget=null with warning-or-higher logs empty. Active VF runtime used Harmony/Core/HAR/CE/VF/ZLTestVehicle/ZLTestSupport/ZLTestAlienRace/Zombieland/RimBridgeServer, fixed the Zombieland WorkGiver_Scanner open-generic patch target failure, resolved Vehicles.VehiclePawn, VehicleStatDefOf, VehiclePawn.GetStatValue, VehicleDamager.TryFindDirectFleeDestination and one Zombieland vehicle patch target, loaded ZL_CE_EMPTY_00 visual-ready, and proved concrete ZLTestScoutVehicle BumpTimestamps movement through the existing position side-effects contract with moveSpeed=10, changedCount=709, timestampAfter=320039000, and clean logs. Current SoS2 Bqr1s checkout commit 7c9e1ec3 is installed locally and decompiled: Zombieland now targets SaveOurShip2.ShipInteriorMod2.GenerateShip and SaveOurShip2.GenerateSpaceSubMesh.Prefix with legacy fallbacks. Active SoS2 runtime uses local ZLTestSoS2Content plus copied CE SOS2Compat.dll to load the current checkout, creates a real WorldObjectOrbitingShip EmptySpaceMap, proves OuterSpaceBiome with 100/10 floaters ready after stepped ticks, captures the space-floater screenshot, and runs the reflected SoS2 ship/hologram fixture from ZL_SOS2_SPACE_00: ShipInteriorMod2.GenerateShip converted 3 hostile ship pawns, generated 15 event zombies, kept 5 hostile ship pawns/lord pawns, and a SoSHologram pawn stayed non-attracting and unconverted. Warning-or-higher logs after the fixture contained only the known external English translation warning. Active RimConnect runtime used local Better-Scenes/RimConnect-mod commit 6b9c0a0 built into Mods/RimConnect; startup support resolved ActionList.GenerateActionList, Action.Execute, AlertManager.BadEventNotification, and CommandOptionSettings.DoWindowContents, installed two Zombieland patch targets, loaded ZL_CE_EMPTY_00, passed special queue/rage-kill/super-drop contracts, and captured the settings dialog. A connected follow-up temporarily rebuilt the external RimConnect DLL with DEBUG localhost BASE_URL and used scripts/rimconnect-local-backend.py; the backend recorded 643 valid commands, RimConnect showed Connected, the Items button opened CommandOptionSettings, the command-option layout rendered category tabs/header/scroll rows/numeric fields, and warning-or-higher logs stayed empty. The release external DLL and normal ModsConfig were restored afterward. Simple Sidearms has no Zombieland-specific source/reflection/Harmony surface beyond About loadAfter metadata; current local Mods and ModsConfig contain no Simple Sidearms install or active entry. The startup-support contract now separates external optional dependency members from internal Zombieland support methods, so inactive Camera+ reports runtimeState=absent with success=true while active Camera+ still requires both external Camera+ APIs and internal marker methods.
J.BRIDGE.TOOLS	bridge_contract	bridge_tools	RimBridge/Zombieland tools create controlled fixtures, narrow contracts and scenario builders for repeatable port verification.	Source/BridgeTools/ZombielandBridgeTools.*.cs;Source/BridgeTools/ZombielandBridgeTools.SpecialGauntlet.cs;Source/BridgeTools/ZombielandBridgeTools.UninstallHygiene.cs;Source/ZombieRuntimeActions.cs	not_applicable	not_applicable	all zombieland/* bridge tools;rimworld/* generic tools;scripts/coverage-inventory.sh --bridge-tools;scripts/coverage-inventory.sh --bridge-summary;scripts/coverage-inventory.sh --bridge-pressure;scripts/coverage-inventory.sh --bridge-next	RimBridgeServer.Annotations;ToolAttribute;ToolParameter	not_applicable	Classify tools as generic primitives, narrow contracts, scenario builders or diagnostics and avoid endless bespoke helpers.	S-Bridge-Tool-Review	all scenario rows	SOURCE_AUDIT;BRIDGE_TOOL_REVIEW;CONTRACT_RUNTIME;SCENARIO_RUNTIME;LOG_CLEAN	partial	partial	local 2026-05-31 source inventory;source bridge-tool attribute scan;TEST_COVERAGE.md method guidance lines 7-25;scripts/coverage-inventory.sh --bridge-tools 2026-06-01;scripts/coverage-inventory.sh --bridge-summary 2026-06-01;scripts/coverage-inventory.sh --bridge-pressure 2026-06-01;scripts/coverage-inventory.sh --bridge-next 2026-06-01	Consolidation remains a standing maintenance rule: use the bridge summary first, then the full bridge inventory to prefer generic primitives or scenario fixtures before adding bespoke contracts, and retire narrow evidence tools only when their evidence is preserved elsewhere. Use bridge-next before choosing runtime work from bridge-pressure.	Bridge rows own evidence production only; feature/scenario rows own behavior.	Current bridge inventory finds 188 Tool attributes across 22 Tool-bearing BridgeTools files: 24 generic primitives, 10 scenario fixtures, 147 narrow contracts, 4 retained evidence helpers, and 3 optional-integration tools. bridge-summary reports retained candidate_retire evidence-helper tools `zombieland/anomaly_zombie_matrix`, `zombieland/anomaly_story_smoke`, `zombieland/awareness_cues_translation_state`, and `zombieland/zombie_lightweight_perf_state` and identifies the largest narrow semantic families as Contamination 44, SpecialZombies 28, CorpsesAndAvoidance 13, Environment 12, and Incidents 8. bridge-next reports no local-action family: Contamination and Environment are resolved-additive after the active-DLC C3/C4 closures, SemanticWait is governance-only, and remaining families are resolved-additive. The mixed physical FogAndIncidents file is split by tool intent into Fog, SpecialZombies, Hostility, Incidents, and Core. complete_frame_by_id is a generic contamination primitive; setup_thumper_visual_wave_observation was retired after its evidence was preserved elsewhere. The Biotech product handoff verifier is kept as one clustered contract because it covers a named DLC product-row group rather than a one-off hunch, anomaly_policy_edges is kept as a temporary narrow contract for the Nociosphere/FleshmassHeart edge rows with bounded static/5-tick/30-tick coverage, and anomaly_engagement_matrix is kept as a temporary narrow contract for full Anomaly pheromone/tracking engagement rows; anomaly_story_smoke is kept as one broad evidence helper for the named Horaxian moat, Fleshmass field, active Nociosphere field, player ghoul choke, and invisible/stealth Everything smokes.
NEG.1_6.DISCOVERY	negative_space	negative_space	Porting process actively searches for removed, renamed or semantically shifted RimWorld 1.6 hook points not already represented by source patches.	Source/Patches.cs;Source/Patches_Hostility.cs;Source/ContaminationPatches*.cs;TEST_PATCH_AUDIT.md;TEST_COVERAGE.md	not_applicable	PawnGraphicSet_HeadMatAt_Patch;TunnelHiveSpawner_Tick_Patch;JobDriver_AttackStatic_MakeNewToils_b__1_Patch;Building_Door_PawnCanOpen_Patch;Quest pickup subscript replacement	coverage-inventory.sh --dynamic-patches;decompiler member IDs from docs	needs_decompiler_verification;known changed: PawnRenderNode_Head.GraphicFor;GroundSpawner.Tick;Building_Door.FreePassage;QuestNode_CreateDecontaminationPickupTransporter	RW1.4 legacy: PawnGraphicSet.HeadMatAt;TunnelHiveSpawner.Tick;Util_TransportShip_Pickup	Make absence and semantic-diff review first-class, not an afterthought.	S-Source-Patch-Audit	S-Startup-ColdLoad;C6-ui-quest;D.PATHING.DOOR_AVOIDANCE	SOURCE_AUDIT;RW16_TARGET_AUDIT;RW14_RW16_SEMANTIC_DIFF;NEGATIVE_SPACE_1_6;BRIDGE_TOOL_REVIEW	partial	partial	TEST_PATCH_AUDIT;TEST_COVERAGE current source-audit findings;local 2026-05-31 coverage-inventory.sh rerun;debug-tail decompiler pass 2026-06-01;records/clamor/friendly-fire negative-space pass 2026-06-01	Standing governance: rerun negative-space discovery after RimWorld 1.6 updates, DLC/mod activation, or new Harmony/reflection patches; current known semantic shifts are represented by patch, quest, and dependency rows.	Owns discovery of untested hook space; never duplicates a known patch row.	Known 1.6 negative-space findings are represented: PawnGraphicSet.HeadMatAt removed/replaced by PawnRenderNode_Head.GraphicFor, AttackStatic closure renamed and semantically retargeted, Building_Door.FreePassage recursion avoided, TunnelHiveSpawner moved to GroundSpawner coverage, and decontamination pickup transporter replaced the 1.4 subscript. The 2026-06-01 records/clamor/friendly-fire pass found no new obligation: GenClamor kept four DoClamor overloads, RecordsTick renamed to RecordsTickInterval but still funnels through patched RecordsTickUpdate, and friendly-fire helper bodies/signatures remained stable.
SCENARIO.S.STARTUP.COLDLOAD	scenario	startup	Cold-load, assets, PatchAll, main menu settings category and startup services.	A.STARTUP.LOAD;A.DEFS.COLDLOAD;A.HARMONY.INVENTORY	not_applicable	not_applicable	S-Startup-ColdLoad	not_applicable	not_applicable	Own the end-to-end pass named by this scenario and delegate narrow probes to supporting rows.	S-Startup-ColdLoad	not_applicable	CONTRACT_RUNTIME;SCENARIO_RUNTIME;DEF_RESOLUTION;LOG_CLEAN;BRIDGE_TOOL_REVIEW	contract_runtime	resolved	TEST_COVERAGE.md;TEST_SCENARIOS.md	See notes in owning feature rows for remaining gaps.	Scenario row owns end-to-end coverage exactly once; feature/patch rows may cite it as supporting evidence.	Coverage IDs owned: A.STARTUP.LOAD;A.DEFS.COLDLOAD;A.HARMONY.INVENTORY
SCENARIO.S.SETTINGS.PERSISTENCE	scenario	settings	Settings, keyframes, modals, colonist toggles, WorkGiver avoidance and downstream behavior save-load.	B.SETTINGS.WORLD_DEFAULTS;B.SETTINGS.KEYFRAMES;PATCH.WorkGiver_Scanner_HasJobOnCell_Patches	not_applicable	not_applicable	S-Settings-Persistence	not_applicable	not_applicable	Own the end-to-end pass named by this scenario and delegate narrow probes to supporting rows.	S-Settings-Persistence	not_applicable	SCENARIO_RUNTIME;SAVE_LOAD;VISUAL_UI;LOG_CLEAN;PLAYER_FLOW	save_load	resolved_runtime	TEST_COVERAGE.md;TEST_SCENARIOS.md;SettingsDialog source reread 2026-06-01	The settings baseline is covered; future settings work should be a named downstream UI-edit/effect pair, changed settings UI code, or a regression row rather than another broad baseline rerun.	Scenario row owns end-to-end coverage exactly once; feature/patch rows may cite it as supporting evidence.	Coverage IDs owned: B.SETTINGS.WORLD_DEFAULTS;B.SETTINGS.KEYFRAMES;PATCH.WorkGiver_Scanner_HasJobOnCell_Patches
SCENARIO.S.CORE.HORDE.LOOP	scenario	core_zombie	Core zombie lifecycle, tick budget, movement, senses, eating, fire/blood/log/corpse cleanup and save-load.	C.CORE.ZOMBIE_LOOP;D.PATHING.DOOR_AVOIDANCE	not_applicable	not_applicable	S-Core-Horde-Loop	not_applicable	not_applicable	Own the end-to-end pass named by this scenario and delegate narrow probes to supporting rows.	S-Core-Horde-Loop	S-Dense-Performance	SCENARIO_RUNTIME;SAVE_LOAD;PERFORMANCE_SMOKE;LOG_CLEAN	save_load	resolved_runtime	TEST_COVERAGE.md;TEST_SCENARIOS.md	No known C baseline gap remains in the core active-mod configuration.	Scenario row owns end-to-end coverage exactly once; feature/patch rows may cite it as supporting evidence.	Mixed horde save ZL_Core_HordeLoop_over_time_00.rws covered normal-speed movement, special jobs, save-load, grid repopulation, focused eating branches, direct zombie-hearer clamor suppression, direct tanky wall destruction through AttackStatic, screenshots, and clean logs.
SCENARIO.S.DENSE.PERFORMANCE	scenario	core_zombie	Bounded dense horde performance smoke proves zombie ticking remains stable under an 80-zombie normal-speed fixture and cleans up after returning to EMPTY.	C.CORE.ZOMBIE_LOOP	not_applicable	not_applicable	S-Dense-Performance	not_applicable	not_applicable	Own the end-to-end pass named by this scenario and delegate narrow probes to supporting rows.	S-Dense-Performance	S-Core-Horde-Loop	PERFORMANCE_SMOKE;SCENARIO_RUNTIME;SAVE_LOAD;LOG_CLEAN	save_load	resolved_runtime	TEST_COVERAGE.md;TEST_SCENARIOS.md	Broaden only for named performance-regression or equipment-heavy dense variants.	Scenario row owns the dense baseline exactly once; feature rows cite it as supporting evidence.	80-zombie fixture saves ZL_Dense_Performance_base.rws and ZL_Dense_Performance_after_normal_00.rws; normal-speed evidence kept 80 live/cached zombies, manager percentTicking=1, clean logs, and EMPTY reload cleanup.
SCENARIO.S.SPECIAL.GAUNTLET	scenario	core_zombie	One of each special zombie through active effects, damage/death, visuals, mixed interactions and save-load.	C.SPECIAL.ZOMBIES;F.RENDERING.VISUALS	not_applicable	not_applicable	S-Special-Gauntlet	not_applicable	not_applicable	Own the end-to-end pass named by this scenario and delegate narrow probes to supporting rows.	S-Special-Gauntlet	not_applicable	SCENARIO_RUNTIME;SAVE_LOAD;VISUAL_UI;LOG_CLEAN	save_load	resolved_runtime	TEST_COVERAGE.md;TEST_SCENARIOS.md	No known S-Special-Gauntlet baseline gap remains in the core active-mod configuration; broader natural combat-room interactions are additive named variants.	Scenario row owns end-to-end coverage exactly once; feature/patch rows may cite it as supporting evidence.	Coverage IDs owned: C.SPECIAL.ZOMBIES;F.RENDERING.VISUALS; visual save-load screenshots and special action/death screenshots captured and live-loaded cleanly.
SCENARIO.S.INFECTION.MEDICAL	scenario	save_load	Bite progression, medical treatment, death infection, corpse conversion, serum and filter workflow.	I.INFECTION.MEDICAL	not_applicable	not_applicable	S-Infection-Medical	not_applicable	not_applicable	Own the end-to-end pass named by this scenario and delegate narrow probes to supporting rows.	S-Infection-Medical	not_applicable	SCENARIO_RUNTIME;SAVE_LOAD;VISUAL_UI;LOG_CLEAN;PLAYER_FLOW	save_load	resolved_runtime	TEST_COVERAGE.md;TEST_SCENARIOS.md;ZL_Infection_Medical_00 live read 2026-05-31	No known S-Infection-Medical baseline gap remains in the core active-mod configuration; additive polish belongs in new named rows.	Scenario row owns end-to-end coverage exactly once; feature/patch rows may cite it as supporting evidence.	Coverage IDs owned: I.INFECTION.MEDICAL; saves ZL_Infection_Medical_00.rws and ZL_Infection_Medical_after_workflow_00.rws covered.
SCENARIO.C0.STATE.SERIALIZER	scenario	contamination	Contamination storage, serializer, manager repair and split-state save-load.	G.CONTAMINATION.C0_STATE	not_applicable	not_applicable	C0-state-serializer	not_applicable	not_applicable	Own the end-to-end pass named by this scenario and delegate narrow probes to supporting rows.	C0-state-serializer	not_applicable	CONTRACT_RUNTIME;SCENARIO_RUNTIME;SAVE_LOAD;LOG_CLEAN	save_load	resolved	TEST_COVERAGE.md;TEST_SCENARIOS.md	See notes in owning feature rows for remaining gaps.	Scenario row owns end-to-end coverage exactly once; feature/patch rows may cite it as supporting evidence.	Coverage IDs owned: G.CONTAMINATION.C0_STATE
SCENARIO.C1.STACK.CONTAINER	scenario	contamination	Stack/container/carry/ingestion/frame transfer save-load.	G.CONTAMINATION.C1_STACKS	not_applicable	not_applicable	C1-stack-container	not_applicable	not_applicable	Own the end-to-end pass named by this scenario and delegate narrow probes to supporting rows.	C1-stack-container	not_applicable	CONTRACT_RUNTIME;SCENARIO_RUNTIME;SAVE_LOAD;LOG_CLEAN	save_load	resolved	TEST_COVERAGE.md;TEST_SCENARIOS.md	See notes in owning feature rows for remaining gaps.	Scenario row owns end-to-end coverage exactly once; feature/patch rows may cite it as supporting evidence.	Coverage IDs owned: G.CONTAMINATION.C1_STACKS
SCENARIO.C2.BUILD.REPLACE	scenario	contamination	Construction, replacement, minify/install/reinstall, terrain and smooth walls.	G.CONTAMINATION.C2_BUILD_REPLACE	not_applicable	not_applicable	C2-build-replace	not_applicable	not_applicable	Own the end-to-end pass named by this scenario and delegate narrow probes to supporting rows.	C2-build-replace	not_applicable	CONTRACT_RUNTIME;SCENARIO_RUNTIME;SAVE_LOAD;LOG_CLEAN	save_load	resolved	TEST_COVERAGE.md;TEST_SCENARIOS.md;EV.RUNTIME.C2.TEMP_TERRAIN_FIXTURE	See notes in owning feature rows for future drift checks; no current C2 runtime branch gap is known.	Scenario row owns end-to-end coverage exactly once; feature/patch rows may cite it as supporting evidence.	Coverage IDs owned: G.CONTAMINATION.C2_BUILD_REPLACE. Local ZLTestTemporaryTerrain fixture evidence now covers the former temp-terrain branch without adding a new bridge endpoint.
SCENARIO.C3.WORLD.PRODUCTS	scenario	contamination	World-product contamination across filth, leavings, plants, mining, rewards/trade and roof collapse.	G.CONTAMINATION.C3_WORLD_PRODUCTS	not_applicable	not_applicable	C3-world-products	not_applicable	not_applicable	Own the end-to-end pass named by this scenario and delegate narrow probes to supporting rows.	C3-world-products	not_applicable	CONTRACT_RUNTIME;SCENARIO_RUNTIME;SAVE_LOAD;LOG_CLEAN	save_load	resolved	TEST_COVERAGE.md;TEST_SCENARIOS.md	See notes in owning feature rows for remaining gaps.	Scenario row owns end-to-end coverage exactly once; feature/patch rows may cite it as supporting evidence.	Coverage IDs owned: G.CONTAMINATION.C3_WORLD_PRODUCTS
SCENARIO.C4.CLEANING.ENVIRONMENT	scenario	contamination	Cleaning/environment transfers for cell entry, fire, snow, sand, filth and pollution if available.	G.CONTAMINATION.C4_ENVIRONMENT	not_applicable	not_applicable	C4-cleaning-environment	not_applicable	not_applicable	Own the end-to-end pass named by this scenario and delegate narrow probes to supporting rows.	C4-cleaning-environment	not_applicable	CONTRACT_RUNTIME;SCENARIO_RUNTIME;SAVE_LOAD;LOG_CLEAN	save_load	resolved_runtime	TEST_COVERAGE.md;TEST_SCENARIOS.md;EV.RUNTIME.C4.POLLUTION_FIXTURE_HARD_GATE;EV.RUNTIME.C4.BIOTECH_POLLUTION;EV.RUNTIME.C4.ODYSSEY_SAND	No open C4 cleaning/environment branch remains for the current official-DLC loadout.	Scenario row owns end-to-end coverage exactly once; feature/patch rows may cite it as supporting evidence.	Coverage IDs owned: G.CONTAMINATION.C4_ENVIRONMENT. The pre-DLC pollution fixture refined the blocker from missing defs to the BiotechActive pollution-grid gate; the final DLC stretch closed the pollution branch with active Biotech. The pre-DLC sand skip refined the blocker to Odyssey-gated SandGrid depth storage; the active Odyssey pass closed the sand branch with the reusable clear-snow contract rather than a broad C4 rerun.
SCENARIO.C5.PLAYER.EFFECTS	scenario	contamination	Combined rest/melee/tending and hallucination/mimic/sleepwalk/breakdown/hoard save-load.	G.CONTAMINATION.C5_PLAYER_EFFECTS;D.PATHING.DOOR_AVOIDANCE	not_applicable	not_applicable	C5-player-effects	not_applicable	not_applicable	Own the end-to-end pass named by this scenario and delegate narrow probes to supporting rows.	C5-player-effects	not_applicable	CONTRACT_RUNTIME;SCENARIO_RUNTIME;SAVE_LOAD;LOG_CLEAN;PLAYER_FLOW	save_load	resolved	TEST_COVERAGE.md;TEST_SCENARIOS.md	See notes in owning feature rows for remaining gaps.	Scenario row owns end-to-end coverage exactly once; feature/patch rows may cite it as supporting evidence.	Coverage IDs owned: G.CONTAMINATION.C5_PLAYER_EFFECTS;D.PATHING.DOOR_AVOIDANCE
SCENARIO.C6.UI.QUEST	scenario	contamination	Contamination UI visibility and decontamination quest generation, accept/send/return/branch persistence.	G.CONTAMINATION.C6_UI_QUEST	not_applicable	not_applicable	C6-ui-quest	not_applicable	not_applicable	Own the end-to-end pass named by this scenario and delegate narrow probes to supporting rows.	C6-ui-quest	not_applicable	CONTRACT_RUNTIME;SCENARIO_RUNTIME;SAVE_LOAD;VISUAL_UI;LOG_CLEAN;PLAYER_FLOW	save_load	resolved	TEST_COVERAGE.md;TEST_SCENARIOS.md	See notes in owning feature rows for remaining gaps.	Scenario row owns end-to-end coverage exactly once; feature/patch rows may cite it as supporting evidence.	Coverage IDs owned: G.CONTAMINATION.C6_UI_QUEST
SCENARIO.S.DEFENSE.ROOM	scenario	pathing	Shocker, thumper, chainsaw, doors, walls, zombie pressure, placement and gizmos in a room.	J.BUILDINGS.ITEMS;D.PATHING.DOOR_AVOIDANCE;E.HOSTILITY.TARGETING	not_applicable	not_applicable	S-Defense-Room	not_applicable	not_applicable	Own the end-to-end pass named by this scenario and delegate narrow probes to supporting rows.	S-Defense-Room	not_applicable	SCENARIO_RUNTIME;SAVE_LOAD;VISUAL_UI;LOG_CLEAN;PLAYER_FLOW	save_load	resolved_runtime	TEST_COVERAGE.md;TEST_SCENARIOS.md	No known S-Defense-Room gap remains in the core active-mod configuration.	Scenario row owns end-to-end coverage exactly once; feature/patch rows may cite it as supporting evidence.	Coverage IDs owned: J.BUILDINGS.ITEMS;D.PATHING.DOOR_AVOIDANCE;E.HOSTILITY.TARGETING; visual/audio screenshots zl_defense_shocker_zap_visual_audio and zl_defense_thumper_visual_wave_contract captured.
SCENARIO.S.INCIDENT.THREAT	scenario	quests	Incident scheduling, wave letters, spawn modes, threat forecast, fog triggers and faction raid routing.	H.QUESTS.INCIDENTS	not_applicable	not_applicable	S-Incident-Threat	not_applicable	not_applicable	Own the end-to-end pass named by this scenario and delegate narrow probes to supporting rows.	S-Incident-Threat	not_applicable	SCENARIO_RUNTIME;SAVE_LOAD;VISUAL_UI;LOG_CLEAN;PLAYER_FLOW	resolved_runtime	resolved	TEST_COVERAGE.md;TEST_SCENARIOS.md	See notes in owning feature rows for remaining gaps.	Scenario row owns end-to-end coverage exactly once; feature/patch rows may cite it as supporting evidence.	Coverage IDs owned: H.QUESTS.INCIDENTS
SCENARIO.S.HOSTILITY.AREA	scenario	hostility	Area risk UI, avoidance behavior, targeting, hostile/flee/smart melee, downed/ranged/projectile hooks.	E.HOSTILITY.TARGETING;D.PATHING.DOOR_AVOIDANCE;F.RENDERING.VISUALS	not_applicable	not_applicable	S-Hostility-Area-Workflow	not_applicable	not_applicable	Own the end-to-end pass named by this scenario and delegate narrow probes to supporting rows.	S-Hostility-Area-Workflow	not_applicable	SCENARIO_RUNTIME;SAVE_LOAD;VISUAL_UI;LOG_CLEAN;PLAYER_FLOW	resolved_runtime	resolved	TEST_COVERAGE.md;TEST_SCENARIOS.md	See notes in owning feature rows for remaining gaps.	Scenario row owns end-to-end coverage exactly once; feature/patch rows may cite it as supporting evidence.	Coverage IDs owned: E.HOSTILITY.TARGETING;D.PATHING.DOOR_AVOIDANCE;F.RENDERING.VISUALS
SCENARIO.S.OPTIONAL.COMPAT	scenario	optional_integrations	Active optional mod matrix for CE, AlienRace, Vehicles, Dubs, SoS2, RimConnect and custom skin/body systems, plus metadata-only optional load-order entries.	K.OPTIONAL.INTEGRATIONS	not_applicable	not_applicable	S-Optional-Mod-Compat	not_applicable	not_applicable	Own the end-to-end pass named by this scenario and delegate narrow probes to supporting rows.	S-Optional-Mod-Compat	not_applicable	OPTIONAL_MOD_COMPAT;CONTRACT_RUNTIME;SCENARIO_RUNTIME;LOG_CLEAN	contract_runtime	resolved_runtime	TEST_COVERAGE.md;TEST_SCENARIOS.md;startup_support_state optionalIntegrations;active CE clean fixture runtime 2026-06-01;EV.RUNTIME.HAR.ACTIVE_FRAMEWORK;EV.RUNTIME.HAR.HUMAN_EATING_SEMANTICS;EV.RUNTIME.HAR.NON_FLESH_ALIEN_EATING_SEMANTICS;EV.RUNTIME.CUSTOM_SUPPORT.ACTIVE_REGISTRATION;EV.RUNTIME.VEHICLES.ACTIVE_FRAMEWORK;EV.STATIC.SOS2.CURRENT_TARGETS;EV.RUNTIME.SOS2.SPACE_FLOATERS;EV.RUNTIME.RIMCONNECT.ACTIVE_CURRENT;EV.RUNTIME.RIMCONNECT.CONNECTED_STUB;EV.RUNTIME.SOS2.SHIP_HOLOGRAM;EV.RUNTIME.DUBS.ANALYZER_UI;EV.STATIC.SIMPLESIDEARMS.METADATA_ONLY;EV.RUNTIME.STARTUP.CE_STACK_RECHECK	Current local optional-mod scenario matrix is resolved for the installed named surfaces: CE, HAR, Vehicle Framework, Dubs, Camera+, SoS2, RimConnect, local custom support fixtures, and Simple Sidearms metadata-only load-order compatibility. New optional-mod combinations should be added only when they become named compatibility requirements.	Scenario row owns end-to-end coverage exactly once; feature/patch rows may cite it as supporting evidence.	Coverage IDs owned: K.OPTIONAL.INTEGRATIONS. Installed CE, Dubs, Camera+, HAR framework, HAR-patched Human eating semantics, custom non-flesh HAR alien eating rejection, generic ZombielandSupport behavior, Vehicle Framework concrete movement, SoS2 target/source plus active runtime fixtures, and RimConnect connected behavior/settings UI are covered for the current local builds; Simple Sidearms has no Zombieland-specific source surface beyond About loadAfter metadata. Future optional-mod combinations are new scenario work, not an open current-local tail.
SCENARIO.S.UNINSTALL.HYGIENE	scenario	save_load	Save-copy uninstall hygiene for a dirty Zombieland save.	M.UNINSTALL.HYGIENE	not_applicable	not_applicable	S-Uninstall-Hygiene	not_applicable	not_applicable	Own the end-to-end pass named by this scenario and delegate narrow probes to supporting rows.	S-Uninstall-Hygiene	not_applicable	SOURCE_AUDIT;RW16_TARGET_AUDIT;SCENARIO_RUNTIME;SAVE_LOAD;LOG_CLEAN;PLAYER_FLOW	save_load	resolved	TEST_COVERAGE.md;TEST_SCENARIOS.md;current save XML scan 2026-05-31;no-Zombieland load proof 2026-06-01	No known active scenario gap remains; rerun only after remover/save-copy changes or if the fixture is regenerated.	Scenario row owns end-to-end uninstall hygiene coverage exactly once; source rows may cite it as supporting evidence.	Coverage IDs owned: M.UNINSTALL.HYGIENE. The scenario now includes dirty fixture generation, copy-save scrub, XML scan, source preservation, and true no-Zombieland load/tick/log proof.
DEF.Zombie_BodyParts	def	defs_assets	Def-family BodyParts must resolve and feed its owner scenario without missing references.	Defs/Zombie_BodyParts.xml	Defs/Zombie_BodyParts.xml	not_applicable	see owning scenario rows	DefDatabase;XML def inheritance;startup_support_state defResolution	not_applicable	Resolve and exercise this XML def family in its owning behavior.	S-Startup-ColdLoad	owner scenario varies by def family	SOURCE_AUDIT;DEF_RESOLUTION;LOG_CLEAN	contract_runtime	resolved	zombieland/startup_support_state defResolution;TEST_COVERAGE.md startup-support evidence	Periodic rerun after changing XML defs, graphics, sounds, asset bundles, or package refs.	Owns XML family resolution only; runtime behavior belongs to feature/scenario rows.	2026-05-31 startup_support_state defResolution loaded 154 active Zombieland-owned defs across 23 DefDatabase types with zero class/config/database errors; initialized 40 ThingDef graphics, 2 PawnKindDef body graphics, and 38 SoundDefs with zero errors. Runtime behavior remains owned by feature/scenario rows.
DEF.Zombie_Damages	def	core_zombie	Def-family Damages must resolve and feed its owner scenario without missing references.	Defs/Zombie_Damages.xml	Defs/Zombie_Damages.xml	not_applicable	see owning scenario rows	DefDatabase;XML def inheritance;startup_support_state defResolution	not_applicable	Resolve and exercise this XML def family in its owning behavior.	S-Startup-ColdLoad	owner scenario varies by def family	SOURCE_AUDIT;DEF_RESOLUTION;CONTRACT_RUNTIME;SCENARIO_RUNTIME;LOG_CLEAN	contract_runtime	resolved	zombieland/startup_support_state defResolution;TEST_COVERAGE.md startup-support evidence	Periodic rerun after changing XML defs, graphics, sounds, asset bundles, or package refs.	Owns XML family resolution only; runtime behavior belongs to feature/scenario rows.	2026-05-31 startup_support_state defResolution loaded 154 active Zombieland-owned defs across 23 DefDatabase types with zero class/config/database errors; initialized 40 ThingDef graphics, 2 PawnKindDef body graphics, and 38 SoundDefs with zero errors. Runtime behavior remains owned by feature/scenario rows.
DEF.Zombie_Effecter	def	defs_assets	Def-family Effecter must resolve and feed its owner scenario without missing references.	Defs/Zombie_Effecter.xml	Defs/Zombie_Effecter.xml	not_applicable	see owning scenario rows	DefDatabase;XML def inheritance;startup_support_state defResolution	not_applicable	Resolve and exercise this XML def family in its owning behavior.	S-Startup-ColdLoad	owner scenario varies by def family	SOURCE_AUDIT;DEF_RESOLUTION;VISUAL_UI;CONTRACT_RUNTIME;LOG_CLEAN	contract_runtime	resolved	zombieland/startup_support_state defResolution;TEST_COVERAGE.md startup-support evidence	Periodic rerun after changing XML defs, graphics, sounds, asset bundles, or package refs.	Owns XML family resolution only; runtime behavior belongs to feature/scenario rows.	2026-05-31 startup_support_state defResolution loaded 154 active Zombieland-owned defs across 23 DefDatabase types with zero class/config/database errors; initialized 40 ThingDef graphics, 2 PawnKindDef body graphics, and 38 SoundDefs with zero errors. Runtime behavior remains owned by feature/scenario rows.
DEF.Zombie_Faction	def	quests	Def-family Faction must resolve and feed its owner scenario without missing references.	Defs/Zombie_Faction.xml	Defs/Zombie_Faction.xml	not_applicable	see owning scenario rows	DefDatabase;XML def inheritance;startup_support_state defResolution	not_applicable	Resolve and exercise this XML def family in its owning behavior.	S-Startup-ColdLoad	owner scenario varies by def family	SOURCE_AUDIT;DEF_RESOLUTION;SCENARIO_RUNTIME;LOG_CLEAN	contract_runtime	resolved	zombieland/startup_support_state defResolution;TEST_COVERAGE.md startup-support evidence	Periodic rerun after changing XML defs, graphics, sounds, asset bundles, or package refs.	Owns XML family resolution only; runtime behavior belongs to feature/scenario rows.	2026-05-31 startup_support_state defResolution loaded 154 active Zombieland-owned defs across 23 DefDatabase types with zero class/config/database errors; initialized 40 ThingDef graphics, 2 PawnKindDef body graphics, and 38 SoundDefs with zero errors. Runtime behavior remains owned by feature/scenario rows.
DEF.Zombie_Hediffs	def	contamination	Def-family Hediffs must resolve and feed its owner scenario without missing references.	Defs/Zombie_Hediffs.xml	Defs/Zombie_Hediffs.xml	not_applicable	see owning scenario rows	DefDatabase;XML def inheritance;startup_support_state defResolution	not_applicable	Resolve and exercise this XML def family in its owning behavior.	S-Startup-ColdLoad	owner scenario varies by def family	SOURCE_AUDIT;DEF_RESOLUTION;SCENARIO_RUNTIME;SAVE_LOAD;LOG_CLEAN	contract_runtime	resolved	zombieland/startup_support_state defResolution;TEST_COVERAGE.md startup-support evidence	Periodic rerun after changing XML defs, graphics, sounds, asset bundles, or package refs.	Owns XML family resolution only; runtime behavior belongs to feature/scenario rows.	2026-05-31 startup_support_state defResolution loaded 154 active Zombieland-owned defs across 23 DefDatabase types with zero class/config/database errors; initialized 40 ThingDef graphics, 2 PawnKindDef body graphics, and 38 SoundDefs with zero errors. Runtime behavior remains owned by feature/scenario rows.
DEF.Zombie_Jobs	def	core_zombie	Def-family Jobs must resolve and feed its owner scenario without missing references.	Defs/Zombie_Jobs.xml	Defs/Zombie_Jobs.xml	not_applicable	see owning scenario rows	DefDatabase;XML def inheritance;startup_support_state defResolution	not_applicable	Resolve and exercise this XML def family in its owning behavior.	S-Startup-ColdLoad	owner scenario varies by def family	SOURCE_AUDIT;DEF_RESOLUTION;SCENARIO_RUNTIME;SAVE_LOAD;LOG_CLEAN	contract_runtime	resolved	zombieland/startup_support_state defResolution;TEST_COVERAGE.md startup-support evidence	Periodic rerun after changing XML defs, graphics, sounds, asset bundles, or package refs.	Owns XML family resolution only; runtime behavior belongs to feature/scenario rows.	2026-05-31 startup_support_state defResolution loaded 154 active Zombieland-owned defs across 23 DefDatabase types with zero class/config/database errors; initialized 40 ThingDef graphics, 2 PawnKindDef body graphics, and 38 SoundDefs with zero errors. Runtime behavior remains owned by feature/scenario rows.
DEF.Zombie_Kinds	def	core_zombie	Def-family Kinds must resolve and feed its owner scenario without missing references.	Defs/Zombie_Kinds.xml	Defs/Zombie_Kinds.xml	not_applicable	see owning scenario rows	DefDatabase;XML def inheritance;startup_support_state defResolution	not_applicable	Resolve and exercise this XML def family in its owning behavior.	S-Startup-ColdLoad	owner scenario varies by def family	SOURCE_AUDIT;DEF_RESOLUTION;CONTRACT_RUNTIME;SCENARIO_RUNTIME;LOG_CLEAN	contract_runtime	resolved	zombieland/startup_support_state defResolution;TEST_COVERAGE.md startup-support evidence	Periodic rerun after changing XML defs, graphics, sounds, asset bundles, or package refs.	Owns XML family resolution only; runtime behavior belongs to feature/scenario rows.	2026-05-31 startup_support_state defResolution loaded 154 active Zombieland-owned defs across 23 DefDatabase types with zero class/config/database errors; initialized 40 ThingDef graphics, 2 PawnKindDef body graphics, and 38 SoundDefs with zero errors. Runtime behavior remains owned by feature/scenario rows.
DEF.Zombie_Letter	def	quests	Def-family Letter must resolve and feed its owner scenario without missing references.	Defs/Zombie_Letter.xml	Defs/Zombie_Letter.xml	not_applicable	see owning scenario rows	DefDatabase;XML def inheritance;startup_support_state defResolution	not_applicable	Resolve and exercise this XML def family in its owning behavior.	S-Startup-ColdLoad	owner scenario varies by def family	SOURCE_AUDIT;DEF_RESOLUTION;SCENARIO_RUNTIME;LOG_CLEAN	contract_runtime	resolved	zombieland/startup_support_state defResolution;TEST_COVERAGE.md startup-support evidence	Periodic rerun after changing XML defs, graphics, sounds, asset bundles, or package refs.	Owns XML family resolution only; runtime behavior belongs to feature/scenario rows.	2026-05-31 startup_support_state defResolution loaded 154 active Zombieland-owned defs across 23 DefDatabase types with zero class/config/database errors; initialized 40 ThingDef graphics, 2 PawnKindDef body graphics, and 38 SoundDefs with zero errors. Runtime behavior remains owned by feature/scenario rows.
DEF.Zombie_LifeStages	def	defs_assets	Def-family LifeStages must resolve and feed its owner scenario without missing references.	Defs/Zombie_LifeStages.xml	Defs/Zombie_LifeStages.xml	not_applicable	see owning scenario rows	DefDatabase;XML def inheritance;startup_support_state defResolution	not_applicable	Resolve and exercise this XML def family in its owning behavior.	S-Startup-ColdLoad	owner scenario varies by def family	SOURCE_AUDIT;DEF_RESOLUTION;LOG_CLEAN	contract_runtime	resolved	zombieland/startup_support_state defResolution;TEST_COVERAGE.md startup-support evidence	Periodic rerun after changing XML defs, graphics, sounds, asset bundles, or package refs.	Owns XML family resolution only; runtime behavior belongs to feature/scenario rows.	2026-05-31 startup_support_state defResolution loaded 154 active Zombieland-owned defs across 23 DefDatabase types with zero class/config/database errors; initialized 40 ThingDef graphics, 2 PawnKindDef body graphics, and 38 SoundDefs with zero errors. Runtime behavior remains owned by feature/scenario rows.
DEF.Zombie_Maneuvers	def	defs_assets	Def-family Maneuvers must resolve and feed its owner scenario without missing references.	Defs/Zombie_Maneuvers.xml	Defs/Zombie_Maneuvers.xml	not_applicable	see owning scenario rows	DefDatabase;XML def inheritance;startup_support_state defResolution	not_applicable	Resolve and exercise this XML def family in its owning behavior.	S-Startup-ColdLoad	owner scenario varies by def family	SOURCE_AUDIT;DEF_RESOLUTION;LOG_CLEAN	contract_runtime	resolved	zombieland/startup_support_state defResolution;TEST_COVERAGE.md startup-support evidence	Periodic rerun after changing XML defs, graphics, sounds, asset bundles, or package refs.	Owns XML family resolution only; runtime behavior belongs to feature/scenario rows.	2026-05-31 startup_support_state defResolution loaded 154 active Zombieland-owned defs across 23 DefDatabase types with zero class/config/database errors; initialized 40 ThingDef graphics, 2 PawnKindDef body graphics, and 38 SoundDefs with zero errors. Runtime behavior remains owned by feature/scenario rows.
DEF.Zombie_MentalState	def	contamination	Def-family MentalState must resolve and feed its owner scenario without missing references.	Defs/Zombie_MentalState.xml	Defs/Zombie_MentalState.xml	not_applicable	see owning scenario rows	DefDatabase;XML def inheritance;startup_support_state defResolution	not_applicable	Resolve and exercise this XML def family in its owning behavior.	S-Startup-ColdLoad	owner scenario varies by def family	SOURCE_AUDIT;DEF_RESOLUTION;SCENARIO_RUNTIME;SAVE_LOAD;LOG_CLEAN	contract_runtime	resolved	zombieland/startup_support_state defResolution;TEST_COVERAGE.md startup-support evidence	Periodic rerun after changing XML defs, graphics, sounds, asset bundles, or package refs.	Owns XML family resolution only; runtime behavior belongs to feature/scenario rows.	2026-05-31 startup_support_state defResolution loaded 154 active Zombieland-owned defs across 23 DefDatabase types with zero class/config/database errors; initialized 40 ThingDef graphics, 2 PawnKindDef body graphics, and 38 SoundDefs with zero errors. Runtime behavior remains owned by feature/scenario rows.
DEF.Zombie_Needs	def	contamination	Def-family Needs must resolve and feed its owner scenario without missing references.	Defs/Zombie_Needs.xml	Defs/Zombie_Needs.xml	not_applicable	see owning scenario rows	DefDatabase;XML def inheritance;startup_support_state defResolution	not_applicable	Resolve and exercise this XML def family in its owning behavior.	S-Startup-ColdLoad	owner scenario varies by def family	SOURCE_AUDIT;DEF_RESOLUTION;SCENARIO_RUNTIME;SAVE_LOAD;LOG_CLEAN	contract_runtime	resolved	zombieland/startup_support_state defResolution;TEST_COVERAGE.md startup-support evidence	Periodic rerun after changing XML defs, graphics, sounds, asset bundles, or package refs.	Owns XML family resolution only; runtime behavior belongs to feature/scenario rows.	2026-05-31 startup_support_state defResolution loaded 154 active Zombieland-owned defs across 23 DefDatabase types with zero class/config/database errors; initialized 40 ThingDef graphics, 2 PawnKindDef body graphics, and 38 SoundDefs with zero errors. Runtime behavior remains owned by feature/scenario rows.
DEF.Zombie_Quests	def	quests	Def-family Quests must resolve and feed its owner scenario without missing references.	Defs/Zombie_Quests.xml	Defs/Zombie_Quests.xml	not_applicable	see owning scenario rows	DefDatabase;XML def inheritance;startup_support_state defResolution	not_applicable	Resolve and exercise this XML def family in its owning behavior.	S-Startup-ColdLoad	owner scenario varies by def family	SOURCE_AUDIT;DEF_RESOLUTION;SCENARIO_RUNTIME;SAVE_LOAD;VISUAL_UI;LOG_CLEAN	contract_runtime	resolved	zombieland/startup_support_state defResolution;TEST_COVERAGE.md startup-support evidence	Periodic rerun after changing XML defs, graphics, sounds, asset bundles, or package refs.	Owns XML family resolution only; runtime behavior belongs to feature/scenario rows.	2026-05-31 startup_support_state defResolution loaded 154 active Zombieland-owned defs across 23 DefDatabase types with zero class/config/database errors; initialized 40 ThingDef graphics, 2 PawnKindDef body graphics, and 38 SoundDefs with zero errors. Runtime behavior remains owned by feature/scenario rows.
DEF.Zombie_Race	def	core_zombie	Def-family Race must resolve and feed its owner scenario without missing references.	Defs/Zombie_Race.xml	Defs/Zombie_Race.xml	not_applicable	see owning scenario rows	DefDatabase;XML def inheritance;startup_support_state defResolution	not_applicable	Resolve and exercise this XML def family in its owning behavior.	S-Startup-ColdLoad	owner scenario varies by def family	SOURCE_AUDIT;DEF_RESOLUTION;CONTRACT_RUNTIME;SCENARIO_RUNTIME;LOG_CLEAN	contract_runtime	resolved	zombieland/startup_support_state defResolution;TEST_COVERAGE.md startup-support evidence	Periodic rerun after changing XML defs, graphics, sounds, asset bundles, or package refs.	Owns XML family resolution only; runtime behavior belongs to feature/scenario rows.	2026-05-31 startup_support_state defResolution loaded 154 active Zombieland-owned defs across 23 DefDatabase types with zero class/config/database errors; initialized 40 ThingDef graphics, 2 PawnKindDef body graphics, and 38 SoundDefs with zero errors. Runtime behavior remains owned by feature/scenario rows.
DEF.Zombie_Recipes	def	defs_assets	Def-family Recipes must resolve and feed its owner scenario without missing references.	Defs/Zombie_Recipes.xml	Defs/Zombie_Recipes.xml	not_applicable	see owning scenario rows	DefDatabase;XML def inheritance;startup_support_state defResolution	not_applicable	Resolve and exercise this XML def family in its owning behavior.	S-Startup-ColdLoad	owner scenario varies by def family	SOURCE_AUDIT;DEF_RESOLUTION;LOG_CLEAN	contract_runtime	resolved	zombieland/startup_support_state defResolution;TEST_COVERAGE.md startup-support evidence	Periodic rerun after changing XML defs, graphics, sounds, asset bundles, or package refs.	Owns XML family resolution only; runtime behavior belongs to feature/scenario rows.	2026-05-31 startup_support_state defResolution loaded 154 active Zombieland-owned defs across 23 DefDatabase types with zero class/config/database errors; initialized 40 ThingDef graphics, 2 PawnKindDef body graphics, and 38 SoundDefs with zero errors. Runtime behavior remains owned by feature/scenario rows.
DEF.Zombie_Sounds	def	defs_assets	Def-family Sounds must resolve and feed its owner scenario without missing references.	Defs/Zombie_Sounds.xml	Defs/Zombie_Sounds.xml	not_applicable	see owning scenario rows	DefDatabase;XML def inheritance;startup_support_state defResolution	not_applicable	Resolve and exercise this XML def family in its owning behavior.	S-Startup-ColdLoad	owner scenario varies by def family	SOURCE_AUDIT;DEF_RESOLUTION;VISUAL_UI;CONTRACT_RUNTIME;LOG_CLEAN	contract_runtime	resolved	zombieland/startup_support_state defResolution;TEST_COVERAGE.md startup-support evidence	Periodic rerun after changing XML defs, graphics, sounds, asset bundles, or package refs.	Owns XML family resolution only; runtime behavior belongs to feature/scenario rows.	2026-05-31 startup_support_state defResolution loaded 154 active Zombieland-owned defs across 23 DefDatabase types with zero class/config/database errors; initialized 40 ThingDef graphics, 2 PawnKindDef body graphics, and 38 SoundDefs with zero errors. Runtime behavior remains owned by feature/scenario rows.
DEF.Zombie_ThingCategories	def	defs_assets	Def-family ThingCategories must resolve and feed its owner scenario without missing references.	Defs/Zombie_ThingCategories.xml	Defs/Zombie_ThingCategories.xml	not_applicable	see owning scenario rows	DefDatabase;XML def inheritance;startup_support_state defResolution	not_applicable	Resolve and exercise this XML def family in its owning behavior.	S-Startup-ColdLoad	owner scenario varies by def family	SOURCE_AUDIT;DEF_RESOLUTION;LOG_CLEAN	contract_runtime	resolved	zombieland/startup_support_state defResolution;TEST_COVERAGE.md startup-support evidence	Periodic rerun after changing XML defs, graphics, sounds, asset bundles, or package refs.	Owns XML family resolution only; runtime behavior belongs to feature/scenario rows.	2026-05-31 startup_support_state defResolution loaded 154 active Zombieland-owned defs across 23 DefDatabase types with zero class/config/database errors; initialized 40 ThingDef graphics, 2 PawnKindDef body graphics, and 38 SoundDefs with zero errors. Runtime behavior remains owned by feature/scenario rows.
DEF.Zombie_Things	def	defs_assets	Def-family Things must resolve and feed its owner scenario without missing references.	Defs/Zombie_Things.xml	Defs/Zombie_Things.xml	not_applicable	see owning scenario rows	DefDatabase;XML def inheritance;startup_support_state defResolution	not_applicable	Resolve and exercise this XML def family in its owning behavior.	S-Startup-ColdLoad	owner scenario varies by def family	SOURCE_AUDIT;DEF_RESOLUTION;VISUAL_UI;CONTRACT_RUNTIME;LOG_CLEAN	contract_runtime	resolved	zombieland/startup_support_state defResolution;TEST_COVERAGE.md startup-support evidence	Periodic rerun after changing XML defs, graphics, sounds, asset bundles, or package refs.	Owns XML family resolution only; runtime behavior belongs to feature/scenario rows.	2026-05-31 startup_support_state defResolution loaded 154 active Zombieland-owned defs across 23 DefDatabase types with zero class/config/database errors; initialized 40 ThingDef graphics, 2 PawnKindDef body graphics, and 38 SoundDefs with zero errors. Runtime behavior remains owned by feature/scenario rows.
DEF.Zombie_ThinkTree	def	core_zombie	Def-family ThinkTree must resolve and feed its owner scenario without missing references.	Defs/Zombie_ThinkTree.xml	Defs/Zombie_ThinkTree.xml	not_applicable	see owning scenario rows	DefDatabase;XML def inheritance;startup_support_state defResolution	not_applicable	Resolve and exercise this XML def family in its owning behavior.	S-Startup-ColdLoad	owner scenario varies by def family	SOURCE_AUDIT;DEF_RESOLUTION;CONTRACT_RUNTIME;SCENARIO_RUNTIME;LOG_CLEAN	contract_runtime	resolved	zombieland/startup_support_state defResolution;TEST_COVERAGE.md startup-support evidence	Periodic rerun after changing XML defs, graphics, sounds, asset bundles, or package refs.	Owns XML family resolution only; runtime behavior belongs to feature/scenario rows.	2026-05-31 startup_support_state defResolution loaded 154 active Zombieland-owned defs across 23 DefDatabase types with zero class/config/database errors; initialized 40 ThingDef graphics, 2 PawnKindDef body graphics, and 38 SoundDefs with zero errors. Runtime behavior remains owned by feature/scenario rows.
DEF.Zombie_Thoughts	def	defs_assets	Def-family Thoughts must resolve and feed its owner scenario without missing references.	Defs/Zombie_Thoughts.xml	Defs/Zombie_Thoughts.xml	not_applicable	see owning scenario rows	DefDatabase;XML def inheritance;startup_support_state defResolution	not_applicable	Resolve and exercise this XML def family in its owning behavior.	S-Startup-ColdLoad	owner scenario varies by def family	SOURCE_AUDIT;DEF_RESOLUTION;LOG_CLEAN	contract_runtime	resolved	zombieland/startup_support_state defResolution;TEST_COVERAGE.md startup-support evidence	Periodic rerun after changing XML defs, graphics, sounds, asset bundles, or package refs.	Owns XML family resolution only; runtime behavior belongs to feature/scenario rows.	2026-05-31 startup_support_state defResolution loaded 154 active Zombieland-owned defs across 23 DefDatabase types with zero class/config/database errors; initialized 40 ThingDef graphics, 2 PawnKindDef body graphics, and 38 SoundDefs with zero errors. Runtime behavior remains owned by feature/scenario rows.
DEF.Zombie_ToolCapacity	def	defs_assets	Def-family ToolCapacity must resolve and feed its owner scenario without missing references.	Defs/Zombie_ToolCapacity.xml	Defs/Zombie_ToolCapacity.xml	not_applicable	see owning scenario rows	DefDatabase;XML def inheritance;startup_support_state defResolution	not_applicable	Resolve and exercise this XML def family in its owning behavior.	S-Startup-ColdLoad	owner scenario varies by def family	SOURCE_AUDIT;DEF_RESOLUTION;LOG_CLEAN	contract_runtime	resolved	zombieland/startup_support_state defResolution;TEST_COVERAGE.md startup-support evidence	Periodic rerun after changing XML defs, graphics, sounds, asset bundles, or package refs.	Owns XML family resolution only; runtime behavior belongs to feature/scenario rows.	2026-05-31 startup_support_state defResolution loaded 154 active Zombieland-owned defs across 23 DefDatabase types with zero class/config/database errors; initialized 40 ThingDef graphics, 2 PawnKindDef body graphics, and 38 SoundDefs with zero errors. Runtime behavior remains owned by feature/scenario rows.
DEF.Zombie_Workgivers	def	defs_assets	Def-family Workgivers must resolve and feed its owner scenario without missing references.	Defs/Zombie_Workgivers.xml	Defs/Zombie_Workgivers.xml	not_applicable	see owning scenario rows	DefDatabase;XML def inheritance;startup_support_state defResolution	not_applicable	Resolve and exercise this XML def family in its owning behavior.	S-Startup-ColdLoad	owner scenario varies by def family	SOURCE_AUDIT;DEF_RESOLUTION;LOG_CLEAN	contract_runtime	resolved	zombieland/startup_support_state defResolution;TEST_COVERAGE.md startup-support evidence	Periodic rerun after changing XML defs, graphics, sounds, asset bundles, or package refs.	Owns XML family resolution only; runtime behavior belongs to feature/scenario rows.	2026-05-31 startup_support_state defResolution loaded 154 active Zombieland-owned defs across 23 DefDatabase types with zero class/config/database errors; initialized 40 ThingDef graphics, 2 PawnKindDef body graphics, and 38 SoundDefs with zero errors. Runtime behavior remains owned by feature/scenario rows.
BRIDGE.Chainsaw	bridge_contract	bridge_tools	narrow contracts and scenario support mapped to J.BUILDINGS.ITEMS.	Source/BridgeTools/ZombielandBridgeTools.Chainsaw.cs	not_applicable	not_applicable	zombieland/chainsaw_equip_toggle;zombieland/chainsaw_slaughter_zombie	RimBridgeServer.Annotations ToolAttribute	not_applicable	Provide controlled evidence but avoid owning player behavior directly.	J.BUILDINGS.ITEMS	J.BRIDGE.TOOLS	SOURCE_AUDIT;BRIDGE_TOOL_REVIEW;CONTRACT_RUNTIME;SCENARIO_RUNTIME;LOG_CLEAN	source_only	resolved	source bridge-tool attribute scan 2026-05-31;TEST_COVERAGE.md;scripts/coverage-inventory.sh --bridge-summary 2026-06-01	Reviewed classification; retain as evidence production only, and fold future one-off probes into generic primitives or named scenario fixtures when practical.	Bridge rows own evidence production only; feature/scenario rows own behavior.	Reviewed family with 7 tools covering chainsaw, thumper, shocker and crowd-pressure contracts.
BRIDGE.Anomaly	bridge_contract	bridge_tools	evidence helper mapped to E.HOSTILITY.TARGETING and C.CORE.ZOMBIE_LOOP for the official Anomaly creature/zombie matrix.	Source/BridgeTools/ZombielandBridgeTools.Anomaly.cs	not_applicable	not_applicable	zombieland/anomaly_zombie_matrix;zombieland/anomaly_policy_edges;zombieland/anomaly_engagement_matrix;zombieland/anomaly_story_smoke	RimBridgeServer.Annotations ToolAttribute;Anomaly PawnKindDef matrix;GenHostility activity and dormancy surfaces;CompNociosphere;Building_FleshmassHeart;PheromoneGrid tracking	not_applicable	Provide controlled Anomaly creature/state/settings matrix and full live engagement evidence without owning player behavior directly.	E.HOSTILITY.TARGETING;C.CORE.ZOMBIE_LOOP	J.BRIDGE.TOOLS;S-Hostility-Area-Workflow	SOURCE_AUDIT;BRIDGE_TOOL_REVIEW;CONTRACT_RUNTIME;LOG_CLEAN	contract_runtime	resolved_runtime	EV.RUNTIME.ANOMALY.ZOMBIE_MATRIX;EV.RUNTIME.ANOMALY.STORY_SMOKES;source bridge-tool attribute scan 2026-06-02	Retain the Anomaly tools for now; retire or fold them into broader fixtures once the matrix, engagement, and story-smoke evidence are preserved elsewhere.	Bridge rows own evidence production only; feature/scenario rows own behavior.	Matrix fixture stages Anomaly pawn kinds and activity/dormancy requests, reports vanilla threat state, attack-mode attraction, and reverse hostility under enemies/animals settings, proved the dormant/passive attraction fix, and passed the full 24-row built-in matrix with ticks:60 after the Horaxian additions. Installed PawnKindDef audit covers all non-abstract Anomaly creature/entity/mutant kinds, classifies Researcher out as player scenario content, and adds Horaxian human combat pawn kinds as hostile human DLC controls. Policy-edge fixture separately proves passive/active Nociosphere and FleshmassHeart target classification and 5/30-tick bounded Nociosphere onslaught smoke without putting Nociosphere into the default static matrix; it refreshes ZombieSettings.Values after tick advancement to avoid stale interpolated settings probes. Engagement fixture proves full 24-case pheromone/tracking behavior across all attack modes with both enemiesAttackZombies true and false at ticks:90, plus targeted reverse-attack-disabled detail checks for Gorehulk, Metalhorror, Fingerspike, entity Ghoul, and Horaxian_Gunner. Static RimWorld/Ghoul evidence classifies player ghoul OnlyColonists=false as nominal. Story-smoke fixture covers Horaxian moat, Fleshmass heart plus Gorehulk field, active Nociosphere zombie-heavy field, player ghoul choke mode comparison, and Sightstealer/Revenant invisible-stealth Everything behavior with log-clean cleanup.
BRIDGE.Common	bridge_contract	bridge_tools	generic primitives mapped to all clusters.	Source/BridgeTools/ZombielandBridgeTools.Common.cs;Source/BridgeTools/ZombielandBridgeTools.SemanticWait.cs;Source/ZombieRuntimeActions.cs	not_applicable	not_applicable	generic spawn/read/save/log primitives;zombieland/wait_for_semantic_change;scripts/coverage-inventory.sh --bridge-tools	RimBridgeServer.Annotations ToolAttribute	not_applicable	Provide controlled evidence but avoid owning player behavior directly.	all clusters	J.BRIDGE.TOOLS	SOURCE_AUDIT;BRIDGE_TOOL_REVIEW;CONTRACT_RUNTIME;SCENARIO_RUNTIME;LOG_CLEAN	contract_runtime	resolved	TEST_COVERAGE.md generic primitive note;runtime 2026-05-31 wait_for_semantic_change smoke;source bridge-tool attribute scan 2026-05-31;scripts/coverage-inventory.sh --bridge-tools 2026-06-01	Keep future reusable tick-until-condition and fixture primitives here before adding bespoke scenario contracts.	Bridge rows own evidence production only; feature/scenario rows own behavior.	Generic primitive family includes `wait_for_semantic_change`; the current bridge inventory mode also identifies 24 generic primitives across the bridge suite, including `complete_frame_by_id`, so future runtime checks can choose existing spawn/read/log/wait/frame-completion tools before adding narrow contracts.
BRIDGE.Contamination	bridge_contract	bridge_tools	scenario builders and narrow contracts mapped to G.CONTAMINATION.C0_STATE;G.CONTAMINATION.C1_STACKS;G.CONTAMINATION.C2_BUILD_REPLACE;G.CONTAMINATION.C3_WORLD_PRODUCTS;G.CONTAMINATION.C4_ENVIRONMENT;G.CONTAMINATION.C5_PLAYER_EFFECTS;G.CONTAMINATION.C6_UI_QUEST.	Source/BridgeTools/ZombielandBridgeTools.Contamination.cs	not_applicable	not_applicable	zombieland/contamination_*;zombieland/read_contamination_state;zombieland/read_contamination_effect_state	RimBridgeServer.Annotations ToolAttribute	not_applicable	Provide controlled evidence but avoid owning player behavior directly.	G.CONTAMINATION.C0_STATE;G.CONTAMINATION.C1_STACKS;G.CONTAMINATION.C2_BUILD_REPLACE;G.CONTAMINATION.C3_WORLD_PRODUCTS;G.CONTAMINATION.C4_ENVIRONMENT;G.CONTAMINATION.C5_PLAYER_EFFECTS;G.CONTAMINATION.C6_UI_QUEST	J.BRIDGE.TOOLS	SOURCE_AUDIT;BRIDGE_TOOL_REVIEW;CONTRACT_RUNTIME;SCENARIO_RUNTIME;LOG_CLEAN	source_only	resolved	source bridge-tool attribute scan 2026-05-31;TEST_COVERAGE.md	Reviewed classification; retain as evidence production only, and fold future one-off probes into generic primitives or named scenario fixtures when practical.	Bridge rows own evidence production only; feature/scenario rows own behavior.	Reviewed largest family with 47 tools: generic contamination reads/writes plus C0-C6 focused contracts and scenario handoff helpers.
BRIDGE.Core	bridge_contract	bridge_tools	narrow contracts mapped to C.CORE.ZOMBIE_LOOP;A.STARTUP.LOAD.	Source/BridgeTools/ZombielandBridgeTools.Core.cs	not_applicable	not_applicable	zombieland/startup_support_state;zombieland/zombie_ticking_*;zombieland/get_status;zombieland/create_sos_space_map_fixture	RimBridgeServer.Annotations ToolAttribute	not_applicable	Provide controlled evidence but avoid owning player behavior directly.	C.CORE.ZOMBIE_LOOP;A.STARTUP.LOAD;K.OPTIONAL.INTEGRATIONS	J.BRIDGE.TOOLS	SOURCE_AUDIT;BRIDGE_TOOL_REVIEW;CONTRACT_RUNTIME;SCENARIO_RUNTIME;LOG_CLEAN	contract_runtime	resolved	source bridge-tool attribute scan 2026-05-31;TEST_COVERAGE.md;EV.RUNTIME.SOS2.SPACE_FLOATERS;scripts/coverage-inventory.sh --bridge-summary 2026-06-01	Reviewed classification; retain as evidence production only, and fold future one-off probes into generic primitives or named scenario fixtures when practical. The SoS2 space fixture is retained because it covers a named optional-integration scenario cluster and creates a reusable save fixture.	Bridge rows own evidence production only; feature/scenario rows own behavior.	Reviewed semantic family with 21 tools mixing reusable fixtures, live status, startup support, sound recorder, visual lineup helpers, and the ticking-budget tools split out of the physical FogAndIncidents file. `get_status` now reports map biome and compact SoS floater readiness, and `create_sos_space_map_fixture` creates the named SoS2 orbiting-map fixture used by EV.RUNTIME.SOS2.SPACE_FLOATERS.
BRIDGE.CorpsesAndAvoidance	bridge_contract	bridge_tools	narrow contracts mapped to I.INFECTION.MEDICAL;D.PATHING.DOOR_AVOIDANCE.	Source/BridgeTools/ZombielandBridgeTools.CorpsesAndAvoidance.cs	not_applicable	not_applicable	zombieland/zombie_corpse_*;zombieland/colonist_avoidance_*	RimBridgeServer.Annotations ToolAttribute	not_applicable	Provide controlled evidence but avoid owning player behavior directly.	I.INFECTION.MEDICAL;D.PATHING.DOOR_AVOIDANCE	J.BRIDGE.TOOLS	SOURCE_AUDIT;BRIDGE_TOOL_REVIEW;CONTRACT_RUNTIME;SCENARIO_RUNTIME;LOG_CLEAN	source_only	resolved	source bridge-tool attribute scan 2026-05-31;TEST_COVERAGE.md	Reviewed classification; retain as evidence production only, and fold future one-off probes into generic primitives or named scenario fixtures when practical.	Bridge rows own evidence production only; feature/scenario rows own behavior.	Reviewed family with 13 tools covering corpse conversion, serum/double-tap, avoid-grid, door and selection/filter contracts.
BRIDGE.DefenseRoom	bridge_contract	bridge_tools	scenario builder mapped to J.BUILDINGS.ITEMS;D.PATHING.DOOR_AVOIDANCE.	Source/BridgeTools/ZombielandBridgeTools.DefenseRoom.cs	not_applicable	not_applicable	zombieland/defense_room_state	RimBridgeServer.Annotations ToolAttribute	not_applicable	Provide controlled evidence but avoid owning player behavior directly.	J.BUILDINGS.ITEMS;D.PATHING.DOOR_AVOIDANCE	J.BRIDGE.TOOLS	SOURCE_AUDIT;BRIDGE_TOOL_REVIEW;CONTRACT_RUNTIME;SCENARIO_RUNTIME;LOG_CLEAN	source_only	resolved	source bridge-tool attribute scan 2026-05-31;TEST_COVERAGE.md	Reviewed classification; retain as evidence production only, and fold future one-off probes into generic primitives or named scenario fixtures when practical.	Bridge rows own evidence production only; feature/scenario rows own behavior.	Reviewed single-tool scenario builder for defense-room power, items, wall/door pressure, gizmos and save-load evidence.
BRIDGE.Eating	bridge_contract	bridge_tools	narrow contracts mapped to C.CORE.ZOMBIE_LOOP;I.INFECTION.MEDICAL.	Source/BridgeTools/ZombielandBridgeTools.Eating.cs	not_applicable	not_applicable	zombieland/zombie_eats_downed_pawn_contract;zombieland/eating_*	RimBridgeServer.Annotations ToolAttribute	not_applicable	Provide controlled evidence but avoid owning player behavior directly.	C.CORE.ZOMBIE_LOOP;I.INFECTION.MEDICAL	J.BRIDGE.TOOLS	SOURCE_AUDIT;BRIDGE_TOOL_REVIEW;CONTRACT_RUNTIME;SCENARIO_RUNTIME;LOG_CLEAN	source_only	resolved	source bridge-tool attribute scan 2026-05-31;TEST_COVERAGE.md	Reviewed classification; retain as evidence production only, and fold future one-off probes into generic primitives or named scenario fixtures when practical.	Bridge rows own evidence production only; feature/scenario rows own behavior.	Reviewed two focused eating contracts for downed-pawn and corpse paths.
BRIDGE.Environment	bridge_contract	bridge_tools	narrow contracts mapped to C.CORE.ZOMBIE_LOOP;G.CONTAMINATION.C4_ENVIRONMENT.	Source/BridgeTools/ZombielandBridgeTools.Environment.cs	not_applicable	not_applicable	zombieland/ambient_temperature_contract;environment contracts	RimBridgeServer.Annotations ToolAttribute	not_applicable	Provide controlled evidence but avoid owning player behavior directly.	C.CORE.ZOMBIE_LOOP;G.CONTAMINATION.C4_ENVIRONMENT	J.BRIDGE.TOOLS	SOURCE_AUDIT;BRIDGE_TOOL_REVIEW;CONTRACT_RUNTIME;SCENARIO_RUNTIME;LOG_CLEAN	source_only	resolved	source bridge-tool attribute scan 2026-05-31;TEST_COVERAGE.md	Reviewed classification; retain as evidence production only, and fold future one-off probes into generic primitives or named scenario fixtures when practical.	Bridge rows own evidence production only; feature/scenario rows own behavior.	Reviewed family with 12 tools covering fire, tar slime, temperature, clamor/log/record suppression and blood filth.
BRIDGE.FogAndIncidents	bridge_contract	bridge_tools	physical bridge file with mixed tools now semantically split across fog, special zombies, ticking, incidents and hostility.	Source/BridgeTools/ZombielandBridgeTools.FogAndIncidents.cs	not_applicable	not_applicable	zombieland/fogged_door_spawns_room_zombies;zombieland/fog_blocker_*;zombieland/detonate_suicide_bomber;zombieland/zombie_ticking_*;zombieland/hostility_*	RimBridgeServer.Annotations ToolAttribute	not_applicable	Provide controlled evidence but avoid owning player behavior directly.	H.QUESTS.INCIDENTS;C.SPECIAL.ZOMBIES;C.CORE.ZOMBIE_LOOP;E.HOSTILITY.TARGETING	J.BRIDGE.TOOLS	SOURCE_AUDIT;BRIDGE_TOOL_REVIEW;CONTRACT_RUNTIME;SCENARIO_RUNTIME;LOG_CLEAN	source_only	resolved	source bridge-tool attribute scan 2026-05-31;TEST_COVERAGE.md;scripts/coverage-inventory.sh --bridge-pressure 2026-06-01	Reviewed classification; retain as evidence production only, and fold future one-off probes into generic primitives or named scenario fixtures when practical. The pressure inventory intentionally does not treat this physical file as one behavior family.	Bridge rows own evidence production only; feature/scenario rows own behavior.	Reviewed physical file with 23 tools; semantic bridge-pressure classification splits them into Fog 3, SpecialZombies 12, Hostility 3, Incidents 3, and Core 2.
BRIDGE.Incidents	bridge_contract	bridge_tools	scenario builder mapped to H.QUESTS.INCIDENTS.	Source/BridgeTools/ZombielandBridgeTools.Incidents.cs	not_applicable	not_applicable	zombieland/incident_threat_state actionMode:zombieFreeEvent,zombieFreeAmbientSound,zombieFreeOverlap,zombieFreeReview,zombieFreeSchedule,zombieFreeForecast,zombieFreeHover;zombieland/incident_special_type_spawn_contract	RimBridgeServer.Annotations ToolAttribute	not_applicable	Provide controlled evidence but avoid owning player behavior directly.	H.QUESTS.INCIDENTS	J.BRIDGE.TOOLS	SOURCE_AUDIT;BRIDGE_TOOL_REVIEW;CONTRACT_RUNTIME;SCENARIO_RUNTIME;LOG_CLEAN	source_only	resolved	source bridge-tool attribute scan 2026-05-31;TEST_COVERAGE.md;scripts/coverage-inventory.sh --bridge-summary 2026-06-01	Reviewed classification; retain as evidence production only, and fold future one-off probes into generic primitives or named scenario fixtures when practical.	Bridge rows own evidence production only; feature/scenario rows own behavior.	Reviewed semantic family includes the incident_threat_state scenario fixture, zombie-free silence forecast/runtime review contracts, five physical Incidents-file contracts for scheduling, alert waves, spawn types, child generation and random type weights, plus zombie faction and infected-incident contracts split out of the physical FogAndIncidents file.
BRIDGE.Infection	bridge_contract	bridge_tools	scenario builder mapped to I.INFECTION.MEDICAL.	Source/BridgeTools/ZombielandBridgeTools.Infection.cs	not_applicable	not_applicable	zombieland/infection_medical_state;zombieland/convert_infected_corpse_to_zombie	RimBridgeServer.Annotations ToolAttribute	not_applicable	Provide controlled evidence but avoid owning player behavior directly.	I.INFECTION.MEDICAL	J.BRIDGE.TOOLS	SOURCE_AUDIT;BRIDGE_TOOL_REVIEW;CONTRACT_RUNTIME;SCENARIO_RUNTIME;LOG_CLEAN	source_only	resolved	source bridge-tool attribute scan 2026-05-31;TEST_COVERAGE.md	Reviewed classification; retain as evidence production only, and fold future one-off probes into generic primitives or named scenario fixtures when practical.	Bridge rows own evidence production only; feature/scenario rows own behavior.	Reviewed family with 8 tools covering infection state, workflow, cure, bite application, conversion and cleanup helpers.
BRIDGE.ProjectilesAndArea	bridge_contract	bridge_tools	scenario builder mapped to E.HOSTILITY.TARGETING;F.RENDERING.VISUALS;C.SPECIAL.ZOMBIES.	Source/BridgeTools/ZombielandBridgeTools.ProjectilesAndArea.cs	not_applicable	not_applicable	zombieland/area_workflow_state actionMode:*	RimBridgeServer.Annotations ToolAttribute	not_applicable	Provide controlled evidence but avoid owning player behavior directly.	E.HOSTILITY.TARGETING;F.RENDERING.VISUALS;C.SPECIAL.ZOMBIES	J.BRIDGE.TOOLS	SOURCE_AUDIT;BRIDGE_TOOL_REVIEW;CONTRACT_RUNTIME;SCENARIO_RUNTIME;LOG_CLEAN	source_only	resolved	source bridge-tool attribute scan 2026-05-31;TEST_COVERAGE.md	Reviewed classification; retain as evidence production only, and fold future one-off probes into generic primitives or named scenario fixtures when practical.	Bridge rows own evidence production only; feature/scenario rows own behavior.	Reviewed family with 6 public tools plus a large scenario-internal matrix for area, targeting, projectile, visual, hostility and focused bug-report branches; bug-reports is retained because it proves the raider distance cap and spitter health regression together.
BRIDGE.RimConnect	bridge_contract	bridge_tools	optional integration mapped to K.OPTIONAL.INTEGRATIONS.	Source/BridgeTools/ZombielandBridgeTools.RimConnect.cs	not_applicable	not_applicable	zombieland/rimconnect_*	RimBridgeServer.Annotations ToolAttribute	not_applicable	Provide controlled evidence but avoid owning player behavior directly.	K.OPTIONAL.INTEGRATIONS	J.BRIDGE.TOOLS	SOURCE_AUDIT;BRIDGE_TOOL_REVIEW;CONTRACT_RUNTIME;SCENARIO_RUNTIME;LOG_CLEAN	contract_runtime	resolved	source bridge-tool attribute scan 2026-05-31;TEST_COVERAGE.md;EV.RUNTIME.RIMCONNECT.ACTIVE_CURRENT;EV.RUNTIME.RIMCONNECT.CONNECTED_STUB	Reviewed classification; retain as evidence production only, and fold future one-off probes into generic primitives or named scenario fixtures when practical.	Bridge rows own evidence production only; feature/scenario rows own behavior.	Reviewed family with 3 optional RimConnect contract tools; all three passed against active local RimConnect commit 6b9c0a0 from ZL_CE_EMPTY_00 and passed again in the connected local-backend run. Keep as evidence production only and prefer generic primitives if new RimConnect cases are needed.
BRIDGE.SoS2	bridge_contract	bridge_tools	scenario fixture mapped to K.OPTIONAL.INTEGRATIONS.	Source/BridgeTools/ZombielandBridgeTools.SoS2.cs	not_applicable	not_applicable	zombieland/sos2_ship_hologram_state	RimBridgeServer.Annotations ToolAttribute;SaveOurShip2 reflected ShipDef/ShipShape/ShipInteriorMod2.GenerateShip	not_applicable	Provide controlled SoS2 ship-generation and hologram evidence without compile-referencing SoS2 types.	K.OPTIONAL.INTEGRATIONS	J.BRIDGE.TOOLS	SOURCE_AUDIT;BRIDGE_TOOL_REVIEW;CONTRACT_RUNTIME;SCENARIO_RUNTIME;LOG_CLEAN	contract_runtime	resolved_runtime	EV.RUNTIME.SOS2.SHIP_HOLOGRAM;source bridge-tool attribute scan 2026-06-01	Retain as a named optional-integration scenario fixture because it covers the SoS2 ship-generation and hologram compatibility tail; do not expand it into broad SoS2 gameplay coverage.	Bridge rows own evidence production only; feature/scenario rows own behavior.	The fixture uses reflection to build a minimal SoS2 ShipDef with PawnSpawnerGeneric shapes, invokes the current ShipInteriorMod2.GenerateShip target under deterministic Rand state, and verifies both converted/generate zombie counts and SoSHologram exclusion semantics.
BRIDGE.Settings	bridge_contract	bridge_tools	scenario builder mapped to B.SETTINGS.WORLD_DEFAULTS.	Source/BridgeTools/ZombielandBridgeTools.Settings.cs	not_applicable	not_applicable	zombieland/settings_state	RimBridgeServer.Annotations ToolAttribute	not_applicable	Provide controlled evidence but avoid owning player behavior directly.	B.SETTINGS.WORLD_DEFAULTS	J.BRIDGE.TOOLS	SOURCE_AUDIT;BRIDGE_TOOL_REVIEW;CONTRACT_RUNTIME;SCENARIO_RUNTIME;LOG_CLEAN	source_only	resolved	source bridge-tool attribute scan 2026-05-31;TEST_COVERAGE.md	Reviewed classification; retain as evidence production only, and fold future one-off probes into generic primitives or named scenario fixtures when practical.	Bridge rows own evidence production only; feature/scenario rows own behavior.	Reviewed single-tool settings fixture covering modal state, persistence, workgiver fanout and colonist toggles.
BRIDGE.Social	bridge_contract	bridge_tools	narrow contracts mapped to K.SOCIAL.SELECTION.	Source/BridgeTools/ZombielandBridgeTools.Social.cs	not_applicable	not_applicable	zombieland/contamination_social_transfer_contract	RimBridgeServer.Annotations ToolAttribute	not_applicable	Provide controlled evidence but avoid owning player behavior directly.	K.SOCIAL.SELECTION	J.BRIDGE.TOOLS	SOURCE_AUDIT;BRIDGE_TOOL_REVIEW;CONTRACT_RUNTIME;SCENARIO_RUNTIME;LOG_CLEAN	source_only	resolved	source bridge-tool attribute scan 2026-05-31;TEST_COVERAGE.md	Reviewed classification; retain as evidence production only, and fold future one-off probes into generic primitives or named scenario fixtures when practical.	Bridge rows own evidence production only; feature/scenario rows own behavior.	Reviewed family with 6 tools for social thought suppression, death thoughts, selection, health/needs upkeep and corpse alert behavior.
BRIDGE.SpecialGauntlet	bridge_contract	bridge_tools	scenario fixture mapped to C.SPECIAL.ZOMBIES.	Source/BridgeTools/ZombielandBridgeTools.SpecialGauntlet.cs	not_applicable	not_applicable	zombieland/special_gauntlet_state	RimBridgeServer.Annotations ToolAttribute	not_applicable	Provide reusable special-zombie scenario evidence without owning player behavior directly.	C.SPECIAL.ZOMBIES	J.BRIDGE.TOOLS;S-Special-Gauntlet	SOURCE_AUDIT;BRIDGE_TOOL_REVIEW;CONTRACT_RUNTIME;SCENARIO_RUNTIME;SAVE_LOAD;VISUAL_UI;LOG_CLEAN	source_only	resolved	source bridge-tool attribute scan 2026-06-01;TEST_COVERAGE.md special-gauntlet evidence;coverage-inventory.sh --bridge-tools	Retain as a named scenario fixture because it stages all common special zombies together; prefer adding action modes over new one-off special-zombie endpoints.	Bridge rows own evidence production only; feature/scenario rows own behavior.	Single-tool scenario fixture with setup/effects/read modes for S-Special-Gauntlet; existing evidence owns the behavior under C.SPECIAL.ZOMBIES and visual rows, while this row only accounts for the bridge family.
BRIDGE.SpecialZombies	bridge_contract	bridge_tools	narrow contracts mapped to C.SPECIAL.ZOMBIES.	Source/BridgeTools/ZombielandBridgeTools.SpecialZombies.cs;Source/BridgeTools/ZombielandBridgeTools.FogAndIncidents.cs	not_applicable	not_applicable	zombieland/emp_electrifier;special zombie contracts	RimBridgeServer.Annotations ToolAttribute	not_applicable	Provide controlled evidence but avoid owning player behavior directly.	C.SPECIAL.ZOMBIES	J.BRIDGE.TOOLS	SOURCE_AUDIT;BRIDGE_TOOL_REVIEW;CONTRACT_RUNTIME;SCENARIO_RUNTIME;LOG_CLEAN	source_only	resolved	source bridge-tool attribute scan 2026-05-31;TEST_COVERAGE.md;scripts/coverage-inventory.sh --bridge-summary 2026-06-01	Reviewed classification; retain as evidence production only, and fold future one-off probes into generic primitives or named scenario fixtures when practical.	Bridge rows own evidence production only; feature/scenario rows own behavior.	Reviewed semantic family with 28 narrow-contract tools: 16 physical SpecialZombies-file tools covering albino, dark slimer, tanky, miner, genes/skin, tar smoke, position side effects and chainsaw repair branches, plus 12 special-zombie tools split out of the physical FogAndIncidents file.
BRIDGE.UninstallHygiene	bridge_contract	bridge_tools	scenario fixture mapped to M.UNINSTALL.HYGIENE.	Source/BridgeTools/ZombielandBridgeTools.UninstallHygiene.cs	not_applicable	not_applicable	zombieland/uninstall_hygiene_state	RimBridgeServer.Annotations ToolAttribute;GameDataSaveLoader.SaveGame;save XML reference scan	not_applicable	Provide reusable uninstall/save-scrub evidence without owning save hygiene behavior directly.	M.UNINSTALL.HYGIENE	J.BRIDGE.TOOLS;S-Uninstall-Hygiene	SOURCE_AUDIT;BRIDGE_TOOL_REVIEW;CONTRACT_RUNTIME;SCENARIO_RUNTIME;SAVE_LOAD;LOG_CLEAN	source_only	resolved	source bridge-tool attribute scan 2026-06-01;TEST_COVERAGE.md uninstall hygiene evidence;EV.RUNTIME.UNINSTALL.NO_ZL_LOAD	Retain as a named scenario fixture because it creates, reads, and scrubs durable save files; avoid duplicating its save-copy behavior in generic bridge helpers.	Bridge rows own evidence production only; feature/scenario rows own behavior.	Single-tool scenario fixture for setup/read/remove modes around ZL_Uninstall_Hygiene_source.rws and ZL_Uninstall_Hygiene_no_zl.rws; behavior remains owned by M.UNINSTALL.HYGIENE.
BRIDGE.WallPush	bridge_contract	bridge_tools	narrow wall-pressure contracts mapped to J.BUILDINGS.ITEMS;D.PATHING.DOOR_AVOIDANCE.	Source/BridgeTools/ZombielandBridgeTools.WallPush.cs	not_applicable	not_applicable	wall push contracts if present	RimBridgeServer.Annotations ToolAttribute	not_applicable	Provide controlled evidence but avoid owning player behavior directly.	J.BUILDINGS.ITEMS;D.PATHING.DOOR_AVOIDANCE	J.BRIDGE.TOOLS	SOURCE_AUDIT;BRIDGE_TOOL_REVIEW;CONTRACT_RUNTIME;SCENARIO_RUNTIME;LOG_CLEAN	source_only	resolved	source bridge-tool attribute scan 2026-05-31;TEST_COVERAGE.md	Reviewed classification; retain as evidence production only, and fold future one-off probes into generic primitives or named scenario fixtures when practical.	Bridge rows own evidence production only; feature/scenario rows own behavior.	Reviewed family with 3 tools; stale historical/empty classification was wrong.
PATCH.Pawn_DrawTracker_Constructor_Patch	patch	rendering	Harmony patch Pawn_DrawTracker_Constructor_Patch must preserve its semantic hook intent.	Source/CustomPawnState.cs	not_applicable	Pawn_DrawTracker_Constructor_Patch	see owning feature/scenario row	Verse.Pawn_DrawTracker..ctor(Pawn pawn)	unknown	Custom draw tracker state and infection render support.	F.RENDERING.VISUALS	S-Source-Patch-Audit	SOURCE_AUDIT;RW16_TARGET_AUDIT;RW14_RW16_SEMANTIC_DIFF;CONTRACT_RUNTIME;SCENARIO_RUNTIME;LOG_CLEAN	contract_runtime	resolved	EV.STATIC.RENDER_DRAWTRACKER_STATE;TEST_PATCH_AUDIT.md row Source/CustomPawnState.cs:16;TEST_COVERAGE.md visual-support	No open custom draw-tracker state gap remains; rerun only if Pawn_DrawTracker constructor, leaner ownership, or CustomPawnState storage changes.	Patch row owns target shape and hook intent only; player flow belongs to F.RENDERING.VISUALS.	RimWorld 1.6 keeps the same Pawn_DrawTracker(Pawn) constructor and still creates a plain PawnLeaner before renderer/UI support, adding only water ripple and seeded Y offset after shared 1.4 fields; runtime visual-support evidence proves human CustomPawnState and zombie ZombieLeaner behavior.
PATCH.Pawn_EquipmentTracker_YieldGizmos_Patch	patch	ui	Harmony patch Pawn_EquipmentTracker_YieldGizmos_Patch must preserve its semantic hook intent.	Source/Patches.cs;Source/Chainsaw.cs;Defs/Zombie_Things.xml	not_applicable	Pawn_EquipmentTracker_YieldGizmos_Patch	see owning feature/scenario row	Pawn_EquipmentTracker.<GetGizmos>g__YieldGizmos|30_0;Pawn_EquipmentTracker.GetGizmos;CompEquippable.CompGetEquippedGizmosExtra	unknown	Expose chainsaw gizmos from the equipment verb-yield path while accounting for RimWorld 1.6's new equipped-extra prelude.	J.BUILDINGS.ITEMS	S-Source-Patch-Audit	SOURCE_AUDIT;RW16_TARGET_AUDIT;RW14_RW16_SEMANTIC_DIFF;CONTRACT_RUNTIME;SCENARIO_RUNTIME;LOG_CLEAN	contract_runtime	resolved	EV.STATIC.CORE_CLOSURE_GIZMOS_ATTACK;TEST_PATCH_AUDIT.md row Source/Patches.cs:700;S-Defense-Room list_selected_gizmos	The 1.6 equipped-extra prelude is negative-space only for Zombieland's chainsaw path unless future chainsaw defs add a CompEquippableAbilityReloadable-style equipped-extra provider.	Patch row owns target shape and hook intent only; chainsaw player flow belongs to J.BUILDINGS.ITEMS and S-Defense-Room.	Decompiler confirmed the generated YieldGizmos target still exists with optional preferredHotKey; 1.6 GetGizmos added PrimaryEq.CompGetEquippedGizmosExtra before CanShowEquipmentGizmos, but Core CompEquippable returns empty and the only current override is dev-only ability reloadable. Zombieland chainsaw commands still come from Chainsaw.GetGizmos through the patched yield path.
PATCH.JobDriver_AttackStatic_MakeNewToils_b__1_Patch	patch	pathing	Harmony patch JobDriver_AttackStatic_MakeNewToils_b__1_Patch must preserve its semantic hook intent.	Source/Patches.cs	not_applicable	JobDriver_AttackStatic_MakeNewToils_b__1_Patch	see owning feature/scenario row	JobDriver_AttackStatic.MakeNewToils generated tick delegate;1.6 b__2(int delta)	unknown	Stop zombie AttackStatic when door/target semantics change.	D.PATHING.DOOR_AVOIDANCE	S-Source-Patch-Audit	SOURCE_AUDIT;RW16_TARGET_AUDIT;RW14_RW16_SEMANTIC_DIFF;CONTRACT_RUNTIME;SCENARIO_RUNTIME;LOG_CLEAN	contract_runtime	resolved	EV.STATIC.CORE_CLOSURE_GIZMOS_ATTACK;TEST_PATCH_AUDIT.md row Source/Patches.cs:1173;S-Defense-Room wallDoorPressure	No open target gap; rerun only if AttackStatic MakeNewToils or Zombieland's generated-delegate selector changes.	Patch row owns target shape and hook intent only; door/target player flow belongs to D.PATHING.DOOR_AVOIDANCE and S-Defense-Room.	Decompiler confirmed the outer MakeNewToils signature stayed stable, 1.6 moved the main loop from tickAction to tickIntervalAction(int delta), added a drafted-player identical-target finish action, and changed invisibility to IsPsychologicallyInvisible; runtime evidence already proves the one-int closure is patched and door-open AttackStatic exits.
PATCH.Building_Door_PawnCanOpen_Patch	patch	pathing	Harmony patch Building_Door_PawnCanOpen_Patch must preserve its semantic hook intent.	Source/Patches.cs	not_applicable	Building_Door_PawnCanOpen_Patch	see owning feature/scenario row	Building_Door.PawnCanOpen;FreePassage;WillCloseSoon	unknown	Avoid-grid door open suppression without FreePassage recursion.	D.PATHING.DOOR_AVOIDANCE	S-Source-Patch-Audit	SOURCE_AUDIT;RW16_TARGET_AUDIT;RW14_RW16_SEMANTIC_DIFF;CONTRACT_RUNTIME;SCENARIO_RUNTIME;LOG_CLEAN	contract_runtime	resolved	TEST_PATCH_AUDIT.md;TEST_COVERAGE.md;decompiler 2026-05-31	Runtime evidence covers recursion fix and door-pressure behavior; rerun only if Building_Door semantics or active door subclasses change.	Patch row owns target shape and hook intent only; player flow belongs to primary scenario.	Decompiler confirmed RimWorld 1.6 FreePassage reaches WillCloseSoon, which calls PawnCanOpen while scanning nearby pawns; RimWorld 1.4 WillCloseSoon did not call PawnCanOpen. Runtime hoard and room/corridor gauntlet survived with door damage and clean logs.
PATCH.WorkGiver_Scanner_HasJobOnCell_Patches	patch	settings	Harmony patch WorkGiver_Scanner_HasJobOnCell_Patches must preserve its semantic hook intent.	Source/Patches.cs	not_applicable	WorkGiver_Scanner_HasJobOnCell_Patches	see owning feature/scenario row	WorkGiver_Scanner.HasJobOnCell fanout	unknown	Avoid dangerous cells for non-forced work.	B.SETTINGS.WORLD_DEFAULTS	S-Source-Patch-Audit	SOURCE_AUDIT;RW16_TARGET_AUDIT;CONTRACT_RUNTIME;SCENARIO_RUNTIME;LOG_CLEAN	contract_runtime	resolved	TEST_PATCH_AUDIT.md;TEST_COVERAGE.md;decompiler 2026-05-31	Installed fanout targets are covered for the active runtime; rerun only after RimWorld updates or active DLC/mod workgiver sets change.	Patch row owns target shape and hook intent only; player flow belongs to primary scenario.	Decompiler confirmed 1.6 base method remains virtual and delegates to JobOnCell; runtime fanout covered 12 installed concrete targets and ShouldAvoid non-forced/forced behavior.
PATCH.WorkGiver_Scanner_JobOnCell_Patches	patch	settings	Harmony patch WorkGiver_Scanner_JobOnCell_Patches must preserve its semantic hook intent.	Source/Patches.cs	not_applicable	WorkGiver_Scanner_JobOnCell_Patches	see owning feature/scenario row	WorkGiver_Scanner.JobOnCell fanout	unknown	Null job on dangerous cell for non-forced work.	B.SETTINGS.WORLD_DEFAULTS	S-Source-Patch-Audit	SOURCE_AUDIT;RW16_TARGET_AUDIT;CONTRACT_RUNTIME;SCENARIO_RUNTIME;LOG_CLEAN	contract_runtime	resolved	TEST_PATCH_AUDIT.md;TEST_COVERAGE.md;decompiler 2026-05-31	Installed fanout targets are covered for the active runtime; rerun only after RimWorld updates or active DLC/mod workgiver sets change.	Patch row owns target shape and hook intent only; player flow belongs to primary scenario.	Decompiler confirmed 1.6 base method remains virtual and returns null; runtime fanout covered 12 installed concrete targets and null-job guard ShouldAvoid behavior.
PATCH.WorkGiver_Scanner_HasJobOnThing_Patches	patch	settings	Harmony patch WorkGiver_Scanner_HasJobOnThing_Patches must preserve its semantic hook intent.	Source/Patches.cs	not_applicable	WorkGiver_Scanner_HasJobOnThing_Patches	see owning feature/scenario row	WorkGiver_Scanner.HasJobOnThing fanout	unknown	Avoid dangerous thing work unless forced.	B.SETTINGS.WORLD_DEFAULTS	S-Source-Patch-Audit	SOURCE_AUDIT;RW16_TARGET_AUDIT;CONTRACT_RUNTIME;SCENARIO_RUNTIME;LOG_CLEAN	contract_runtime	resolved	TEST_PATCH_AUDIT.md;TEST_COVERAGE.md;decompiler 2026-05-31	Installed fanout targets are covered for the active runtime; rerun only after RimWorld updates or active DLC/mod workgiver sets change.	Patch row owns target shape and hook intent only; player flow belongs to primary scenario.	Decompiler confirmed 1.6 base method remains virtual and delegates to JobOnThing; runtime fanout covered 73 installed concrete targets, Steel marker avoidance, and Zombieland corpse workgiver gates.
PATCH.WorkGiver_Scanner_JobOnThing_Patches	patch	settings	Harmony patch WorkGiver_Scanner_JobOnThing_Patches must preserve its semantic hook intent.	Source/Patches.cs	not_applicable	WorkGiver_Scanner_JobOnThing_Patches	see owning feature/scenario row	WorkGiver_Scanner.JobOnThing fanout	unknown	Null dangerous thing work unless forced.	B.SETTINGS.WORLD_DEFAULTS	S-Source-Patch-Audit	SOURCE_AUDIT;RW16_TARGET_AUDIT;CONTRACT_RUNTIME;SCENARIO_RUNTIME;LOG_CLEAN	contract_runtime	resolved	TEST_PATCH_AUDIT.md;TEST_COVERAGE.md;decompiler 2026-05-31	Installed fanout targets are covered for the active runtime; rerun only after RimWorld updates or active DLC/mod workgiver sets change.	Patch row owns target shape and hook intent only; player flow belongs to primary scenario.	Decompiler confirmed 1.6 base method remains virtual and returns null; runtime fanout covered 97 installed concrete targets plus ExtractZombieSerum and DoubleTap job gates.
PATCH.Toils_Combat_FollowAndMeleeAttack_KillIncappedTarget_Patch	patch	hostility	Harmony patch Toils_Combat_FollowAndMeleeAttack_KillIncappedTarget_Patch must preserve its semantic hook intent.	Source/Patches.cs	not_applicable	Toils_Combat_FollowAndMeleeAttack_KillIncappedTarget_Patch	see owning feature/scenario row	Toils_Combat.FollowAndMeleeAttack generated delegate	unknown	Continue attacking downed zombies without killIncappedTarget leakage.	E.HOSTILITY.TARGETING	S-Source-Patch-Audit	SOURCE_AUDIT;RW16_TARGET_AUDIT;RW14_RW16_SEMANTIC_DIFF;CONTRACT_RUNTIME;SCENARIO_RUNTIME;LOG_CLEAN	contract_runtime	resolved	EV.STATIC.CORE_CLOSURE_GIZMOS_ATTACK;TEST_PATCH_AUDIT.md row Source/Patches.cs:2946;S-Hostility-Area-Workflow actionMode:targeting	No open target gap; rerun only if Toils_Combat.FollowAndMeleeAttack or the downed-zombie attack scenario changes.	Patch row owns target shape and hook intent only; melee targeting player flow belongs to E.HOSTILITY.TARGETING.	Decompiler compare found FollowAndMeleeAttack signature and body unchanged across 1.4 and 1.6; runtime evidence already proves installed patch ownership and melee continuation against a public-downed zombie with killIncappedTarget=false.
PATCH.JobDriver_AttackStatic_TickAction_Patch	patch	hostility	Harmony patch JobDriver_AttackStatic_TickAction_Patch must preserve its semantic hook intent.	Source/Patches.cs	not_applicable	JobDriver_AttackStatic_TickAction_Patch	see owning feature/scenario row	JobDriver_AttackStatic generated delegates and targeting downed fanout	unknown	Allow ranged AttackStatic against public-downed zombies.	E.HOSTILITY.TARGETING	S-Source-Patch-Audit	SOURCE_AUDIT;RW16_TARGET_AUDIT;RW14_RW16_SEMANTIC_DIFF;CONTRACT_RUNTIME;SCENARIO_RUNTIME;LOG_CLEAN	contract_runtime	resolved	EV.STATIC.CORE_CLOSURE_GIZMOS_ATTACK;TEST_PATCH_AUDIT.md row Source/Patches.cs:2995;S-Hostility-Area-Workflow actionMode:targeting	No open target gap; rerun only if AttackStatic, downed targeting, or the instruction-dependent Downed replacement fanout changes.	Patch row owns target shape and hook intent only; ranged targeting player flow belongs to E.HOSTILITY.TARGETING.	Decompiler compare confirmed the 1.6 AttackStatic main loop is tickIntervalAction(int delta) and the installed runtime fanout already recorded seven Zombieland-owned targets; Pawn_MindState.MeleeThreatStillThreat no longer reads Pawn.Downed and correctly remains unpatched.
PATCH.PawnApparelGenerator_PossibleApparelSet_PairOverlapsAnything_Patch	patch	settings	Harmony patch PawnApparelGenerator_PossibleApparelSet_PairOverlapsAnything_Patch must preserve its semantic hook intent.	Source/Patches.cs	not_applicable	PawnApparelGenerator_PossibleApparelSet_PairOverlapsAnything_Patch	see owning feature/scenario row	PawnApparelGenerator.PossibleApparelSet.PairOverlapsAnything	unknown	Apparel blacklist influences generation overlap selection.	B.SETTINGS.WORLD_DEFAULTS	S-Source-Patch-Audit	SOURCE_AUDIT;RW16_TARGET_AUDIT;RW14_RW16_SEMANTIC_DIFF;CONTRACT_RUNTIME;LOG_CLEAN	contract_runtime	resolved	TEST_PATCH_AUDIT.md resolved-runtime row;decompiler 2026-05-31 RimWorld 1.4/1.6 PairOverlapsAnything;zombieland/settings_state actionMode:apparel-generation;rimbridge/list_logs clean	Runtime evidence collected; rerun only if RimWorld apparel generation target, IsZombieDef semantics, or Zombieland apparel defs change.	Patch row owns target shape and hook intent only; player flow belongs to primary scenario.	Patch audit status: resolved/runtime; entry-scene probe recorded installed prefix, ordinary Apparel_PlateArmor/Gold non-overlap, and Zombieland Apparel_BombVest forced overlap.
PATCH.GenClamor_DoClamor_Patch	patch	core_zombie	Harmony patch GenClamor_DoClamor_Patch must preserve its semantic hook intent.	Source/Patches.cs	not_applicable	GenClamor_DoClamor_Patch	see owning feature/scenario row	GenClamor.DoClamor overloads	unknown	Suppress zombie clamor emission.	C.CORE.ZOMBIE_LOOP	S-Source-Patch-Audit	SOURCE_AUDIT;RW16_TARGET_AUDIT;CONTRACT_RUNTIME;SCENARIO_RUNTIME;LOG_CLEAN	contract_runtime	resolved	TEST_PATCH_AUDIT.md;TEST_COVERAGE.md;negative-space decompiler pass 2026-06-01	No open GenClamor multi-target gap; rerun only if RimWorld changes DoClamor overload count or clamor fanout semantics.	Patch row owns target shape and hook intent only; player flow belongs to primary scenario.	Patch audit status: resolved/runtime. 2026-06-01 decompiler pass found four DoClamor overloads in both 1.4 and 1.6; runtime clamor suppression already proves human source pass-through and normal/spitter/symbiant zombie source suppression.
PATCH.Pawn_RecordsTracker_Increment_Patch	patch	core_zombie	Harmony patch Pawn_RecordsTracker_Increment_Patch must preserve its semantic hook intent.	Source/Patches.cs	not_applicable	Pawn_RecordsTracker_Increment_Patch	see owning feature/scenario row	Pawn_RecordsTracker.AddTo;Increment;RecordsTickUpdate	unknown	Suppress zombie record mutation.	C.CORE.ZOMBIE_LOOP	S-Source-Patch-Audit	SOURCE_AUDIT;RW16_TARGET_AUDIT;CONTRACT_RUNTIME;SCENARIO_RUNTIME;LOG_CLEAN	contract_runtime	resolved	TEST_PATCH_AUDIT.md;TEST_COVERAGE.md;negative-space decompiler pass 2026-06-01	No open record-mutation sink gap; rerun only if RecordsTickUpdate/AddTo/Increment signatures or record storage semantics change.	Patch row owns target shape and hook intent only; player flow belongs to primary scenario.	Patch audit status: resolved/runtime. 2026-06-01 decompiler pass found 1.4 RecordsTick renamed to 1.6 RecordsTickInterval(int delta), but both wrappers still call RecordsTickUpdate(80); RecordsTickUpdate body is unchanged, and AddTo/Increment only changed log string formatting. Runtime records suppression proved human mutation and zombie non-mutation.
PATCH.AttackTargetFinder_FriendlyFire_Patch	patch	hostility	Harmony patch AttackTargetFinder_FriendlyFire_Patch must preserve its semantic hook intent.	Source/Patches_Hostility.cs	not_applicable	AttackTargetFinder_FriendlyFire_Patch	see owning feature/scenario row	AttackTargetFinder.FriendlyFireConeTargetScoreOffset;FriendlyFireBlastRadiusTargetScoreOffset	unknown	Exclude zombies from friendly-fire penalty while preserving true friendly pawns.	E.HOSTILITY.TARGETING	S-Source-Patch-Audit	SOURCE_AUDIT;RW16_TARGET_AUDIT;CONTRACT_RUNTIME;SCENARIO_RUNTIME;LOG_CLEAN	contract_runtime	resolved	TEST_PATCH_AUDIT.md;TEST_COVERAGE.md;negative-space decompiler pass 2026-06-01	No open friendly-fire score-helper gap; full projectile target-choice UI remains additive only if named.	Patch row owns target shape and hook intent only; player flow belongs to primary scenario.	Patch audit status: resolved/runtime. 2026-06-01 decompiler pass found FriendlyFireBlastRadiusTargetScoreOffset and FriendlyFireConeTargetScoreOffset signatures/bodies unchanged from 1.4 to 1.6 and still using GetThingList insertion points; runtime targeting evidence proves zombie removal preserves non-zombie friendly-fire penalties.
PATCH.Map_FinalizeLoading_Patch	patch	save_load	Harmony patch Map_FinalizeLoading_Patch must preserve its semantic hook intent.	Source/Patches.cs	not_applicable	Map_FinalizeLoading_Patch	see owning feature/scenario row	Map.FinalizeLoading	unknown	Reset stale zombie count grid during load.	C.CORE.ZOMBIE_LOOP	S-Source-Patch-Audit	SOURCE_AUDIT;RW16_TARGET_AUDIT;CONTRACT_RUNTIME;SCENARIO_RUNTIME;LOG_CLEAN	contract_runtime	resolved	TEST_PATCH_AUDIT.md;TEST_COVERAGE.md;decompiler 2026-05-31	Runtime evidence proves stale zombie-count grid reset before gameplay and real Stumble movement repopulation after load; rerun only if Map.FinalizeLoading load order changes.	Patch row owns target shape and hook intent only; player flow belongs to primary scenario.	Decompiler confirmed RimWorld 1.6 Map.FinalizeLoading still owns post-load spawn/finalize sequencing; runtime saved stale grid counts, reloaded to zero counts, then proved first movement repopulated the destination cell through JobDriver_Stumble.ExecuteMove.
PATCH.Root_Update_Patch	patch	startup	Harmony patch Root_Update_Patch must preserve its semantic hook intent.	Source/Patches_Startup.cs	not_applicable	Root_Update_Patch	see owning feature/scenario row	Root.Update	unknown	Frame watch update hook.	A.STARTUP.LOAD	S-Source-Patch-Audit	SOURCE_AUDIT;RW16_TARGET_AUDIT;RW14_RW16_SEMANTIC_DIFF;CONTRACT_RUNTIME;SCENARIO_RUNTIME;LOG_CLEAN	contract_runtime	resolved	EV.STATIC.STARTUP_SERVICE_LIFECYCLE;TEST_PATCH_AUDIT.md row Source/Patches.cs:5107;TEST_COVERAGE.md	No open Root.Update target gap remains; rerun only if RimWorld changes the per-frame root update phase or Zombieland frame-watch handling changes.	Patch row owns target shape and hook intent only; player flow belongs to primary scenario.	RimWorld 1.6 Root.Update adds average-delta-time sampling but keeps the same long-event, static-update, UIRootUpdate and soundRoot update phase; runtime evidence already proves the Zombieland frame-watch boundary with clean logs.
PATCH.Root_Shutdown_Patch	patch	startup	Harmony patch Root_Shutdown_Patch must preserve its semantic hook intent.	Source/Patches_Startup.cs	not_applicable	Root_Shutdown_Patch	see owning feature/scenario row	Root.Shutdown	unknown	Shutdown cleanup for avoider/background state.	A.STARTUP.LOAD	S-Source-Patch-Audit	SOURCE_AUDIT;RW16_TARGET_AUDIT;RW14_RW16_SEMANTIC_DIFF;CONTRACT_RUNTIME;SCENARIO_RUNTIME;LOG_CLEAN	contract_runtime	resolved	EV.STATIC.STARTUP_SERVICE_LIFECYCLE;TEST_PATCH_AUDIT.md row Source/Patches.cs:5226;TEST_COVERAGE.md	No open shutdown target gap remains; avoid invoking destructive vanilla shutdown during ordinary runtime verification.	Patch row owns target shape and hook intent only; player flow belongs to primary scenario.	RimWorld 1.6 Root.Shutdown is unchanged from 1.4; runtime evidence invokes only the Zombieland prefix and proves avoider/render-resource cleanup boundaries without quitting the game.
PATCH.Corpse_RotStageChanged_Patch	patch	save_load	Harmony patch Corpse_RotStageChanged_Patch must preserve its semantic hook intent.	Source/Patches.cs	not_applicable	Corpse_RotStageChanged_Patch	see owning feature/scenario row	Corpse.RotStageChanged	unknown	Queue infected corpse conversion when rotting.	I.INFECTION.MEDICAL	S-Source-Patch-Audit	SOURCE_AUDIT;RW16_TARGET_AUDIT;RW14_RW16_SEMANTIC_DIFF;CONTRACT_RUNTIME;SCENARIO_RUNTIME;LOG_CLEAN	contract_runtime	resolved	EV.STATIC.CORE_HEALTH_NEEDS_COLLISION;TEST_PATCH_AUDIT.md row Source/Patches.cs:5138;TEST_COVERAGE.md	No open rot-stage conversion target gap remains; rerun only if Corpse.RotStageChanged or infected-corpse queue semantics change.	Patch row owns target shape and hook intent only; player flow belongs to I.INFECTION.MEDICAL.	RimWorld 1.6 RotStageChanged keeps the same signature and corpse-graphics/colonist-bar role; runtime evidence proves infected humanlike corpse conversion on Fresh to Rotting transition with clean logs.
PATCH.Corpse_TickRare_Patch	patch	save_load	Harmony patch Corpse_TickRare_Patch must preserve its semantic hook intent.	Source/Patches.cs	not_applicable	Corpse_TickRare_Patch	see owning feature/scenario row	Corpse.TickRare	unknown	Queue expired corpse conversion timer.	I.INFECTION.MEDICAL	S-Source-Patch-Audit	SOURCE_AUDIT;RW16_TARGET_AUDIT;RW14_RW16_SEMANTIC_DIFF;CONTRACT_RUNTIME;SCENARIO_RUNTIME;LOG_CLEAN	contract_runtime	resolved	EV.STATIC.CORE_HEALTH_NEEDS_COLLISION;TEST_PATCH_AUDIT.md row Source/Patches.cs:5168;TEST_COVERAGE.md	No open rare-tick conversion target gap remains; rerun only if Corpse.TickRare or dead-pawn infection timing changes.	Patch row owns target shape and hook intent only; player flow belongs to I.INFECTION.MEDICAL.	RimWorld 1.6 TickRare keeps the same signature but delegates rare work through TickRareInt and adds death-refusal/anomaly branches; runtime evidence proves expired infection queuing while the corpse remains Fresh.
PATCH.HealthCardUtility_DrawOverviewTab_Patch	patch	ui	Harmony patch HealthCardUtility_DrawOverviewTab_Patch must preserve its semantic hook intent.	Source/Patches.cs	not_applicable	HealthCardUtility_DrawOverviewTab_Patch	see owning feature/scenario row	HealthCardUtility.DrawOverviewTab	unknown	Show infection health UI line.	I.INFECTION.MEDICAL	S-Source-Patch-Audit	SOURCE_AUDIT;RW16_TARGET_AUDIT;RW14_RW16_SEMANTIC_DIFF	contract_runtime	resolved	TEST_PATCH_AUDIT.md resolved-runtime row;zombieland/infection_medical_state health-card-living and health-card-dead;rimworld/get_ui_layout EMPTY evidence	Runtime evidence already collected; rerun only if health-card infection UI or RimWorld DrawOverviewTab semantics change.	Patch row owns target shape and hook intent only; player flow belongs to primary scenario.	Patch audit status: resolved/runtime; living and dead infected health-card UI labels were captured from real ITab_Pawn_Health layouts with clean warning-or-higher logs.
PATCH.PawnComponentsUtility_RemoveComponentsOnKilled_Patch	patch	core_zombie	Harmony patch PawnComponentsUtility_RemoveComponentsOnKilled_Patch must preserve its semantic hook intent.	Source/Patches.cs	not_applicable	PawnComponentsUtility_RemoveComponentsOnKilled_Patch	see owning feature/scenario row	PawnComponentsUtility.RemoveComponentsOnKilled	unknown	Clean pheromone/kill-circle state after kill.	C.CORE.ZOMBIE_LOOP	S-Source-Patch-Audit	SOURCE_AUDIT;RW16_TARGET_AUDIT;RW14_RW16_SEMANTIC_DIFF;CONTRACT_RUNTIME;SCENARIO_RUNTIME;LOG_CLEAN	contract_runtime	resolved	EV.STATIC.CORE_HEALTH_NEEDS_COLLISION;TEST_PATCH_AUDIT.md row Source/Patches.cs:5244;TEST_COVERAGE.md	No open killed-pawn cleanup gap remains; rerun only if Pawn.Kill map ownership or kill-circle cleanup semantics change.	Patch row owns target shape and hook intent only; player flow belongs to C.CORE.ZOMBIE_LOOP.	RimWorld 1.6 RemoveComponentsOnKilled keeps the same signature and component-null role, adding duplicate and infectionVectors fields; runtime evidence proves the Zombieland map fallback clears seeded kill-circle pheromone cells after real Pawn.Kill.
PATCH.PawnDiedOrDownedThoughtsUtility_TryGiveThoughts_Patch	patch	hostility	Harmony patch PawnDiedOrDownedThoughtsUtility_TryGiveThoughts_Patch must preserve its semantic hook intent.	Source/Patches.cs	not_applicable	PawnDiedOrDownedThoughtsUtility_TryGiveThoughts_Patch	see owning feature/scenario row	PawnDiedOrDownedThoughtsUtility.TryGiveThoughts	unknown	Suppress adult zombie death thoughts while preserving the child-zombie exception.	E.HOSTILITY.TARGETING	S-Source-Patch-Audit	SOURCE_AUDIT;RW16_TARGET_AUDIT;CONTRACT_RUNTIME;SCENARIO_RUNTIME;LOG_CLEAN	contract_runtime	resolved	TEST_PATCH_AUDIT.md;TEST_COVERAGE.md;decompiler 2026-06-01 rw14/rw16 body compare;EV.STATIC.CHILD_DEATH_THOUGHT_BIOTECH_GATE;EV.RUNTIME.DLC.BIOTECH_CHILD_THOUGHTS	No open death-thought branch remains for the current official-DLC loadout.	Patch row owns target shape and hook intent only; player flow belongs to primary scenario.	Decompiler confirmed the RimWorld 1.4 and 1.6 TryGiveThoughts signature is unchanged. Runtime proved human death adds a memory, adult zombie death adds none, and active-Biotech child zombie death preserves the child exception by adding one KilledChild memory.
PATCH.TaleRecorder_RecordTale_Patch	patch	social	Null TaleDef calls into TaleRecorder.RecordTale return null instead of throwing during Core-only child-zombie death tale paths.	Source/Patches.cs	not_applicable	TaleRecorder_RecordTale_Patch	zombieland/zombie_death_thought_suppression	TaleRecorder.RecordTale;TaleUtility.Notify_PawnDied	unknown	Guard vanilla tale recording when optional-DLC TaleDefOf fields are absent but Zombieland child-aged humanlike zombies reach the death-tale path.	K.SOCIAL.SELECTION	S-Social-Selection;S-Source-Patch-Audit	SOURCE_AUDIT;RW16_TARGET_AUDIT;CONTRACT_RUNTIME;LOG_CLEAN	contract_runtime	resolved	TEST_PATCH_AUDIT.md TaleRecorder row;TEST_SCENARIOS.md S-Social-Selection;EV.RUNTIME.PLAYER.RIGHTCLICK_PHASE2_BUGS	No open null TaleDef crash remains for the reported Core-only child-zombie death path.	Patch row owns null-def hardening only; child thought/tale semantics remain with K.SOCIAL.SELECTION and active-Biotech child evidence.	Decompiler tied D913C0A to TaleUtility.Notify_PawnDied loading TaleDefOf.KilledChild at IL_00ED and TaleRecorder.RecordTale dereferencing def.ignoreChance at entry; runtime contract proved the prefix installed and nullTaleDefHandled=true on the provided save.
PATCH.IndividualThoughtToAdd_Constructor_Patch	patch	hostility	Harmony patch IndividualThoughtToAdd_Constructor_Patch must preserve its semantic hook intent.	Source/Patches.cs	not_applicable	IndividualThoughtToAdd_Constructor_Patch	see owning feature/scenario row	IndividualThoughtToAdd..ctor	unknown	Child zombie killed thought path dependency.	E.HOSTILITY.TARGETING	S-Source-Patch-Audit	SOURCE_AUDIT;RW16_TARGET_AUDIT;RW14_RW16_SEMANTIC_DIFF;CONTRACT_RUNTIME	contract_runtime	resolved	TEST_PATCH_AUDIT.md;TEST_COVERAGE.md;decompiler 2026-06-01;EV.STATIC.CHILD_DEATH_THOUGHT_BIOTECH_GATE;EV.RUNTIME.DLC.BIOTECH_CHILD_THOUGHTS	No open killed-child memory-factor branch remains for active Biotech.	Patch row owns target shape and hook intent only; player flow belongs to primary scenario.	Decompiler confirmed the 1.4 and 1.6 constructor bodies are identical and apply moodPowerFactor to the created Thought_Memory. Active-Biotech runtime generated a child zombie and proved KilledChild moodPowerFactor reduced to 0.5.
PATCH.Thought_Tale_OpinionOffset_Patch	patch	hostility	Harmony patch Thought_Tale_OpinionOffset_Patch must preserve its semantic hook intent.	Source/Patches.cs	not_applicable	Thought_Tale_OpinionOffset_Patch	see owning feature/scenario row	Thought_Tale.OpinionOffset	unknown	Zombie faction killed-child tale opinion reduction.	E.HOSTILITY.TARGETING	S-Source-Patch-Audit	SOURCE_AUDIT;RW16_TARGET_AUDIT;RW14_RW16_SEMANTIC_DIFF;CONTRACT_RUNTIME	contract_runtime	resolved	TEST_PATCH_AUDIT.md;TEST_COVERAGE.md;decompiler 2026-06-01;EV.STATIC.CHILD_DEATH_THOUGHT_BIOTECH_GATE;EV.RUNTIME.DLC.BIOTECH_CHILD_THOUGHTS	No open killed-child tale-opinion branch remains for active Biotech.	Patch row owns target shape and hook intent only; player flow belongs to primary scenario.	Decompiler confirmed the 1.4 and 1.6 OpinionOffset bodies are identical and read the latest tale for def.taleDef and otherPawn. Active-Biotech runtime used real KilledChild_Opinion/TaleDefOf.KilledChild defs and proved the opinion offset reduced from -20 to -5.
PATCH.Thought_Memory_Save_Patch	patch	social	Zombie-owned or zombie-referencing thoughts must not be serialized into ordinary pawn memory saves.	Source/Patches.cs	not_applicable	Thought_Memory_Save_Patch	build-verified source path;future save-load rerun	Thought_Memory.Save	unknown	Prevent transient zombie social/thought references from deep-saving otherPawn zombie refs.	K.SOCIAL.SELECTION	S-Social-Selection;S-Source-Patch-Audit	SOURCE_AUDIT;RW16_TARGET_AUDIT;SAVE_LOAD;LOG_CLEAN	source_only	resolved	TEST_COVERAGE.md organic save-warning regression evidence 2026-06-01	Needs a focused save-load rerun after restart if social-memory save warnings reappear or this patch changes.	Patch row owns target shape and hook intent only; player flow belongs to K.SOCIAL.SELECTION.	RimWorld 1.6 decompiler evidence shows MemoryThoughtHandler.ExposeData removes memories with Save=false before deep-scribing and Thought_Memory.ExposeData deep-scribes otherPawn; source patch returns Save=false for Zombieland defs or memories whose otherPawn is a Zombieland social pawn.
PATCH.ImmunityHandler_ImmunityHandlerTickInterval_Patch	patch	core_zombie	Harmony patch ImmunityHandler_ImmunityHandlerTickInterval_Patch must preserve its semantic hook intent.	Source/Patches.cs	not_applicable	ImmunityHandler_ImmunityHandlerTickInterval_Patch	see owning feature/scenario row	ImmunityHandler.ImmunityHandlerTickInterval	unknown	Suppress zombie immunity progress.	C.CORE.ZOMBIE_LOOP	S-Source-Patch-Audit	SOURCE_AUDIT;RW16_TARGET_AUDIT;RW14_RW16_SEMANTIC_DIFF;CONTRACT_RUNTIME;SCENARIO_RUNTIME;LOG_CLEAN	contract_runtime	resolved	EV.STATIC.CORE_HEALTH_NEEDS_COLLISION;TEST_PATCH_AUDIT.md row Source/Patches.cs:5314;TEST_COVERAGE.md	No open immunity-suppression gap remains; rerun only if RimWorld immunity tick interval semantics or Zombieland pawn classification changes.	Patch row owns target shape and hook intent only; player flow belongs to C.CORE.ZOMBIE_LOOP.	RimWorld 1.4 ImmunityHandlerTick became 1.6 ImmunityHandlerTickInterval(int delta) but keeps the same needed-immunity, immunity-record update and removal loop with delta-aware ImmunityTickInterval; runtime evidence proves zombie immunity stays at zero while human immunity advances.
PATCH.Projectile_Launch_Patch	patch	core_zombie	Harmony patch Projectile_Launch_Patch must preserve its semantic hook intent.	Source/Patches.cs	not_applicable	Projectile_Launch_Patch	see owning feature/scenario row	Projectile.Launch	unknown	Emit pheromone from non-zombie ranged attacks.	C.CORE.ZOMBIE_LOOP	S-Source-Patch-Audit	SOURCE_AUDIT;RW16_TARGET_AUDIT;RW14_RW16_SEMANTIC_DIFF;CONTRACT_RUNTIME;SCENARIO_RUNTIME;LOG_CLEAN	contract_runtime	resolved	EV.STATIC.CORE_HEALTH_NEEDS_COLLISION;TEST_PATCH_AUDIT.md row Source/Patches.cs:5328;TEST_COVERAGE.md	No open projectile-launch pheromone gap remains; rerun only if RimWorld Projectile.Launch overloads or Zombieland noise scaling changes.	Patch row owns target shape and hook intent only; player flow belongs to C.CORE.ZOMBIE_LOOP.	RimWorld 1.6 keeps the typed eight-argument virtual Projectile.Launch overload; body changes add stopping-power and equipment-quality state but leave launcher/origin/usedTarget initialization intact. Runtime evidence proves human launches bump pheromone cells and spitter launches do not.
PATCH.Pawn_PathFollower_WillCollideWithPawnAt_Patch	patch	pathing	Harmony patch Pawn_PathFollower_WillCollideWithPawnAt_Patch must preserve its semantic hook intent.	Source/Patches.cs	not_applicable	Pawn_PathFollower_WillCollideWithPawnAt_Patch	see owning feature/scenario row	Pawn_PathFollower.WillCollideWithPawnAt	unknown	Suppress zombie path collision.	D.PATHING.DOOR_AVOIDANCE	S-Source-Patch-Audit	SOURCE_AUDIT;RW16_TARGET_AUDIT;RW14_RW16_SEMANTIC_DIFF;CONTRACT_RUNTIME;SCENARIO_RUNTIME;LOG_CLEAN	contract_runtime	resolved	EV.STATIC.CORE_HEALTH_NEEDS_COLLISION;TEST_PATCH_AUDIT.md row Source/Patches.cs:5351;TEST_COVERAGE.md	No open direct zombie path-collision gap remains; dense moving-horde overlap remains broader scenario work only if named.	Patch row owns target shape and hook intent only; player flow belongs to D.PATHING.DOOR_AVOIDANCE.	RimWorld 1.6 expanded the private WillCollideWithPawnAt signature with forceOnlyStanding and useId and still routes through PawnUtility.AnyPawnBlockingPathAt; runtime evidence proves reflected zombie collision returns false.
PATCH.PawnCollisionTweenerUtility_PawnCollisionPosOffsetFor_Patch	patch	pathing	Harmony patch PawnCollisionTweenerUtility_PawnCollisionPosOffsetFor_Patch must preserve its semantic hook intent.	Source/Patches.cs	not_applicable	PawnCollisionTweenerUtility_PawnCollisionPosOffsetFor_Patch	see owning feature/scenario row	PawnCollisionTweenerUtility.PawnCollisionPosOffsetFor	unknown	Suppress zombie collision tween offset.	D.PATHING.DOOR_AVOIDANCE	S-Source-Patch-Audit	SOURCE_AUDIT;RW16_TARGET_AUDIT;RW14_RW16_SEMANTIC_DIFF;CONTRACT_RUNTIME;SCENARIO_RUNTIME;LOG_CLEAN	contract_runtime	resolved	EV.STATIC.CORE_HEALTH_NEEDS_COLLISION;TEST_PATCH_AUDIT.md row Source/Patches.cs:5367;TEST_COVERAGE.md	No open direct zombie collision-tweener gap remains; dense visual overlap remains broader scenario work only if named.	Patch row owns target shape and hook intent only; player flow belongs to D.PATHING.DOOR_AVOIDANCE.	RimWorld 1.6 PawnCollisionPosOffsetFor is unchanged from 1.4; runtime evidence proves a spawned normal zombie returns Vector3.zero.
PATCH.Pawn_NeedsTracker_AllNeeds_Patch	patch	core_zombie	Harmony patch Pawn_NeedsTracker_AllNeeds_Patch must preserve its semantic hook intent.	Source/Patches.cs	not_applicable	Pawn_NeedsTracker_AllNeeds_Patch	see owning feature/scenario row	Pawn_NeedsTracker.AllNeeds	unknown	Hide zombie needs.	C.CORE.ZOMBIE_LOOP	S-Source-Patch-Audit	SOURCE_AUDIT;RW16_TARGET_AUDIT;RW14_RW16_SEMANTIC_DIFF;CONTRACT_RUNTIME;SCENARIO_RUNTIME;LOG_CLEAN	contract_runtime	resolved	EV.STATIC.CORE_HEALTH_NEEDS_COLLISION;TEST_PATCH_AUDIT.md row Source/Patches.cs:5499;TEST_COVERAGE.md	No open public zombie-needs read gap remains; rerun only if Pawn_NeedsTracker storage or Zombieland pawn classification changes.	Patch row owns target shape and hook intent only; player flow belongs to C.CORE.ZOMBIE_LOOP.	RimWorld 1.4 and 1.6 AllNeeds both return the internal needs list; runtime evidence proves Zombieland zombies expose an empty public list even when a forced internal Food need exists.
PATCH.Pawn_NeedsTracker_AddOrRemoveNeedsAsAppropriate_Patch	patch	core_zombie	Harmony patch Pawn_NeedsTracker_AddOrRemoveNeedsAsAppropriate_Patch must preserve its semantic hook intent.	Source/Patches.cs	not_applicable	Pawn_NeedsTracker_AddOrRemoveNeedsAsAppropriate_Patch	see owning feature/scenario row	Pawn_NeedsTracker.AddOrRemoveNeedsAsAppropriate	unknown	Remove/reconcile zombie needs.	C.CORE.ZOMBIE_LOOP	S-Source-Patch-Audit	SOURCE_AUDIT;RW16_TARGET_AUDIT;RW14_RW16_SEMANTIC_DIFF;CONTRACT_RUNTIME;SCENARIO_RUNTIME;LOG_CLEAN	contract_runtime	resolved	EV.STATIC.CORE_HEALTH_NEEDS_COLLISION;TEST_PATCH_AUDIT.md row Source/Patches.cs:5513;TEST_COVERAGE.md	No open zombie-need reconciliation gap remains; rerun only if RimWorld changes need add/remove ownership or Zombieland ClearNeeds changes.	Patch row owns target shape and hook intent only; player flow belongs to C.CORE.ZOMBIE_LOOP.	RimWorld 1.6 keeps the same need add/remove loop with a TryGetNeed(out) refactor and no longer sets needsInitialized here; runtime evidence proves real reconciliation clears forced zombie needs and rebounds direct fields.
PATCH.Pawn_NeedsTracker_NeedsTrackerTickInterval_Patch	patch	core_zombie	Harmony patch Pawn_NeedsTracker_NeedsTrackerTickInterval_Patch must preserve its semantic hook intent.	Source/Patches.cs	not_applicable	Pawn_NeedsTracker_NeedsTrackerTickInterval_Patch	see owning feature/scenario row	Pawn_NeedsTracker.NeedsTrackerTickInterval	unknown	Suppress zombie need ticks.	C.CORE.ZOMBIE_LOOP	S-Source-Patch-Audit	SOURCE_AUDIT;RW16_TARGET_AUDIT;RW14_RW16_SEMANTIC_DIFF;CONTRACT_RUNTIME;SCENARIO_RUNTIME;LOG_CLEAN	contract_runtime	resolved	EV.STATIC.CORE_HEALTH_NEEDS_COLLISION;TEST_PATCH_AUDIT.md row Source/Patches.cs:5527;TEST_COVERAGE.md	No open zombie need-tick suppression gap remains; rerun only if RimWorld changes the needs tick interval or Zombieland pawn classification changes.	Patch row owns target shape and hook intent only; player flow belongs to C.CORE.ZOMBIE_LOOP.	RimWorld 1.4 NeedsTrackerTick became 1.6 NeedsTrackerTickInterval(int delta) with the same 150-tick need interval loop made delta-aware; runtime evidence proves forced zombie Food does not tick down through the real interval method.
PATCH.Pawn_HearClamor_Patch	patch	core_zombie	Harmony patch Pawn_HearClamor_Patch must preserve its semantic hook intent.	Source/Patches.cs	not_applicable	Pawn_HearClamor_Patch	see owning feature/scenario row	Pawn.HearClamor;Pawn_MindState.Notify_ClamorImpact	unknown	Suppress zombie clamor listener effects.	C.CORE.ZOMBIE_LOOP	S-Source-Patch-Audit	SOURCE_AUDIT;RW16_TARGET_AUDIT;CONTRACT_RUNTIME;SCENARIO_RUNTIME;LOG_CLEAN	contract_runtime	resolved	TEST_PATCH_AUDIT.md;TEST_COVERAGE.md;decompiler 2026-05-31	If RimWorld changes HearClamor source/hearer semantics, rerun the zombie-source and zombie-hearer runtime branch.	Patch row owns target shape and hook intent only; player flow belongs to primary scenario.	Patch now suppresses when either source or hearer is a Zombieland pawn; runtime proved human impact clamor mutates a human hearer but leaves a zombie hearer unchanged.
PATCH.Pawn_RecordsTracker_GetValue_Patch	patch	core_zombie	Harmony patch Pawn_RecordsTracker_GetValue_Patch must preserve its semantic hook intent.	Source/Patches.cs	not_applicable	Pawn_RecordsTracker_GetValue_Patch	see owning feature/scenario row	Pawn_RecordsTracker.GetValue	unknown	Public zombie record read suppression.	C.CORE.ZOMBIE_LOOP	S-Source-Patch-Audit	SOURCE_AUDIT;RW16_TARGET_AUDIT;RW14_RW16_SEMANTIC_DIFF;CONTRACT_RUNTIME;SCENARIO_RUNTIME;LOG_CLEAN	contract_runtime	resolved	EV.STATIC.CORE_RECORDS_TAR_BLOOD;TEST_PATCH_AUDIT.md row Source/Patches.cs:5485;TEST_COVERAGE.md	No open public float record-read gap remains; rerun only if Pawn_RecordsTracker record storage or Zombieland pawn classification changes.	Patch row owns target shape and hook intent only; player flow belongs to C.CORE.ZOMBIE_LOOP.	RimWorld 1.4 and 1.6 GetValue(RecordDef) are identical; runtime records-suppression evidence proves zombie Kills returns 0 while human control returns 3 after attempted mutation.
PATCH.Pawn_RecordsTracker_GetAsInt_Patch	patch	core_zombie	Harmony patch Pawn_RecordsTracker_GetAsInt_Patch must preserve its semantic hook intent.	Source/Patches.cs	not_applicable	Pawn_RecordsTracker_GetAsInt_Patch	see owning feature/scenario row	Pawn_RecordsTracker.GetAsInt	unknown	Public zombie integer record read suppression.	C.CORE.ZOMBIE_LOOP	S-Source-Patch-Audit	SOURCE_AUDIT;RW16_TARGET_AUDIT;RW14_RW16_SEMANTIC_DIFF;CONTRACT_RUNTIME;SCENARIO_RUNTIME;LOG_CLEAN	contract_runtime	resolved	EV.STATIC.CORE_RECORDS_TAR_BLOOD;TEST_PATCH_AUDIT.md row Source/Patches.cs:5499;TEST_COVERAGE.md	No open public integer record-read gap remains; rerun only if Pawn_RecordsTracker record storage or Zombieland pawn classification changes.	Patch row owns target shape and hook intent only; player flow belongs to C.CORE.ZOMBIE_LOOP.	RimWorld 1.4 and 1.6 GetAsInt(RecordDef) are identical; runtime records-suppression evidence proves zombie Kills int returns 0 while human control returns 3 after attempted mutation.
PATCH.Pawn_PathFollower_CostToMoveIntoCell_Patch	patch	pathing	Harmony patch Pawn_PathFollower_CostToMoveIntoCell_Patch must preserve its semantic hook intent.	Source/Patches.cs	not_applicable	Pawn_PathFollower_CostToMoveIntoCell_Patch	see owning feature/scenario row	Pawn_PathFollower.CostToMoveIntoCell	unknown	Tar-slime move cost formulas.	D.PATHING.DOOR_AVOIDANCE	S-Source-Patch-Audit	SOURCE_AUDIT;RW16_TARGET_AUDIT;RW14_RW16_SEMANTIC_DIFF;CONTRACT_RUNTIME;SCENARIO_RUNTIME;LOG_CLEAN	contract_runtime	resolved	EV.STATIC.CORE_RECORDS_TAR_BLOOD;TEST_PATCH_AUDIT.md row Source/Patches.cs:5617;TEST_COVERAGE.md	No open tar-slime movement-cost gap remains; rerun only if CostToMoveIntoCell or TarSlime formulas change.	Patch row owns target shape and hook intent only; movement/pathing player flow belongs to D.PATHING.DOOR_AVOIDANCE.	RimWorld 1.6 changes CostToMoveIntoCell from int to float and adds base-cost override, terrain tag and float urgency math, but the static Pawn, IntVec3 overload still owns final cell cost; runtime tar-slime contract proves the human and Zombieland-pawn formulas.
PATCH.Pawn_HealthTracker_DropBloodFilth_Patch	patch	core_zombie	Harmony patch Pawn_HealthTracker_DropBloodFilth_Patch must preserve its semantic hook intent.	Source/Patches.cs	not_applicable	Pawn_HealthTracker_DropBloodFilth_Patch	see owning feature/scenario row	Pawn_HealthTracker.DropBloodFilth	unknown	Zombie blood filth setting/tanky gates.	C.CORE.ZOMBIE_LOOP	S-Source-Patch-Audit	SOURCE_AUDIT;RW16_TARGET_AUDIT;RW14_RW16_SEMANTIC_DIFF;CONTRACT_RUNTIME;SCENARIO_RUNTIME;LOG_CLEAN	contract_runtime	resolved	EV.STATIC.CORE_RECORDS_TAR_BLOOD;TEST_PATCH_AUDIT.md row Source/Patches.cs:5634;TEST_COVERAGE.md	No open zombie blood-filth gate remains; rerun only if DropBloodFilth, mutant blood defs, or Zombieland blood settings change.	Patch row owns target shape and hook intent only; blood/filth behavior belongs to C.CORE.ZOMBIE_LOOP and contamination filth rows.	RimWorld 1.6 DropBloodFilth keeps the same signature and spawned/held filth role while adding mutant bloodDef selection; runtime blood contract proves normal/spitter/tanky behavior under zombiesDropBlood true and false with clean logs.
PATCH.Thing_Destroy_Patch	patch	contamination	Harmony patch Thing_Destroy_Patch must preserve its semantic hook intent.	Source/ContaminationPatches.cs	not_applicable	Thing_Destroy_Patch	see owning feature/scenario row	Thing.Destroy	unknown	Remove destroyed thing contamination entries.	G.CONTAMINATION.C0_STATE	S-Source-Patch-Audit	SOURCE_AUDIT;RW16_TARGET_AUDIT;RW14_RW16_SEMANTIC_DIFF	contract_runtime	resolved	TEST_PATCH_AUDIT.md resolved-runtime row;zombieland/contamination_core_contract C0 direct Thing.Destroy cleanup evidence	Runtime evidence already collected; rerun only if Thing.Destroy cleanup or contamination manager entry semantics change.	Patch row owns target shape and hook intent only; player flow belongs to primary scenario.	Patch audit status: resolved/runtime; C0 spawned a contaminated ComponentIndustrial, destroyed it through real Thing.Destroy(DestroyMode.Vanish), and confirmed the manager entry was removed.
PATCH.Pawn_NeedsTracker_ShouldHaveNeed_Patch	patch	contamination	The custom contamination need must be suppressed when contamination is disabled without altering ordinary need eligibility.	Source/ContaminationPatches.cs	not_applicable	Pawn_NeedsTracker_ShouldHaveNeed_Patch	zombieland/contamination_core_contract	Pawn_NeedsTracker.ShouldHaveNeed(NeedDef)	unknown	Postprocess vanilla need eligibility so CustomDefs.Contamination is hidden when Constants.CONTAMINATION is false.	G.CONTAMINATION.C0_STATE	C0-state-serializer;C5-player-effects	SOURCE_AUDIT;RW16_TARGET_AUDIT;CONTRACT_RUNTIME;LOG_CLEAN	contract_runtime	resolved	TEST_PATCH_AUDIT.md row Source/ContaminationPatches.cs:13;TEST_COVERAGE.md C0 evidence;decompiler rimworld-1.6 2026-06-01	No open need-gate gap remains; rerun only if RimWorld changes Pawn_NeedsTracker.ShouldHaveNeed or Zombieland changes the contamination setting gate.	Patch row owns target shape and hook intent only; player flow belongs to G.CONTAMINATION.C0_STATE.	Runtime C0 proved the contamination need gate toggles with Constants.CONTAMINATION; decompiler confirms 1.6 still centralizes need eligibility in Pawn_NeedsTracker.ShouldHaveNeed(NeedDef) before food/rest special cases.
PATCH.WorldGenerator_GenerateWorld_Patch	patch	contamination	World generation must reset cached contamination manager state so new games do not inherit stale map/world contamination.	Source/ContaminationPatches.cs	not_applicable	WorldGenerator_GenerateWorld_Patch	zombieland/contamination_core_contract	WorldGenerator.GenerateWorld(Single, String, OverallRainfall, OverallTemperature, OverallPopulation, LandmarkDensity, List<FactionDef>, Single)	unknown	Reset ContaminationManager after vanilla world generation completes.	G.CONTAMINATION.C0_STATE	C0-state-serializer	SOURCE_AUDIT;RW16_TARGET_AUDIT;CONTRACT_RUNTIME;LOG_CLEAN	contract_runtime	resolved	TEST_PATCH_AUDIT.md row Source/ContaminationPatches.cs:36;TEST_COVERAGE.md C0 evidence;decompiler rimworld-1.6 2026-06-01	No open world-reset gap remains; rerun only if RimWorld adds another world-generation entrypoint or changes GenerateWorld completion semantics.	Patch row owns target shape and hook intent only; player flow belongs to G.CONTAMINATION.C0_STATE.	Runtime C0 proved world-generation resets the cached ContaminationManager.Instance; decompiler confirms RimWorld 1.6 GenerateWorld still creates Current.CreatingWorld, runs ordered setup steps/layers, finalizes the world, returns it, and clears Current.CreatingWorld in finally.
PATCH.Pawn_FilthTracker_Notify_EnteredNewCell_Patch	patch	contamination	Pawns entering contaminated cells must gain or shed contamination through the real cell-entry hook.	Source/ContaminationPatchesFilth.cs	not_applicable	Pawn_FilthTracker_Notify_EnteredNewCell_Patch	zombieland/contamination_cell_fire_contract	Pawn_FilthTracker.Notify_EnteredNewCell()	unknown	Set pawn as temporary filth source during vanilla entry filth checks, then equalize pawn/cell contamination after entry.	G.CONTAMINATION.C4_ENVIRONMENT	C4-cleaning-environment;C0-state-serializer	SOURCE_AUDIT;RW16_TARGET_AUDIT;CONTRACT_RUNTIME;SCENARIO_RUNTIME;SAVE_LOAD;LOG_CLEAN	contract_runtime	resolved	TEST_PATCH_AUDIT.md row Source/ContaminationPatchesFilth.cs:12;TEST_SCENARIOS.md C4 evidence;decompiler rimworld-1.6 2026-06-01	No open cell-entry transfer gap remains; rerun only if RimWorld moves pawn cell-entry filth work away from Pawn_FilthTracker.Notify_EnteredNewCell.	Patch row owns target shape and hook intent only; player flow belongs to G.CONTAMINATION.C4_ENVIRONMENT.	Runtime C4 proved entry pawn contamination changed to 0.009139201 while entry cell stayed at 0.8 and persisted through save/load; decompiler confirms 1.6 still runs pawn filth drop/pickup/generation from Notify_EnteredNewCell.
PATCH.Fire_DoComplexCalcs_Patch	patch	contamination	Fire complex calculations must reduce thing and ground contamination when fire interacts with flammables at its cell.	Source/ContaminationPatchesMisc.cs	not_applicable	Fire_DoComplexCalcs_Patch	zombieland/contamination_cell_fire_contract	Fire.DoComplexCalcs()	unknown	Apply configured burn transfer/reduction around the vanilla complex fire calculation that scans terrain and flammable things.	G.CONTAMINATION.C4_ENVIRONMENT	C4-cleaning-environment;C3-world-products	SOURCE_AUDIT;RW16_TARGET_AUDIT;CONTRACT_RUNTIME;SCENARIO_RUNTIME;SAVE_LOAD;LOG_CLEAN	contract_runtime	resolved	TEST_PATCH_AUDIT.md row Source/ContaminationPatchesMisc.cs:31;TEST_SCENARIOS.md C4 evidence;decompiler rimworld-1.6 2026-06-01	Long-running fire spread remains broader scenario smoke; this row owns one complex-calc contamination interaction.	Patch row owns target shape and hook intent only; player flow belongs to G.CONTAMINATION.C4_ENVIRONMENT.	Runtime C4 proved one real complex-calc pass reduced component and ground contamination from 0.4 to 0.292 and persisted both values after reload; decompiler confirms 1.6 Fire.DoComplexCalcs still scans flammables at the fire position, applies fire damage, heat, snow reduction, growth and extinguish effects.
PATCH.TendUtility_DoTend_Patch	patch	contamination	Medical tending must transfer medicine contamination and equalize doctor/patient contamination according to medical skill.	Source/ContaminationPatchesMisc.cs	not_applicable	TendUtility_DoTend_Patch	zombieland/contamination_tending_contract	TendUtility.DoTend(Pawn, Pawn, Medicine)	unknown	Postprocess real tend completion after vanilla hediff tending and medicine consumption.	G.CONTAMINATION.C5_PLAYER_EFFECTS	C5-player-effects;I.INFECTION.MEDICAL	SOURCE_AUDIT;RW16_TARGET_AUDIT;CONTRACT_RUNTIME;SCENARIO_RUNTIME;LOG_CLEAN	contract_runtime	resolved	TEST_PATCH_AUDIT.md row Source/ContaminationPatchesMisc.cs:347;TEST_SCENARIOS.md C5 evidence;decompiler rimworld-1.6 2026-06-01	Broader medical workflow remains scenario smoke; this row owns the DoTend transfer boundary.	Patch row owns target shape and hook intent only; player flow belongs to G.CONTAMINATION.C5_PLAYER_EFFECTS.	Runtime C5 tending contract passed with medicine stack consumption and expected doctor/patient contamination 0.4/0.18; decompiler confirms 1.6 DoTend still tends hediffs, records tending, and consumes/destroys medicine before returning.
PATCH.PawnUtility_GainComfortFromCellIfPossible_Patch	patch	contamination	Resting or comfort gain on contaminated cells/buildings must equalize contamination through the real comfort hook.	Source/ContaminationPatchesMisc.cs	not_applicable	PawnUtility_GainComfortFromCellIfPossible_Patch	zombieland/contamination_rest_comfort_contract	PawnUtility.GainComfortFromCellIfPossible(Pawn, Int32, Boolean)	unknown	Periodically equalize pawn contamination with the current cell and any comfort edifice during vanilla comfort gain.	G.CONTAMINATION.C5_PLAYER_EFFECTS	C5-player-effects;C4-cleaning-environment	SOURCE_AUDIT;RW16_TARGET_AUDIT;CONTRACT_RUNTIME;SCENARIO_RUNTIME;LOG_CLEAN	contract_runtime	resolved	TEST_PATCH_AUDIT.md row Source/ContaminationPatchesMisc.cs:373;TEST_SCENARIOS.md C5 evidence;decompiler rimworld-1.6 2026-06-01	Bed/edifice sampling remains broader player-flow smoke; this row owns contaminated-cell rest comfort transfer.	Patch row owns target shape and hook intent only; player flow belongs to G.CONTAMINATION.C5_PLAYER_EFFECTS.	Runtime C5 rest comfort contract passed after null-safe cell-target handling, with pawn contamination 0.00352 and ground 0.79648 matching restEqualize; decompiler confirms 1.6 still gates comfort gain by Spawned and hash interval before reading the edifice at the pawn position.
PATCH.Corpse_InnerPawn_Setter_Patch	patch	contamination	Corpses must inherit contamination from their inner pawn when real death/corpse creation assigns InnerPawn.	Source/ContaminationPatchesMisc.cs	not_applicable	Corpse_InnerPawn_Setter_Patch	zombieland/contamination_corpse_inner_pawn_contract	Corpse.InnerPawn setter	unknown	Copy inner-pawn contamination to the corpse after vanilla replaces the corpse inner container content.	G.CONTAMINATION.C3_WORLD_PRODUCTS	C3-world-products;C0-state-serializer	SOURCE_AUDIT;RW16_TARGET_AUDIT;CONTRACT_RUNTIME;SCENARIO_RUNTIME;SAVE_LOAD;LOG_CLEAN	contract_runtime	resolved	TEST_PATCH_AUDIT.md row Source/ContaminationPatchesMisc.cs:453;TEST_COVERAGE.md C3 evidence;decompiler rimworld-1.6 2026-06-01	No open corpse/inner-pawn synchronization gap remains; rerun only if RimWorld changes Corpse.InnerPawn setter or death corpse creation.	Patch row owns target shape and hook intent only; player flow belongs to G.CONTAMINATION.C3_WORLD_PRODUCTS.	Runtime corpse contract killed a pawn at contamination 0.47, produced a fresh human corpse with matching inner pawn, and confirmed corpse contamination 0.47; decompiler confirms 1.6 Corpse.InnerPawn setter clears or TryAdd's the value into the corpse inner container.
PATCH.GenLeaving_DoLeavingsFor_Patch	patch	contamination	Destroyed things must transfer contamination into vanilla leavings, including stable components and runtime slag products.	Source/ContaminationPatchesFilth.cs	not_applicable	GenLeaving_DoLeavingsFor_Patch	ZL_Contamination_Persistence_20_world_products.rws	GenLeaving.DoLeavingsFor(Thing, Map, DestroyMode, CellRect, Predicate<IntVec3>, List<Thing>)	unknown	Capture source thing contamination while vanilla builds and drops leavings, then transfer to the emitted leavings list.	G.CONTAMINATION.C3_WORLD_PRODUCTS	C3-world-products;C0-state-serializer	SOURCE_AUDIT;RW16_TARGET_AUDIT;CONTRACT_RUNTIME;SCENARIO_RUNTIME;SAVE_LOAD;LOG_CLEAN	contract_runtime	resolved	TEST_PATCH_AUDIT.md row Source/ContaminationPatchesFilth.cs:65;TEST_SCENARIOS.md C3 caveat;decompiler rimworld-1.6 2026-06-01	Slag chunk transfer is runtime-proven but not stable by id after reload because RimWorld compresses/regenerates slag chunks; stable component leaving is the durable assertion.	Patch row owns target shape and hook intent only; player flow belongs to G.CONTAMINATION.C3_WORLD_PRODUCTS.	Runtime C3 proved ship-chunk leavings received total contamination 0.320000023 and stable component leaving Thing_ComponentIndustrial6908 reloaded at 0.160000011; decompiler confirms 1.6 still creates killed/building leavings, drops them through ThingOwner.TryDrop, and appends tmpKilledLeavings to listOfLeavingsOut.
PATCH.Mineable_Destroy_Patch	patch	contamination	Mineable destruction must preserve map context so mined or killed-yield products can inherit cell contamination.	Source/ContaminationPatchesMineable.cs	not_applicable	Mineable_Destroy_Patch	ZL_Contamination_Persistence_20_world_products.rws	Mineable.Destroy(DestroyMode)	unknown	Remember the mineable map during vanilla destruction so TrySpawnYield can read the destroyed mineable cell contamination.	G.CONTAMINATION.C3_WORLD_PRODUCTS	C3-world-products	SOURCE_AUDIT;RW16_TARGET_AUDIT;CONTRACT_RUNTIME;SCENARIO_RUNTIME;SAVE_LOAD;LOG_CLEAN	contract_runtime	resolved	TEST_PATCH_AUDIT.md row Source/ContaminationPatchesMineable.cs:85;TEST_SCENARIOS.md C3 world products;decompiler rimworld-1.6 2026-06-01	No open Mineable.Destroy map-context gap remains; rerun only if RimWorld changes mineable destruction/yield ordering.	Patch row owns target shape and hook intent only; player flow belongs to G.CONTAMINATION.C3_WORLD_PRODUCTS.	Runtime C3 captured mineable contamination before destruction during the DestroyMined path; decompiler confirms 1.6 Mineable.Destroy stores base.Map, calls base.Destroy, and calls TrySpawnYield for KillFinalize.
PATCH.Mineable_DestroyMined_Patch	patch	contamination	Mining a mineable must preserve map context through DestroyMined before the yield is spawned.	Source/ContaminationPatchesMineable.cs	not_applicable	Mineable_DestroyMined_Patch	ZL_Contamination_Persistence_20_world_products.rws	Mineable.DestroyMined(Pawn)	unknown	Remember the mineable map while vanilla destroys the mineable and spawns mined yield.	G.CONTAMINATION.C3_WORLD_PRODUCTS	C3-world-products	SOURCE_AUDIT;RW16_TARGET_AUDIT;CONTRACT_RUNTIME;SCENARIO_RUNTIME;SAVE_LOAD;LOG_CLEAN	contract_runtime	resolved	TEST_PATCH_AUDIT.md row Source/ContaminationPatchesMineable.cs:94;TEST_SCENARIOS.md C3 world products;decompiler rimworld-1.6 2026-06-01	No open DestroyMined transfer gap remains; rerun only if RimWorld changes mining yield ordering.	Patch row owns target shape and hook intent only; player flow belongs to G.CONTAMINATION.C3_WORLD_PRODUCTS.	Runtime C3 mined MineableSteel and reloaded yielded Thing_Steel6915 at contamination 0.65; decompiler confirms 1.6 DestroyMined stores base.Map, destroys with KillFinalize, calls TrySpawnYield, and records the mining history event.
PATCH.WildPlantSpawner_SpawnPlant_Patch	patch	contamination	Wild plants spawned on contaminated cells must inherit the configured plant contamination fraction.	Source/ContaminationPatchesPlants.cs	not_applicable	WildPlantSpawner_SpawnPlant_Patch	ZL_Contamination_Persistence_20_world_products.rws	WildPlantSpawner.SpawnPlant(ThingDef, Map, IntVec3, Boolean)	unknown	Postprocess the spawned plant with contamination from the target cell after vanilla ThingMaker and GenSpawn complete.	G.CONTAMINATION.C3_WORLD_PRODUCTS	C3-world-products	SOURCE_AUDIT;RW16_TARGET_AUDIT;CONTRACT_RUNTIME;SCENARIO_RUNTIME;SAVE_LOAD;LOG_CLEAN	contract_runtime	resolved	TEST_PATCH_AUDIT.md row Source/ContaminationPatchesPlants.cs:43;TEST_SCENARIOS.md C3 world products;decompiler rimworld-1.6 2026-06-01	No open wild-plant spawn gap remains; rerun only if RimWorld changes WildPlantSpawner.SpawnPlant return/spawn semantics.	Patch row owns target shape and hook intent only; player flow belongs to G.CONTAMINATION.C3_WORLD_PRODUCTS.	Runtime C3 spawned grass through the real wild-plant spawner and reloaded Thing_Plant_Grass6929 with contamination 0.201600015; decompiler confirms 1.6 still makes the plant with ThingMaker, optionally randomizes growth/age, spawns it at the cell, and returns it.
PATCH.JobDriver_PlantWork_MakeNewToils_Patch	patch	contamination	Harvested plant products must inherit contamination from the source plant through the real harvest toil.	Source/ContaminationPatchesPlants.cs	not_applicable	JobDriver_PlantWork_MakeNewToils_Patch	zombieland/contamination_plant_harvest_contract;ZL_Contamination_Persistence_20_world_products.rws	JobDriver_PlantWork.MakeNewToils generated harvest delegate;ThingMaker.MakeThing;ThingComp.GetAdditionalHarvestYield	unknown	Scope harvested-plant contamination around the real harvest closure so every product created through ThingMaker.MakeThing during harvest inherits source plant contamination.	G.CONTAMINATION.C3_WORLD_PRODUCTS	C3-world-products	SOURCE_AUDIT;RW16_TARGET_AUDIT;CONTRACT_RUNTIME;SCENARIO_RUNTIME;SAVE_LOAD;LOG_CLEAN	contract_runtime	resolved	TEST_PATCH_AUDIT.md row Source/ContaminationPatchesPlants.cs:57;TEST_SCENARIOS.md C3 world products;EV.RUNTIME.PLANT_HARVEST_CONTEXT_FIX;EV.RUNTIME.C3.PLANT_ADDITIONAL_HARVEST_FIXTURE;decompiler rimworld-1.6 2026-06-01	No open plant-harvest transfer gap remains in the active fixture-backed configuration; rerun only if RimWorld changes JobDriver_PlantWork or harvest comp semantics.	Patch row owns target shape and hook intent only; player flow belongs to G.CONTAMINATION.C3_WORLD_PRODUCTS.	2026-06-01 fix replaced the old single-call transpiler after decompiler found RimWorld 1.6 adds additional harvest-yield products through a second ThingMaker.MakeThing call. Runtime harvested rice from source contamination 0.64 into RawRice x6 at 0.256, then fixture plant ZLTestAdditionalHarvestPlant produced RawPotatoes x1 at 0.256 and additional WoodLog x2 at 0.153599992 through the same contract with empty warning logs.
PATCH.ThingMaker_MakeThing_PlantHarvestContext_Patch	patch	contamination	Plant harvest products created by RimWorld 1.6 harvest comp hooks must inherit source plant contamination while ordinary ThingMaker.MakeThing remains unaffected outside harvest.	Source/ContaminationPatchesPlants.cs	not_applicable	ThingMaker_MakeThing_PlantHarvestContext_Patch	zombieland/contamination_plant_harvest_contract	ThingMaker.MakeThing(ThingDef, ThingDef);JobDriver_PlantWork.MakeNewToils harvest context	unknown	Apply plant-transfer contamination only while JobDriver_PlantWork_MakeNewToils_Patch has an active harvested plant context.	G.CONTAMINATION.C3_WORLD_PRODUCTS	C3-world-products;S-Source-Patch-Audit	SOURCE_AUDIT;RW16_TARGET_AUDIT;CONTRACT_RUNTIME;SCENARIO_RUNTIME;LOG_CLEAN	contract_runtime	resolved	TEST_PATCH_AUDIT.md row Source/ContaminationPatchesPlants.cs:88;EV.RUNTIME.PLANT_HARVEST_CONTEXT_FIX;EV.RUNTIME.C3.PLANT_ADDITIONAL_HARVEST_FIXTURE;zombieland/contamination_plant_harvest_contract 2026-06-01	No open scoped ThingMaker harvest-context gap remains; do not treat this as a generic ThingMaker behavior claim.	Supporting patch row only; player flow and runtime proof belong to PATCH.JobDriver_PlantWork_MakeNewToils_Patch and G.CONTAMINATION.C3_WORLD_PRODUCTS.	Runtime rice and fixture additional-yield harvests prove products created through ThingMaker inside the active harvest context receive contamination; the patch remains inert when no active harvest plant is set.
PATCH.IncidentWorker_AmbrosiaSprout_TryExecuteWorker_Patch	patch	contamination	Ambrosia sprout incident plants must inherit contamination from the cells where the incident spawns them.	Source/ContaminationPatchesPlants.cs	not_applicable	IncidentWorker_AmbrosiaSprout_TryExecuteWorker_Patch	ZL_Contamination_Persistence_20_world_products.rws	IncidentWorker_AmbrosiaSprout.TryExecuteWorker(IncidentParms)	unknown	Replace ambrosia GenSpawn calls so incident-spawned ambrosia receives contamination from each spawn cell.	G.CONTAMINATION.C3_WORLD_PRODUCTS	C3-world-products	SOURCE_AUDIT;RW16_TARGET_AUDIT;CONTRACT_RUNTIME;SCENARIO_RUNTIME;SAVE_LOAD;LOG_CLEAN	contract_runtime	resolved	TEST_PATCH_AUDIT.md row Source/ContaminationPatchesPlants.cs:99;TEST_SCENARIOS.md C3 world products;decompiler rimworld-1.6 2026-06-01	No open ambrosia incident spawn gap remains; rerun only if RimWorld changes the incident's GenSpawn path.	Patch row owns target shape and hook intent only; player flow belongs to G.CONTAMINATION.C3_WORLD_PRODUCTS.	Runtime C3 ran the real ambrosia incident, spawned 13 ambrosia, and reloaded sampled ambrosia Thing_Plant_Ambrosia6931/6932/6933 at 0.68; decompiler confirms 1.6 still loops CountRange, finds nearby cells, destroys any existing plant, spawns Plant_Ambrosia, and sends the standard letter.
PATCH.JobDriver_ClearSnow_MakeNewToils_Patch	patch	contamination	Clearing snow or sand must transfer cell contamination to the worker through the real clear job delegate.	Source/ContaminationPatchesPollutionSnow.cs	not_applicable	JobDriver_ClearSnow_MakeNewToils_Patch	zombieland/contamination_clear_snow_contract	JobDriver_ClearSnowAndSand.MakeNewToils generated clear delegate;SnowGrid.SetDepth;SandGrid.SetDepth	unknown	Replace depth clearing so the worker receives configured contamination from the cleared cell before vanilla depth is set to zero.	G.CONTAMINATION.C4_ENVIRONMENT	C4-cleaning-environment	SOURCE_AUDIT;RW16_TARGET_AUDIT;RW14_RW16_SEMANTIC_DIFF;CONTRACT_RUNTIME;SCENARIO_RUNTIME;SAVE_LOAD;LOG_CLEAN	contract_runtime	resolved	EV.STATIC.C4_FILTH_FLOOR_SNOW_CLOSURES;EV.RUNTIME.C4.SANDGRID_ABSENT;EV.RUNTIME.C4.ODYSSEY_SAND;TEST_PATCH_AUDIT.md row Source/ContaminationPatchesPollutionSnow.cs:55;TEST_SCENARIOS.md C4 evidence	No open snow/sand clearing gap remains for the current official-DLC loadout; rerun only if RimWorld changes JobDriver_ClearSnowAndSand, SnowGrid/SandGrid depth semantics, or Zombieland clear-depth contamination code.	Patch row owns target shape and hook intent only; player flow belongs to G.CONTAMINATION.C4_ENVIRONMENT.	Runtime C4 cleared snow through the real job, transferred contamination 0.0443520024 to worker Thing_Human6903, and reloaded cleared cell (101,100) at 0.72; the 2026-06-01 mode:sand contract first returned a structured skip with sandGridAvailable=false under the pre-DLC loadout. With active Odyssey, the fixed reusable contract used a sand-holding Soil cell, verified SandGrid support was present, cleared sand depth 1 -> 0 after 248 ticks, and transferred worker contamination 0 -> 0.0443520024 from ground 0.72; the snow control rerun cleared snow depth 1 -> 0 after 388 ticks with the same transfer and only the known EMPTY migration warning. Decompiler confirms RimWorld 1.4 JobDriver_ClearSnow became 1.6 JobDriver_ClearSnowAndSand, and the new clear delegate still calls snowGrid.SetDepth plus optional sandGrid.SetDepth.
PATCH.GenReciepe_MakeRecipeProducts_Patch	patch	contamination	Recipe products must inherit contamination from ingredients, bench and worker through the real recipe product pipeline.	Source/ContaminationPatchesMisc.cs	not_applicable	GenReciepe_MakeRecipeProducts_Patch	zombieland/contamination_recipe_product_contract	GenRecipe.MakeRecipeProducts(RecipeDef, Pawn, List<Thing>, Thing, Precept_ThingStyle, ThingStyleDef, Int32)	unknown	Postprocess yielded recipe products after vanilla ThingMaker product creation and special-product enumeration.	G.CONTAMINATION.C1_STACKS	S-Source-Patch-Audit;C1-stack-container	SOURCE_AUDIT;RW16_TARGET_AUDIT;CONTRACT_RUNTIME;SCENARIO_RUNTIME;SAVE_LOAD;LOG_CLEAN	contract_runtime	resolved	TEST_PATCH_AUDIT.md row Source/ContaminationPatchesMisc.cs:69;TEST_COVERAGE.md C1 evidence;decompiler 2026-06-01	Bench and worker equalization remain represented by source logic; product-transfer runtime is covered.	Patch row owns target shape and hook intent only; player flow belongs to G.CONTAMINATION.C1_STACKS.	Runtime moved ingredient steel contamination 0.8 -> 0.4 and product ComponentIndustrial received 0.4; decompiler confirms RimWorld 1.6 still creates normal products with ThingMaker.MakeThing and enumerates special products before postprocessing.
PATCH.ThingOwner_TryTransferToContainer_Patch	patch	contamination	ThingOwner transfers must preserve contamination when stacks move into containers, including frame resource containers.	Source/ContaminationPatchesMisc.cs	not_applicable	ThingOwner_TryTransferToContainer_Patch	zombieland/contamination_thing_owner_transfer_contract;zombieland/complete_frame_by_id	ThingOwner.TryTransferToContainer(Thing, ThingOwner, Int32, out Thing, Boolean)	unknown	Capture source map context and frame contamination while vanilla splits and transfers stack counts between owners.	G.CONTAMINATION.C1_STACKS	C1-stack-container;C2-build-replace	SOURCE_AUDIT;RW16_TARGET_AUDIT;CONTRACT_RUNTIME;SCENARIO_RUNTIME;SAVE_LOAD;LOG_CLEAN	contract_runtime	resolved	TEST_PATCH_AUDIT.md row Source/ContaminationPatchesMisc.cs:94;TEST_SCENARIOS.md C1 stack-container;decompiler 2026-06-01	Post-reload held-resource loss is covered by the frame completion fallback rather than this transfer hook.	Patch row owns target shape and hook intent only; player flow belongs to G.CONTAMINATION.C1_STACKS.	Runtime proved partial 4 and full remaining 6 transfers between real frame resource containers; decompiler confirms RimWorld 1.6 still validates ownership, splits item counts, TryAdd's into the target owner, and returns the transferred stack.
PATCH.Thing_TryAbsorbStack_Patch	patch	contamination	Stack merges must keep weighted contamination when one stack absorbs another.	Source/ContaminationPatchesMisc.cs	not_applicable	Thing_TryAbsorbStack_Patch	zombieland/contamination_stack_absorb_contract	Thing.TryAbsorbStack(Thing, Boolean)	unknown	Compute and apply weighted contamination after vanilla stack absorption mutates target/source counts and possibly destroys the source.	G.CONTAMINATION.C1_STACKS	C1-stack-container;C0-state-serializer	SOURCE_AUDIT;RW16_TARGET_AUDIT;CONTRACT_RUNTIME;SCENARIO_RUNTIME;SAVE_LOAD;LOG_CLEAN	contract_runtime	resolved	TEST_PATCH_AUDIT.md row Source/ContaminationPatchesMisc.cs:145;TEST_COVERAGE.md C1 evidence;decompiler 2026-06-01	No open stack-absorb gap remains; rerun only if RimWorld changes TryAbsorbStack count/destruction flow.	Patch row owns target shape and hook intent only; player flow belongs to G.CONTAMINATION.C1_STACKS.	Runtime merged Steel x6 at 0.2 with Steel x4 at 0.8 into Steel x10 at 0.44 and destroyed the source; decompiler confirms 1.6 still mutates stackCount, updates maps/listers, and destroys the empty source.
PATCH.Thing_SplitOff_Patch	patch	contamination	Ordinary stack splits must copy contamination to the split result without losing map/container context.	Source/ContaminationPatchesMisc.cs	not_applicable	Thing_SplitOff_Patch	zombieland/contamination_core_contract;ZL_Contamination_Persistence_10_handoffs.rws	Thing.SplitOff(Int32)	unknown	Copy contamination from source stack to split result after vanilla full/partial split behavior.	G.CONTAMINATION.C1_STACKS	C1-stack-container;C0-state-serializer	SOURCE_AUDIT;RW16_TARGET_AUDIT;CONTRACT_RUNTIME;SCENARIO_RUNTIME;SAVE_LOAD;LOG_CLEAN	contract_runtime	resolved	TEST_PATCH_AUDIT.md row Source/ContaminationPatchesMisc.cs:188;TEST_COVERAGE.md C0/C1 evidence;decompiler 2026-06-01	Minified proportional split behavior is owned by PATCH.MinifiedThing_SplitOff_Patch.	Patch row owns target shape and hook intent only; player flow belongs to G.CONTAMINATION.C1_STACKS.	Runtime proved contaminated stack split preserved contamination on source and split results and persisted through C1 reads; decompiler confirms 1.6 Thing.SplitOff still returns self for full split and creates a new Thing via ThingMaker for partial split.
PATCH.ThingWithComps_SplitOff_Patch	patch	contamination	Component stack splits must keep contamination while still allowing vanilla comps to receive PostSplitOff.	Source/ContaminationPatchesMisc.cs	not_applicable	ThingWithComps_SplitOff_Patch	zombieland/contamination_core_contract	ThingWithComps.SplitOff(Int32)	unknown	Copy contamination for ThingWithComps split results after vanilla base split and comp PostSplitOff notifications.	G.CONTAMINATION.C1_STACKS	C1-stack-container;C0-state-serializer	SOURCE_AUDIT;RW16_TARGET_AUDIT;CONTRACT_RUNTIME;SCENARIO_RUNTIME;SAVE_LOAD;LOG_CLEAN	contract_runtime	resolved	TEST_PATCH_AUDIT.md row Source/ContaminationPatchesMisc.cs:234;TEST_COVERAGE.md C0 split evidence;decompiler 2026-06-01	No open component-stack split gap remains; rerun if RimWorld changes ThingWithComps.SplitOff notification order.	Patch row owns target shape and hook intent only; player flow belongs to G.CONTAMINATION.C1_STACKS.	Runtime split ComponentIndustrial x10 at contamination 0.6 into source x6 and split x4, both 0.6; decompiler confirms 1.6 still calls base.SplitOff and then comp.PostSplitOff on each comp.
PATCH.Thing_Ingested_Patch	patch	contamination	Ingestion must transfer contamination from consumed food stacks to the eater while reducing remaining stack contamination correctly.	Source/ContaminationPatchesMisc.cs	not_applicable	Thing_Ingested_Patch	zombieland/contamination_ingestion_contract	Thing.Ingested(Pawn, Single);Thing.IngestedCalculateAmounts	unknown	Replace ingestion amount calculation call-site so partial-stack consumption can transfer contamination to pawn need/hediff state and remaining food.	G.CONTAMINATION.C1_STACKS	C1-stack-container;I.INFECTION.MEDICAL	SOURCE_AUDIT;RW16_TARGET_AUDIT;CONTRACT_RUNTIME;SCENARIO_RUNTIME;SAVE_LOAD;LOG_CLEAN	contract_runtime	resolved	TEST_PATCH_AUDIT.md row Source/ContaminationPatchesMisc.cs:246;TEST_COVERAGE.md C1 ingestion evidence;decompiler 2026-06-01	Clean ingestion is represented by core clean-state negatives and broader player smoke, not this row.	Patch row owns target shape and hook intent only; player flow belongs to G.CONTAMINATION.C1_STACKS.	Runtime ingested one meal from a contaminated five-meal stack, eater contamination changed 0 -> 0.09600001 and remaining meal stack changed 0.5 -> 0.403999984; decompiler confirms 1.6 ingestion still uses stack/nutrition calculation inside the broader ingestion pipeline.
PATCH.Pawn_CarryTracker_CarryHandsTickInterval_Patch	patch	contamination	Carried items must equalize contamination with the carrying pawn on the real carry tick cadence.	Source/ContaminationPatchesMisc.cs	not_applicable	Pawn_CarryTracker_CarryHandsTickInterval_Patch	zombieland/contamination_carry_tracker_contract	Pawn_CarryTracker.CarryHandsTickInterval(Int32)	unknown	Equalize contamination between pawn and carried thing during the carry tracker interval hook.	G.CONTAMINATION.C1_STACKS	C1-stack-container;C0-state-serializer	SOURCE_AUDIT;RW16_TARGET_AUDIT;CONTRACT_RUNTIME;SCENARIO_RUNTIME;SAVE_LOAD;LOG_CLEAN	contract_runtime	resolved	TEST_PATCH_AUDIT.md row Source/ContaminationPatchesMisc.cs:392;TEST_COVERAGE.md C1 carry evidence;decompiler 2026-06-01	Repetition-after-drop is broader haul/player-flow negative coverage, not this hook boundary.	Patch row owns target shape and hook intent only; player flow belongs to G.CONTAMINATION.C1_STACKS.	Runtime carried contaminated Steel x20 through the real carry tick cadence, pawn contamination changed 0 -> 0.060200002 and carried item 0.7 -> 0.6398; decompiler confirms 1.6 carry tick remains a stable interval hook.
PATCH.Thing_SpecialDisplayStats_Patch	patch	contamination	Harmony patch Thing_SpecialDisplayStats_Patch must preserve its semantic hook intent.	Source/ContaminationPatches.cs	not_applicable	Thing_SpecialDisplayStats_Patch	see owning feature/scenario row	Thing.SpecialDisplayStats	unknown	Add contamination stat line.	G.CONTAMINATION.C6_UI_QUEST	S-Source-Patch-Audit	SOURCE_AUDIT;RW16_TARGET_AUDIT;RW14_RW16_SEMANTIC_DIFF;CONTRACT_RUNTIME;SCENARIO_RUNTIME;LOG_CLEAN	contract_runtime	resolved	EV.STATIC.C6_UI_QUEST_FRONTEND;TEST_PATCH_AUDIT.md row Source/ContaminationPatches.cs:82;TEST_COVERAGE.md	No open contamination stat-display gap remains; rerun only if Thing.SpecialDisplayStats or the contamination stat label/value format changes.	Patch row owns target shape and hook intent only; player flow belongs to G.CONTAMINATION.C6_UI_QUEST.	RimWorld 1.4 and 1.6 Thing.SpecialDisplayStats are unchanged; runtime C6 evidence proves clean and contaminated Steel stats display 0.00% and 65.00% with clean logs.
PATCH.Widgets_ThingIcon_Patch	patch	contamination	Harmony patch Widgets_ThingIcon_Patch must preserve its semantic hook intent.	Source/ContaminationPatches.cs	not_applicable	Widgets_ThingIcon_Patch	see owning feature/scenario row	Widgets.ThingIcon	unknown	Overlay contaminated thing icons.	G.CONTAMINATION.C6_UI_QUEST	S-Source-Patch-Audit	SOURCE_AUDIT;RW16_TARGET_AUDIT;RW14_RW16_SEMANTIC_DIFF;CONTRACT_RUNTIME;SCENARIO_RUNTIME;VISUAL_UI;LOG_CLEAN	contract_runtime	resolved	EV.STATIC.C6_UI_QUEST_FRONTEND;TEST_PATCH_AUDIT.md row Source/ContaminationPatches.cs:102;TEST_COVERAGE.md C6 screenshot;EV.RUNTIME.PLAYER.RIGHTCLICK_PHASE2_BUGS	No open contaminated thing-icon baseline gap remains; rerun only if Widgets.ThingIcon overloads, overlay art, alpha/fade handling, or contamination icon thresholds change.	Patch row owns target shape and hook intent only; player flow belongs to G.CONTAMINATION.C6_UI_QUEST and F.RENDERING.VISUALS.	RimWorld 1.6 changed the ThingIcon overload from 1.4's 5-arg shape to a 7-arg overload with scale and grayscale; Zombieland targets the current overload and runtime C6 screenshot proves the selected contaminated steel icon overlay. The 2026-06-14 player log A20CBD46 was an out-of-range alpha-derived texture slot while a FloatMenu drew pawn icons; the slot is clamped and the provided-save right-click menu smoke was log-clean.
PATCH.MainTabWindow_Quests_DoRow_Patch	patch	contamination	Harmony patch MainTabWindow_Quests_DoRow_Patch must preserve its semantic hook intent.	Source/ContaminationPatches.cs	not_applicable	MainTabWindow_Quests_DoRow_Patch	see owning feature/scenario row	MainTabWindow_Quests.DoRow	unknown	Suppress challenge rating for decontamination quest rows.	G.CONTAMINATION.C6_UI_QUEST	S-Source-Patch-Audit	SOURCE_AUDIT;RW16_TARGET_AUDIT;RW14_RW16_SEMANTIC_DIFF;CONTRACT_RUNTIME;SCENARIO_RUNTIME;VISUAL_UI;LOG_CLEAN	contract_runtime	resolved	EV.STATIC.C6_UI_QUEST_FRONTEND;TEST_PATCH_AUDIT.md row Source/ContaminationPatches.cs:120;TEST_COVERAGE.md C6 quest evidence	No open decontamination quest-row display gap remains; accepted shuttle send/return behavior remains owned by the C6 quest outcome scenario.	Patch row owns target shape and hook intent only; player flow belongs to G.CONTAMINATION.C6_UI_QUEST.	RimWorld 1.4 and 1.6 DoRow are unchanged and still compute Mathf.Max(quest.challengeRating, 1) before rating-icon drawing; runtime C6 evidence proves decontamination rows suppress rating while ordinary quests preserve rating.
PATCH.PlaySettings_DoPlaySettingsGlobalControls_Patch	patch	contamination	Harmony patch PlaySettings_DoPlaySettingsGlobalControls_Patch must preserve its semantic hook intent.	Source/ContaminationPatches.cs	not_applicable	PlaySettings_DoPlaySettingsGlobalControls_Patch	zombieland/contamination_ui_quest_contract;rimworld/take_screenshot	PlaySettings.DoPlaySettingsGlobalControls(WidgetRow, Boolean);PlaySettings.DoMapControls(WidgetRow);WidgetRow.ToggleableIcon	unknown	Expose contamination overlay toggle.	G.CONTAMINATION.C6_UI_QUEST	S-Source-Patch-Audit	SOURCE_AUDIT;RW16_TARGET_AUDIT;CONTRACT_RUNTIME;SCENARIO_RUNTIME;LOG_CLEAN	contract_runtime	resolved	TEST_PATCH_AUDIT.md resolved-runtime row;TEST_COVERAGE.md C6 play-settings toggle evidence;TEST_SCENARIOS.md C6 play-settings toolbar evidence;decompiler rimworld-1.6;zl_playsettings_contamination_toggle_off.png;zl_playsettings_contamination_toggle_restored.png	Rerun only if RimWorld changes PlaySettings map-control layout, WidgetRow ToggleableIcon semantics, or the Zombieland contamination overlay button art/placement.	Patch row owns target shape and hook intent only; player flow belongs to primary scenario.	Patch audit status: resolved/runtime. Decompiler confirms DoPlaySettingsGlobalControls still dispatches map controls for non-world view and ToggleableIcon still flips the bool on click; runtime visible-pixel click flipped the appended rightmost Zombieland icon green-check to red-X and restored it with vanilla controls unchanged.
PATCH.MouseoverReadout_MouseoverReadoutOnGUI_Patch	patch	contamination	Harmony patch MouseoverReadout_MouseoverReadoutOnGUI_Patch must preserve its semantic hook intent.	Source/ContaminationPatches.cs	not_applicable	MouseoverReadout_MouseoverReadoutOnGUI_Patch	see owning feature/scenario row	MouseoverReadout.MouseoverReadoutOnGUI	unknown	Add contamination to thing/cell mouseover labels.	G.CONTAMINATION.C6_UI_QUEST	S-Source-Patch-Audit	SOURCE_AUDIT;RW16_TARGET_AUDIT;CONTRACT_RUNTIME;SCENARIO_RUNTIME;LOG_CLEAN	contract_runtime	resolved	TEST_PATCH_AUDIT.md;TEST_COVERAGE.md;TEST_SCENARIOS.md C6 clean-negative evidence	No open mouseover/glow gap in the core active-mod configuration.	Patch row owns target shape and hook intent only; player flow belongs to primary scenario.	Patch audit status: semantic/runtime; clean item, pawn and corpse hover labels covered.
PATCH.InspectPaneUtility_PaneWidthFor_Patch	patch	contamination	Harmony patch InspectPaneUtility_PaneWidthFor_Patch must preserve its semantic hook intent.	Source/ContaminationPatches.cs	not_applicable	InspectPaneUtility_PaneWidthFor_Patch	see owning feature/scenario row	InspectPaneUtility.PaneWidthFor	unknown	Reserve inspect pane width for contamination bar.	G.CONTAMINATION.C6_UI_QUEST	S-Source-Patch-Audit	SOURCE_AUDIT;RW16_TARGET_AUDIT;CONTRACT_RUNTIME;SCENARIO_RUNTIME;LOG_CLEAN	contract_runtime	resolved	TEST_PATCH_AUDIT.md;TEST_COVERAGE.md;TEST_SCENARIOS.md C6 clean-negative evidence	No open inspect-pane width gap in the core active-mod configuration.	Patch row owns target shape and hook intent only; player flow belongs to primary scenario.	Patch audit status: resolved/runtime; clean and contaminated selection widths covered.
PATCH.InspectPaneFiller_DoPaneContentsFor_Patch	patch	contamination	Harmony patch InspectPaneFiller_DoPaneContentsFor_Patch must preserve its semantic hook intent.	Source/ContaminationPatches.cs	not_applicable	InspectPaneFiller_DoPaneContentsFor_Patch	see owning feature/scenario row	InspectPaneFiller.DoPaneContentsFor	unknown	Insert contamination bar in inspect pane.	G.CONTAMINATION.C6_UI_QUEST	S-Source-Patch-Audit	SOURCE_AUDIT;RW16_TARGET_AUDIT;CONTRACT_RUNTIME;SCENARIO_RUNTIME;LOG_CLEAN	contract_runtime	resolved	TEST_PATCH_AUDIT.md;TEST_COVERAGE.md;TEST_SCENARIOS.md C6 clean-negative evidence	No open inspect-pane filler gap in the core active-mod configuration.	Patch row owns target shape and hook intent only; player flow belongs to primary scenario.	Patch audit status: semantic/runtime; clean item and clean pawn inspect states covered.
PATCH.BeautyDrawer_DrawBeautyAroundMouse_Patch	patch	contamination	Harmony patch BeautyDrawer_DrawBeautyAroundMouse_Patch must preserve its semantic hook intent.	Source/ContaminationPatches.cs	not_applicable	BeautyDrawer_DrawBeautyAroundMouse_Patch	see owning feature/scenario row	BeautyDrawer.DrawBeautyAroundMouse	unknown	Replace beauty overlay with contamination overlay when enabled.	G.CONTAMINATION.C6_UI_QUEST	S-Source-Patch-Audit	SOURCE_AUDIT;RW16_TARGET_AUDIT;CONTRACT_RUNTIME;SCENARIO_RUNTIME;LOG_CLEAN	contract_runtime	resolved	TEST_PATCH_AUDIT.md;TEST_COVERAGE.md;TEST_SCENARIOS.md C6 shift-beauty evidence	No open Shift-beauty replacement gap in the core active-mod configuration.	Patch row owns target shape and hook intent only; player flow belongs to primary scenario.	Patch audit status: resolved/runtime; baseline and held-Shift screenshots covered.
PATCH.Frame_CompleteConstruction_Patch	patch	contamination	Harmony patch Frame_CompleteConstruction_Patch must preserve its semantic hook intent.	Source/ContaminationPatchesBuilding.cs	not_applicable	Frame_CompleteConstruction_Patch	zombieland/contamination_frame_construction_contract;zombieland/contamination_terrain_construction_contract;zombieland/complete_frame_by_id	Frame.CompleteConstruction;ThingMaker.MakeThing;TerrainGrid.SetFoundation;TerrainGrid.SetTempTerrain;TerrainGrid.SetTerrain	unknown	Transfer frame contamination to built thing, foundation, temporary terrain, or final terrain.	G.CONTAMINATION.C2_BUILD_REPLACE	S-Source-Patch-Audit	SOURCE_AUDIT;RW16_TARGET_AUDIT;CONTRACT_RUNTIME;SCENARIO_RUNTIME;LOG_CLEAN	contract_runtime	resolved	TEST_PATCH_AUDIT.md;TEST_COVERAGE.md;TEST_SCENARIOS.md;decompiler rimworld-1.6;EV.RUNTIME.C2.TEMP_TERRAIN_FIXTURE;zombieland/contamination_terrain_construction_contract 2026-06-01	No known Frame.CompleteConstruction branch gap remains for thing, final terrain, foundation, temporary terrain, or reloaded-frame fallback; rerun if RimWorld terrain construction branches change.	Patch row owns target shape and hook intent only; player flow belongs to primary scenario.	Source rewrites resource clearing, ThingMaker.MakeThing, SetFoundation, SetTempTerrain, and SetTerrain; decompiler confirms all 1.6 branches still exist. Live C1/C2 evidence covers wall, floor, bridge/foundation, reloaded-frame fallback, affect-floor transfer, and local fixture-backed ZLTestTemporaryFloor temporary terrain transfer.
PATCH.MinifyUtility_MakeMinified_Patch	patch	contamination	Minified buildings must keep contamination when the source building is converted into a minified thing.	Source/ContaminationPatchesBuilding.cs	not_applicable	MinifyUtility_MakeMinified_Patch	ZL_Contamination_Persistence_15_build_replace.rws	MinifyUtility.MakeMinified(Thing, DestroyMode)	unknown	Capture source building contamination before vanilla despawns and wraps the inner thing, then move it to the minified result.	G.CONTAMINATION.C2_BUILD_REPLACE	C2-build-replace	SOURCE_AUDIT;RW16_TARGET_AUDIT;CONTRACT_RUNTIME;SCENARIO_RUNTIME;SAVE_LOAD;LOG_CLEAN	contract_runtime	resolved	TEST_PATCH_AUDIT.md row Source/ContaminationPatchesBuilding.cs:136;TEST_SCENARIOS.md C2 build-replace;decompiler rimworld-1.6 2026-06-01	No open minify contamination gap remains; rerun only if RimWorld changes minified inner-thing ownership or existing install-blueprint propagation.	Patch row owns target shape and hook intent only; player flow belongs to G.CONTAMINATION.C2_BUILD_REPLACE.	Runtime C2 proved stool contamination 0.6 moved from source building into the minified form before install; decompiler confirms 1.6 still despawns the thing, creates the minified def, assigns InnerThing, and updates any existing install blueprint.
PATCH.GenConstruct_PlaceBlueprintForInstall_Patch	patch	contamination	Install blueprints created from minified things must inherit contamination from the minified source.	Source/ContaminationPatchesBuilding.cs	not_applicable	GenConstruct_PlaceBlueprintForInstall_Patch	ZL_Contamination_Persistence_15_build_replace.rws	GenConstruct.PlaceBlueprintForInstall(MinifiedThing, IntVec3, Map, Rot4, Faction, Boolean)	unknown	Capture minified-thing contamination before vanilla creates and spawns the install blueprint, then move it to the blueprint result.	G.CONTAMINATION.C2_BUILD_REPLACE	C2-build-replace	SOURCE_AUDIT;RW16_TARGET_AUDIT;CONTRACT_RUNTIME;SCENARIO_RUNTIME;SAVE_LOAD;LOG_CLEAN	contract_runtime	resolved	TEST_PATCH_AUDIT.md row Source/ContaminationPatchesBuilding.cs:152;TEST_SCENARIOS.md C2 build-replace;decompiler rimworld-1.6 2026-06-01	No open install-blueprint transfer gap remains; rerun only if RimWorld changes PlaceBlueprintForInstall to avoid Blueprint_Install creation/spawn.	Patch row owns target shape and hook intent only; player flow belongs to G.CONTAMINATION.C2_BUILD_REPLACE.	Runtime C2 proved minified contamination moved into the install blueprint and final installed stool; decompiler confirms 1.6 still makes a Blueprint_Install, calls SetThingToInstallFromMinified, spawns it, and returns the blueprint.
PATCH.GenConstruct_PlaceBlueprintForReinstall_Patch	patch	contamination	Reinstall blueprints must inherit contamination from the existing building being reinstalled.	Source/ContaminationPatchesBuilding.cs	not_applicable	GenConstruct_PlaceBlueprintForReinstall_Patch	ZL_Contamination_Persistence_15_build_replace.rws	GenConstruct.PlaceBlueprintForReinstall(Building, IntVec3, Map, Rot4, Faction, Boolean)	unknown	Capture building contamination before vanilla creates and spawns the reinstall blueprint, then move it to the blueprint result.	G.CONTAMINATION.C2_BUILD_REPLACE	C2-build-replace	SOURCE_AUDIT;RW16_TARGET_AUDIT;CONTRACT_RUNTIME;SCENARIO_RUNTIME;SAVE_LOAD;LOG_CLEAN	contract_runtime	resolved	TEST_PATCH_AUDIT.md row Source/ContaminationPatchesBuilding.cs:168;TEST_SCENARIOS.md C2 build-replace;decompiler rimworld-1.6 2026-06-01	No open reinstall-blueprint transfer gap remains; rerun only if RimWorld changes PlaceBlueprintForReinstall to avoid Blueprint_Install creation/spawn.	Patch row owns target shape and hook intent only; player flow belongs to G.CONTAMINATION.C2_BUILD_REPLACE.	Runtime C2 proved source contamination 0.45 moved into the reinstall blueprint and final reinstalled stool; decompiler confirms 1.6 still makes a Blueprint_Install, calls SetBuildingToReinstall, spawns it, and returns the blueprint.
PATCH.Blueprint_TryReplaceWithSolidThing_Patch	patch	contamination	Blueprint replacement must move contamination from the blueprint into the spawned solid thing and clear the transient blueprint state.	Source/ContaminationPatchesBuilding.cs	not_applicable	Blueprint_TryReplaceWithSolidThing_Patch	ZL_Contamination_Persistence_15_build_replace.rws	Blueprint.TryReplaceWithSolidThing(Pawn, out Thing, out Boolean)	unknown	Capture blueprint contamination before vanilla creates/spawns the solid thing, then move it to the createdThing out parameter.	G.CONTAMINATION.C2_BUILD_REPLACE	C2-build-replace	SOURCE_AUDIT;RW16_TARGET_AUDIT;CONTRACT_RUNTIME;SCENARIO_RUNTIME;SAVE_LOAD;LOG_CLEAN	contract_runtime	resolved	TEST_PATCH_AUDIT.md row Source/ContaminationPatchesBuilding.cs:184;TEST_SCENARIOS.md C2 build-replace;decompiler rimworld-1.6 2026-06-01	No open blueprint replacement contamination gap remains; rerun only if RimWorld changes TryReplaceWithSolidThing out-parameter or spawn order.	Patch row owns target shape and hook intent only; player flow belongs to G.CONTAMINATION.C2_BUILD_REPLACE.	Runtime C2 proved install and reinstall blueprints cleared to 0 after replacement while final buildings kept expected contamination; decompiler confirms 1.6 still makes the solid thing, wipes blockers, destroys the blueprint, spawns the created thing, and returns through createdThing.
PATCH.SmoothableWallUtility_SmoothWall_Patch	patch	contamination	Smoothing a natural wall must preserve the wall cell contamination on the spawned smoothed wall.	Source/ContaminationPatchesBuilding.cs	not_applicable	SmoothableWallUtility_SmoothWall_Patch	ZL_Contamination_Persistence_15_build_replace.rws	SmoothableWallUtility.SmoothWall(Thing, Pawn)	unknown	Snapshot target wall contamination before vanilla destroys/replaces it, then write the value to the returned smoothed wall.	G.CONTAMINATION.C2_BUILD_REPLACE	C2-build-replace	SOURCE_AUDIT;RW16_TARGET_AUDIT;CONTRACT_RUNTIME;SCENARIO_RUNTIME;SAVE_LOAD;LOG_CLEAN	contract_runtime	resolved	TEST_PATCH_AUDIT.md row Source/ContaminationPatchesBuilding.cs:200;TEST_SCENARIOS.md C2 build-replace;decompiler rimworld-1.6 2026-06-01	No open smooth-wall contamination gap remains; rerun only if RimWorld changes SmoothWall replacement target/result semantics.	Patch row owns target shape and hook intent only; player flow belongs to G.CONTAMINATION.C2_BUILD_REPLACE.	Runtime C2 proved natural granite contamination 0.58 moved into smoothed granite and persisted after reload; decompiler confirms 1.6 still destroys the target with WillReplace, makes the smoothedThing, spawns it at the same cell, and returns the new thing.
PATCH.SmoothableWallUtility_Notify_BuildingDestroying_Patch	patch	contamination	Smoothed-wall reversion must preserve contamination when adjacent smoothed walls revert to natural walls.	Source/ContaminationPatchesBuilding.cs	not_applicable	SmoothableWallUtility_Notify_BuildingDestroying_Patch	ZL_Contamination_Persistence_15_build_replace.rws	SmoothableWallUtility.Notify_BuildingDestroying(Thing, DestroyMode)	unknown	Record adjacent smoothed wall cells and contamination before vanilla reverts them, then restore contamination to matching unsmoothed replacements.	G.CONTAMINATION.C2_BUILD_REPLACE	C2-build-replace	SOURCE_AUDIT;RW16_TARGET_AUDIT;CONTRACT_RUNTIME;SCENARIO_RUNTIME;SAVE_LOAD;LOG_CLEAN	contract_runtime	resolved	TEST_PATCH_AUDIT.md row Source/ContaminationPatchesBuilding.cs:218;TEST_SCENARIOS.md C2 build-replace;decompiler rimworld-1.6 2026-06-01	No open reverted-wall contamination gap remains; rerun only if RimWorld changes adjacent blocked-cell reversion rules.	Patch row owns target shape and hook intent only; player flow belongs to G.CONTAMINATION.C2_BUILD_REPLACE.	Runtime C2 proved smoothed-wall reversion preserved target contamination 0.63 and after reload the reverted granite at (101,101) stayed 0.63; decompiler confirms 1.6 still scans cardinal neighbors, destroys matching smoothed edifices, and spawns their unsmoothedThing replacements.
PATCH.Building_NutrientPasteDispenser_TryDispenseFood_Patch	patch	contamination	Nutrient paste meals must inherit the configured contamination fraction from consumed hopper feed while clearing consumed feed contamination state.	Source/ContaminationPatchesBuilding.cs	not_applicable	Building_NutrientPasteDispenser_TryDispenseFood_Patch	zombieland/contamination_nutrient_paste_contract	Building_NutrientPasteDispenser.TryDispenseFood()	unknown	Track feed stacks split during active dispenser execution and transfer their contamination to the returned MealNutrientPaste.	G.CONTAMINATION.C1_STACKS	C1-stack-container;C2-build-replace	SOURCE_AUDIT;RW16_TARGET_AUDIT;CONTRACT_RUNTIME;SCENARIO_RUNTIME;LOG_CLEAN	contract_runtime	resolved	TEST_PATCH_AUDIT.md row Source/ContaminationPatchesBuilding.cs:304;TEST_COVERAGE.md C1 stack-container;decompiler rimworld-1.6 2026-06-01	No open nutrient-paste feed transfer gap remains; rerun only if RimWorld stops using SplitOff for hopper feed consumption.	Patch row owns target shape and hook intent only; player flow belongs to G.CONTAMINATION.C1_STACKS.	Runtime contract produced an unspawned nutrient paste meal at contamination 0.09960001 from feed contamination 0.6, left remaining feed at 0.6, and cleared the active-feed list; decompiler confirms 1.6 still finds hopper feed, calls SplitOff during consumption, makes MealNutrientPaste, and returns it.
PATCH.Pawn_CarryTracker_TryStartCarry_Patch_Patch	patch	contamination	Harmony patch Pawn_CarryTracker_TryStartCarry_Patch_Patch must preserve its semantic hook intent.	Source/ContaminationPatchesMisc.cs	not_applicable	Pawn_CarryTracker_TryStartCarry_Patch_Patch	see owning feature/scenario row	Pawn_CarryTracker.TryStartCarry overloads	unknown	Transfer contamination into carried stacks.	G.CONTAMINATION.C1_STACKS	S-Source-Patch-Audit	SOURCE_AUDIT;RW16_TARGET_AUDIT;CONTRACT_RUNTIME;SCENARIO_RUNTIME;LOG_CLEAN	contract_runtime	resolved	EV.STATIC.C3_FILTH_CORE_HANDOFFS;TEST_PATCH_AUDIT.md row Source/ContaminationPatchesMisc.cs:119;zombieland/contamination_carry_tracker_contract	No open direct carry target gap remains; full haul-job pickup flow stays owned by C1/player-flow smoke.	Patch row owns target shape and hook intent only; player flow belongs to primary scenario.	Decompiler confirms RimWorld 1.6 still has the one-argument TryAdd path and the count/reserve SplitOff plus TryAdd path; runtime C1 proved both overloads preserve contamination and carried-item equalization.
PATCH.Filth_MakeThing_Patch	patch	contamination	Harmony patch Filth_MakeThing_Patch must preserve its semantic hook intent.	Source/ContaminationPatchesFilth.cs	not_applicable	Filth_MakeThing_Patch	see owning feature/scenario row	FilthMaker.TryMakeFilth;Pawn_FilthTracker.GainFilth	unknown	Apply source contamination to filth products.	G.CONTAMINATION.C3_WORLD_PRODUCTS	S-Source-Patch-Audit	SOURCE_AUDIT;RW16_TARGET_AUDIT;CONTRACT_RUNTIME;SCENARIO_RUNTIME;LOG_CLEAN	contract_runtime	resolved	EV.STATIC.C3_FILTH_CORE_HANDOFFS;TEST_PATCH_AUDIT.md row Source/ContaminationPatchesFilth.cs:225;zombieland/contamination_filth_leavings_contract	No open core filth fanout target gap remains; source-setter variants stay owned by their individual patch rows.	Patch row owns target shape and hook intent only; player flow belongs to primary scenario.	Decompiler confirms RimWorld 1.6 still exposes the GainFilth carried-filth target and the out-filth TryMakeFilth path whose private core creates/thickens filth through ThingMaker.MakeThing and GenSpawn.Spawn; runtime C3 proved carried filth and TryMakeFilth fanout contamination.
PATCH.ThingComp_MakeThing_Patch	patch	contamination	Harmony patch ThingComp_MakeThing_Patch must preserve its semantic hook intent.	Source/ContaminationPatchesMisc.cs	not_applicable	ThingComp_MakeThing_Patch	zombieland/contamination_core_contract	ThingComp methods that still call ThingMaker.MakeThing;CompHasGatherableBodyResource.Gathered	unknown	Transfer parent-comp contamination to comp-produced things.	G.CONTAMINATION.C3_WORLD_PRODUCTS	S-Source-Patch-Audit	SOURCE_AUDIT;RW16_TARGET_AUDIT;CONTRACT_RUNTIME;SCENARIO_RUNTIME;LOG_CLEAN	contract_runtime	resolved	TEST_COVERAGE.md;TEST_SCENARIOS.md;runtime 2026-05-31 contamination_core_contract;decompiler rimworld-1.6	No open ThingComp MakeThing fanout gap in active-mod configuration; rerun if RimWorld component product methods change.	Patch row owns target shape and hook intent only; player flow belongs to primary scenario.	Patch audit status: fanout/runtime. Source filters candidate ThingComp methods by live ThingMaker.MakeThing IL calls, helper transfers contamination via generalTransfer, decompiler confirms CompHasGatherableBodyResource.Gathered still creates products with ThingMaker.MakeThing, and runtime recorded 10 installed targets plus alpaca shear product transfer with empty warning logs.
PATCH.JobDriver_AffectFloor_MakeNewToils_Patch	patch	contamination	Harmony patch JobDriver_AffectFloor_MakeNewToils_Patch must preserve its semantic hook intent.	Source/ContaminationPatchesBuilding.cs	not_applicable	JobDriver_AffectFloor_MakeNewToils_Patch	see owning feature/scenario row	JobDriver_AffectFloor.MakeNewToils generated tick delegate;DoEffect(base.TargetLocA)	unknown	Transfer floor/terrain contamination to worker.	G.CONTAMINATION.C2_BUILD_REPLACE	S-Source-Patch-Audit	SOURCE_AUDIT;RW16_TARGET_AUDIT;RW14_RW16_SEMANTIC_DIFF;CONTRACT_RUNTIME;SCENARIO_RUNTIME;LOG_CLEAN	contract_runtime	resolved	EV.STATIC.C4_FILTH_FLOOR_SNOW_CLOSURES;TEST_PATCH_AUDIT.md row Source/ContaminationPatchesMisc.cs:561;zombieland/contamination_terrain_construction_contract	No open target gap; rerun only if JobDriver_AffectFloor.MakeNewToils or floor/terrain removal semantics change.	Patch row owns target shape and hook intent only; floor-removal player flow belongs to G.CONTAMINATION.C2_BUILD_REPLACE.	Decompiler confirmed 1.6 migrated the work loop to tickIntervalAction(int delta), scales work/learning by delta, and adds optional sand clearing when clearSnow is true; the completion branch still calls DoEffect(base.TargetLocA), which remains the Zombieland replacement site.
PATCH.Corpse_ButcherProducts_Patch	patch	contamination	Harmony patch Corpse_ButcherProducts_Patch must preserve its semantic hook intent.	Source/ContaminationPatchesMisc.cs	not_applicable	Corpse_ButcherProducts_Patch	see owning feature/scenario row	Corpse.ButcherProducts	unknown	Apply corpse contamination to butcher products and blood filth.	G.CONTAMINATION.C3_WORLD_PRODUCTS	S-Source-Patch-Audit	SOURCE_AUDIT;RW16_TARGET_AUDIT;CONTRACT_RUNTIME;SCENARIO_RUNTIME;LOG_CLEAN	contract_runtime	resolved	EV.STATIC.C3_FILTH_CORE_HANDOFFS;TEST_PATCH_AUDIT.md row Source/ContaminationPatchesFilth.cs:193;zombieland/contamination_filth_leavings_contract	No open corpse butcher product or blood-filth handoff gap remains.	Patch row owns target shape and hook intent only; player flow belongs to primary scenario.	Decompiler confirms 1.6 Corpse.ButcherProducts still yields InnerPawn.ButcherProducts and then spawns butcher blood; runtime C3 caught and fixed the old clean meat/leather bug and now proves products plus blood receive corpse contamination.
PATCH.JobDriver_Vomit_MakeNewToils_Patch	patch	contamination	Harmony patch JobDriver_Vomit_MakeNewToils_Patch must preserve its semantic hook intent.	Source/ContaminationPatchesFilth.cs	not_applicable	JobDriver_Vomit_MakeNewToils_Patch	see owning feature/scenario row	JobDriver_Vomit.MakeNewToils generated tick delegate;FilthMaker.TryMakeFilth	unknown	Contaminate vomit filth.	G.CONTAMINATION.C3_WORLD_PRODUCTS	S-Source-Patch-Audit	SOURCE_AUDIT;RW16_TARGET_AUDIT;RW14_RW16_SEMANTIC_DIFF;CONTRACT_RUNTIME;SCENARIO_RUNTIME;LOG_CLEAN	contract_runtime	resolved	EV.STATIC.C4_FILTH_FLOOR_SNOW_CLOSURES;TEST_PATCH_AUDIT.md row Source/ContaminationPatchesFilth.cs:168;zombieland/contamination_filth_leavings_contract	No open target gap; rerun only if JobDriver_Vomit.MakeNewToils or vomit filth production changes.	Patch row owns target shape and hook intent only; vomit product behavior belongs to G.CONTAMINATION.C3_WORLD_PRODUCTS.	Decompiler confirmed 1.6 migrated the loop to tickIntervalAction(int delta), replaced modulo timing with IsHashIntervalTick, and made food need access nullable; the generated delegate still calls FilthMaker.TryMakeFilth, and runtime C3 already proves produced vomit filth contamination.
PATCH.CompSpawnerFilth_TrySpawnFilth_Patch	patch	contamination	Harmony patch CompSpawnerFilth_TrySpawnFilth_Patch must preserve its semantic hook intent.	Source/ContaminationPatchesFilth.cs	not_applicable	CompSpawnerFilth_TrySpawnFilth_Patch	see owning feature/scenario row	CompSpawnerFilth.TrySpawnFilth	unknown	Contaminate spawned filth.	G.CONTAMINATION.C3_WORLD_PRODUCTS	S-Source-Patch-Audit	SOURCE_AUDIT;RW16_TARGET_AUDIT;CONTRACT_RUNTIME;SCENARIO_RUNTIME;LOG_CLEAN	contract_runtime	resolved	EV.STATIC.C3_FILTH_CORE_HANDOFFS;TEST_PATCH_AUDIT.md row Source/ContaminationPatchesFilth.cs:55;zombieland/contamination_filth_leavings_contract	No open comp-spawned filth handoff gap remains.	Patch row owns target shape and hook intent only; player flow belongs to primary scenario.	Decompiler confirms TrySpawnFilth still selects a reachable nearby standable cell and calls FilthMaker.TryMakeFilth; runtime C3 proved parent contamination transfers to spawned filth.
PATCH.Thing_TakeDamage_Patch	patch	contamination	Harmony patch Thing_TakeDamage_Patch must preserve its semantic hook intent.	Source/ContaminationPatchesFilth.cs	not_applicable	Thing_TakeDamage_Patch	see owning feature/scenario row	Thing.TakeDamage	unknown	Contaminate damage-caused filth leaving.	G.CONTAMINATION.C3_WORLD_PRODUCTS	S-Source-Patch-Audit	SOURCE_AUDIT;RW16_TARGET_AUDIT;CONTRACT_RUNTIME;SCENARIO_RUNTIME;LOG_CLEAN	contract_runtime	resolved	EV.STATIC.C3_FILTH_CORE_HANDOFFS;TEST_PATCH_AUDIT.md row Source/ContaminationPatchesFilth.cs:89;zombieland/contamination_filth_leavings_contract	No open damage-caused filth handoff gap remains.	Patch row owns target shape and hook intent only; player flow belongs to primary scenario.	Decompiler confirms Thing.TakeDamage still snapshots map/spawned state, applies damage, and calls GenLeaving.DropFilthDueToDamage when external violence SpawnFilth is true; runtime C3 proved contaminated damage rubble.
PATCH.PregnancyUtility_SpawnBirthFilth_Patch	patch	contamination	Harmony patch PregnancyUtility_SpawnBirthFilth_Patch must preserve its semantic hook intent.	Source/ContaminationPatchesFilth.cs	not_applicable	PregnancyUtility_SpawnBirthFilth_Patch	see owning feature/scenario row	PregnancyUtility.SpawnBirthFilth	unknown	Contaminate birth filth.	G.CONTAMINATION.C3_WORLD_PRODUCTS	S-Source-Patch-Audit	SOURCE_AUDIT;RW16_TARGET_AUDIT;CONTRACT_RUNTIME;SCENARIO_RUNTIME;LOG_CLEAN	contract_runtime	resolved	EV.STATIC.C3_FILTH_CORE_HANDOFFS;TEST_PATCH_AUDIT.md row Source/ContaminationPatchesFilth.cs:184;zombieland/contamination_filth_leavings_contract	No open birth-filth handoff gap remains.	Patch row owns target shape and hook intent only; player flow belongs to primary scenario.	Decompiler confirms SpawnBirthFilth still loops BirthFilthCount and calls FilthMaker.TryMakeFilth around the supplied center; runtime C3 proved all produced amniotic filth inherited mother contamination.
PATCH.RoofCollapserImmediate_DropRoofInCellPhaseTwo_Patch	patch	contamination	Harmony patch RoofCollapserImmediate_DropRoofInCellPhaseTwo_Patch must preserve its semantic hook intent.	Source/ContaminationPatchesFilth.cs	not_applicable	RoofCollapserImmediate_DropRoofInCellPhaseTwo_Patch	see owning feature/scenario row	RoofCollapserImmediate.DropRoofInCellPhaseTwo	unknown	Contaminate roof-collapse filth.	G.CONTAMINATION.C3_WORLD_PRODUCTS	S-Source-Patch-Audit	SOURCE_AUDIT;RW16_TARGET_AUDIT;CONTRACT_RUNTIME;SCENARIO_RUNTIME;LOG_CLEAN	contract_runtime	resolved	EV.STATIC.C3_FILTH_CORE_HANDOFFS;TEST_PATCH_AUDIT.md row Source/ContaminationPatchesFilth.cs:159;zombieland/contamination_roof_collapse_contract	No open phase-two roof filth handoff gap remains.	Patch row owns target shape and hook intent only; player flow belongs to primary scenario.	Decompiler confirms phase two still reads roofDef.filthLeaving and calls FilthMaker.TryMakeFilth before vanish-on-collapse handling; runtime C3 proved roof-collapse filth contamination from ground contamination.
PATCH.DamageWorker_Flame_Apply_Patch	patch	contamination	Harmony patch DamageWorker_Flame_Apply_Patch must preserve its semantic hook intent.	Source/ContaminationPatchesFilth.cs	not_applicable	DamageWorker_Flame_Apply_Patch	see owning feature/scenario row	DamageWorker_Flame.Apply	unknown	Snapshot source contamination for flame ash.	G.CONTAMINATION.C3_WORLD_PRODUCTS	S-Source-Patch-Audit	SOURCE_AUDIT;RW16_TARGET_AUDIT;CONTRACT_RUNTIME;SCENARIO_RUNTIME;LOG_CLEAN	contract_runtime	resolved	EV.STATIC.C3_FILTH_CORE_HANDOFFS;TEST_PATCH_AUDIT.md row Source/ContaminationPatchesFilth.cs:140;zombieland/contamination_filth_leavings_contract	No open flame-ash handoff gap remains.	Patch row owns target shape and hook intent only; player flow belongs to primary scenario.	Decompiler confirms DamageWorker_Flame.Apply still calls base.Apply and spawns Filth_Ash over destroyed non-pawn victims; runtime C3 reproduced the clean-ash bug and fixed it by snapshotting contamination/map index before vanilla destruction.
PATCH.HediffComp_DissolveGearOnDeath_Notify_PawnKilled_Patch	patch	contamination	Harmony patch HediffComp_DissolveGearOnDeath_Notify_PawnKilled_Patch must preserve its semantic hook intent.	Source/ContaminationPatchesFilth.cs	not_applicable	HediffComp_DissolveGearOnDeath_Notify_PawnKilled_Patch	see owning feature/scenario row	HediffComp_DissolveGearOnDeath.Notify_PawnKilled	unknown	Contaminate dissolved-gear death filth.	G.CONTAMINATION.C3_WORLD_PRODUCTS	S-Source-Patch-Audit	SOURCE_AUDIT;RW16_TARGET_AUDIT;CONTRACT_RUNTIME;SCENARIO_RUNTIME;LOG_CLEAN	contract_runtime	resolved	EV.STATIC.C3_FILTH_CORE_HANDOFFS;TEST_PATCH_AUDIT.md row Source/ContaminationPatchesFilth.cs:98;zombieland/contamination_filth_leavings_contract	No open dissolved-gear filth handoff gap remains.	Patch row owns target shape and hook intent only; player flow belongs to primary scenario.	Decompiler confirms Notify_PawnKilled still destroys gear, checks spawned state, and calls FilthMaker.TryMakeFilth for Props.filth; runtime C3 proved pawn contamination transfers to the requested filth.
PATCH.Projectile_Liquid_DoImpact_Patch	patch	contamination	Harmony patch Projectile_Liquid_DoImpact_Patch must preserve its semantic hook intent.	Source/ContaminationPatchesFilth.cs	not_applicable	Projectile_Liquid_DoImpact_Patch	see owning feature/scenario row	Projectile_Liquid.DoImpact/Impact	unknown	Contaminate liquid projectile filth.	G.CONTAMINATION.C3_WORLD_PRODUCTS	S-Source-Patch-Audit	SOURCE_AUDIT;RW16_TARGET_AUDIT;CONTRACT_RUNTIME;SCENARIO_RUNTIME;LOG_CLEAN	contract_runtime	resolved	EV.STATIC.C3_FILTH_CORE_HANDOFFS;TEST_PATCH_AUDIT.md row Source/ContaminationPatchesFilth.cs:107;zombieland/contamination_filth_leavings_contract	No open liquid projectile filth handoff gap remains.	Patch row owns target shape and hook intent only; player flow belongs to primary scenario.	Decompiler confirms private Projectile_Liquid.DoImpact still spawns configured projectile filth before terrain and damage handling; runtime C3 proved contaminated hitThing transfers to firefoam filth.
PATCH.TunnelHiveSpawner_Tick_Patch	patch	contamination	Harmony patch TunnelHiveSpawner_Tick_Patch must preserve its semantic hook intent.	Source/ContaminationPatchesFilth.cs	not_applicable	TunnelHiveSpawner_Tick_Patch	see owning feature/scenario row	GroundSpawner.Tick replacement for 1.6 tunnel rubble	unknown	Contaminate tunnel-hive rubble after 1.6 semantic move.	G.CONTAMINATION.C3_WORLD_PRODUCTS	S-Source-Patch-Audit	SOURCE_AUDIT;RW16_TARGET_AUDIT;CONTRACT_RUNTIME;SCENARIO_RUNTIME;LOG_CLEAN	contract_runtime	resolved	EV.STATIC.C3_PRODUCT_SOCIAL_HANDOFFS;TEST_PATCH_AUDIT.md row Source/ContaminationPatchesFilth.cs:117;zombieland/contamination_filth_leavings_contract	No open tunnel-rubble filth handoff gap remains; rerun only if GroundSpawner/TunnelHiveSpawner rubble emission changes.	Patch row owns target shape and hook intent only; player flow belongs to primary scenario.	Decompiler confirms RimWorld 1.6 moved tunnel rubble to GroundSpawner.Tick and still calls FilthMaker.TryMakeFilth during SpawnRubble; runtime C3 proved contaminated TunnelHiveSpawner rubble after the retarget.
PATCH.Verse_Explosion_TrySpawnExplosionThing_Patch	patch	contamination	Harmony patch Verse_Explosion_TrySpawnExplosionThing_Patch must preserve its semantic hook intent.	Source/ContaminationPatchesFilth.cs	not_applicable	Verse_Explosion_TrySpawnExplosionThing_Patch	see owning feature/scenario row	Explosion.TrySpawnExplosionThing	unknown	Contaminate explosion filth from damaged sources.	G.CONTAMINATION.C3_WORLD_PRODUCTS	S-Source-Patch-Audit	SOURCE_AUDIT;RW16_TARGET_AUDIT;CONTRACT_RUNTIME;SCENARIO_RUNTIME;LOG_CLEAN	contract_runtime	resolved	EV.STATIC.C3_PRODUCT_SOCIAL_HANDOFFS;TEST_PATCH_AUDIT.md row Source/ContaminationPatchesFilth.cs:149;zombieland/contamination_filth_leavings_contract	No open explosion filth handoff gap remains.	Patch row owns target shape and hook intent only; player flow belongs to primary scenario.	Decompiler confirms Explosion.TrySpawnExplosionThing still sends filth defs through FilthMaker.TryMakeFilth and non-filth defs through GenSpawn.TrySpawn; runtime C3 proved the highest contaminated damaged source drives explosion filth contamination.
PATCH.ThingSetMaker_Generate_Patch	patch	contamination	Harmony patch ThingSetMaker_Generate_Patch must preserve its semantic hook intent.	Source/ContaminationPatchesMisc.cs	not_applicable	ThingSetMaker_Generate_Patch	see owning feature/scenario row	ThingSetMaker.Generate	unknown	Contaminate generated rewards/loot.	G.CONTAMINATION.C3_WORLD_PRODUCTS	S-Source-Patch-Audit	SOURCE_AUDIT;RW16_TARGET_AUDIT;CONTRACT_RUNTIME;SCENARIO_RUNTIME;LOG_CLEAN	contract_runtime	resolved	EV.STATIC.C3_PRODUCT_SOCIAL_HANDOFFS;TEST_PATCH_AUDIT.md row Source/ContaminationPatchesIncidents.cs:39;zombieland/contamination_generation_handoffs_contract	No open generated-reward contamination gap remains.	Patch row owns target shape and hook intent only; player flow belongs to primary scenario.	Decompiler confirms ThingSetMaker.Generate still builds, postprocesses, and returns the generated list; runtime C3 proved generated goods receive random contamination when configured chance is forced.
PATCH.TradeDeal_AddAllTradeables_Patch	patch	contamination	Harmony patch TradeDeal_AddAllTradeables_Patch must preserve its semantic hook intent.	Source/ContaminationPatchesMisc.cs	not_applicable	TradeDeal_AddAllTradeables_Patch	see owning feature/scenario row	TradeDeal.AddAllTradeables	unknown	Contaminate trader goods.	G.CONTAMINATION.C3_WORLD_PRODUCTS	S-Source-Patch-Audit	SOURCE_AUDIT;RW16_TARGET_AUDIT;CONTRACT_RUNTIME;SCENARIO_RUNTIME;LOG_CLEAN	contract_runtime	resolved	EV.STATIC.C3_PRODUCT_SOCIAL_HANDOFFS;TEST_PATCH_AUDIT.md row Source/ContaminationPatchesIncidents.cs:56;zombieland/contamination_generation_handoffs_contract	No open trader-goods contamination gap remains.	Patch row owns target shape and hook intent only; player flow belongs to primary scenario.	Decompiler confirms AddAllTradeables still gathers colony sellables, trader goods, fallback silver and favor rows; runtime C3 proved trader goods receive contamination without warnings.
PATCH.MechClusterUtility_SpawnCluster_Patch	patch	contamination	Harmony patch MechClusterUtility_SpawnCluster_Patch must preserve its semantic hook intent.	Source/ContaminationPatchesMisc.cs	not_applicable	MechClusterUtility_SpawnCluster_Patch	see owning feature/scenario row	MechClusterUtility.SpawnCluster	unknown	Contaminate mech-cluster spawned buildings.	G.CONTAMINATION.C3_WORLD_PRODUCTS	S-Source-Patch-Audit	SOURCE_AUDIT;RW16_TARGET_AUDIT;CONTRACT_RUNTIME;SCENARIO_RUNTIME;LOG_CLEAN	contract_runtime	resolved	EV.STATIC.C3_PRODUCT_SOCIAL_HANDOFFS;TEST_PATCH_AUDIT.md row Source/ContaminationPatchesIncidents.cs:81;zombieland/contamination_generation_handoffs_contract	No open mech-cluster spawned-building contamination gap remains.	Patch row owns target shape and hook intent only; player flow belongs to primary scenario.	Decompiler confirms the 1.6 SpawnCluster signature returns spawnedThings after sketch buildings/pawns and mech faction setup; runtime C3 proved spawned cluster things receive uniform contamination.
PATCH.Skyfaller_SpawnThings_Patch	patch	contamination	Harmony patch Skyfaller_SpawnThings_Patch must preserve its semantic hook intent.	Source/ContaminationPatchesMisc.cs	not_applicable	Skyfaller_SpawnThings_Patch	see owning feature/scenario row	Skyfaller.SpawnThings	unknown	Contaminate skyfaller products.	G.CONTAMINATION.C3_WORLD_PRODUCTS	S-Source-Patch-Audit	SOURCE_AUDIT;RW16_TARGET_AUDIT;CONTRACT_RUNTIME;SCENARIO_RUNTIME;LOG_CLEAN	contract_runtime	resolved	EV.STATIC.C3_PRODUCT_SOCIAL_HANDOFFS;TEST_PATCH_AUDIT.md row Source/ContaminationPatchesIncidents.cs:11;zombieland/contamination_generation_handoffs_contract	No open skyfaller product contamination gap remains.	Patch row owns target shape and hook intent only; player flow belongs to primary scenario.	Decompiler confirms Skyfaller.SpawnThings still has a generated callback over placed inner things; runtime C3 proved ship chunk and meteorite products receive meteorite contamination.
PATCH.MinifiedThing_SplitOff_Patch	patch	contamination	Harmony patch MinifiedThing_SplitOff_Patch must preserve its semantic hook intent.	Source/ContaminationPatchesMisc.cs	not_applicable	MinifiedThing_SplitOff_Patch	see owning feature/scenario row	MinifiedThing.SplitOff	unknown	Avoid double-counting generic split contamination.	G.CONTAMINATION.C0_STATE	S-Source-Patch-Audit	SOURCE_AUDIT;RW16_TARGET_AUDIT;CONTRACT_RUNTIME;SCENARIO_RUNTIME;LOG_CLEAN	contract_runtime	resolved	EV.STATIC.C3_PRODUCT_SOCIAL_HANDOFFS;TEST_PATCH_AUDIT.md row Source/ContaminationPatchesMisc.cs:276;zombieland/contamination_core_contract	No open minified split proportional-transfer gap remains.	Patch row owns target shape and hook intent only; player flow belongs to primary scenario.	Decompiler confirms MinifiedThing.SplitOff still calls base.SplitOff then creates a fresh InnerThing; runtime C0 found and fixed double transfer by clearing the generic copy before proportional transfer.
PATCH.ExecutionUtility_ExecutionInt_Patch	patch	contamination	Harmony patch ExecutionUtility_ExecutionInt_Patch must preserve its semantic hook intent.	Source/ContaminationPatchesFilth.cs	not_applicable	ExecutionUtility_ExecutionInt_Patch	see owning feature/scenario row	ExecutionUtility.ExecutionInt	unknown	Contaminate execution blood.	G.CONTAMINATION.C3_WORLD_PRODUCTS	S-Source-Patch-Audit	SOURCE_AUDIT;RW16_TARGET_AUDIT;CONTRACT_RUNTIME;SCENARIO_RUNTIME;LOG_CLEAN	contract_runtime	resolved	EV.STATIC.C3_PRODUCT_SOCIAL_HANDOFFS;TEST_PATCH_AUDIT.md row Source/ContaminationPatchesMisc.cs:340;zombieland/contamination_filth_leavings_contract	No open execution blood contamination gap remains.	Patch row owns target shape and hook intent only; player flow belongs to primary scenario.	Decompiler confirms ExecutionInt still drops victim blood before execution damage and forced kill; runtime C3 proved execution blood inherits victim contamination.
PATCH.PawnUtility_Mated_Patch	patch	contamination	Harmony patch PawnUtility_Mated_Patch must preserve its semantic hook intent.	Source/ContaminationPatchesMisc.cs	not_applicable	PawnUtility_Mated_Patch	see owning feature/scenario row	PawnUtility.Mated	unknown	Social contamination transfer.	G.CONTAMINATION.C3_WORLD_PRODUCTS	S-Source-Patch-Audit	SOURCE_AUDIT;RW16_TARGET_AUDIT;CONTRACT_RUNTIME;SCENARIO_RUNTIME;LOG_CLEAN	contract_runtime	resolved	EV.STATIC.C3_PRODUCT_SOCIAL_HANDOFFS;TEST_PATCH_AUDIT.md row Source/ContaminationPatchesMisc.cs:414;zombieland/contamination_social_transfer_contract	No open mating equalization gap remains.	Patch row owns target shape and hook intent only; player flow belongs to primary scenario.	Decompiler confirms PawnUtility.Mated remains the mating endpoint for fertilization/pregnancy; runtime C5 proved male/female contamination equalization.
PATCH.JobDriver_Lovin_MakeNewToils_Patch	patch	contamination	Harmony patch JobDriver_Lovin_MakeNewToils_Patch must preserve its semantic hook intent.	Source/ContaminationPatchesMisc.cs	not_applicable	JobDriver_Lovin_MakeNewToils_Patch	see owning feature/scenario row	JobDriver_Lovin.MakeNewToils	unknown	Lovin job contamination equalization.	G.CONTAMINATION.C3_WORLD_PRODUCTS	S-Source-Patch-Audit	SOURCE_AUDIT;RW16_TARGET_AUDIT;CONTRACT_RUNTIME;SCENARIO_RUNTIME;LOG_CLEAN	contract_runtime	resolved	EV.STATIC.C3_PRODUCT_SOCIAL_HANDOFFS;TEST_PATCH_AUDIT.md row Source/ContaminationPatchesMisc.cs:425;zombieland/contamination_social_transfer_contract	No open lovin-job equalization gap remains.	Patch row owns target shape and hook intent only; player flow belongs to primary scenario.	Decompiler confirms JobDriver_Lovin.MakeNewToils still creates the lay-down toil that Zombieland wraps; runtime C5 proved the lay-down path equalizes contamination under the ticksLeft gate.
PATCH.CompLifespan_Expire_Patch	patch	contamination	Harmony patch CompLifespan_Expire_Patch must preserve its semantic hook intent.	Source/ContaminationPatchesMisc.cs	not_applicable	CompLifespan_Expire_Patch	see owning feature/scenario row	CompLifespan.Expire	unknown	Contaminate lifespan-spawned plant/products.	G.CONTAMINATION.C3_WORLD_PRODUCTS	S-Source-Patch-Audit	SOURCE_AUDIT;RW16_TARGET_AUDIT;CONTRACT_RUNTIME;SCENARIO_RUNTIME;LOG_CLEAN	contract_runtime	resolved	EV.STATIC.C3_PRODUCT_SOCIAL_HANDOFFS;TEST_PATCH_AUDIT.md row Source/ContaminationPatchesMisc.cs:528;zombieland/contamination_misc_spawn_handoffs_contract	No open lifespan-spawned product contamination gap remains.	Patch row owns target shape and hook intent only; player flow belongs to primary scenario.	Decompiler confirms CompLifespan.Expire still spawns Props.plantDefToSpawn before destroying the parent; runtime C3 proved contaminated parents transfer to spawned plants and clean controls stay clean.
PATCH.MedicalRecipesUtility_GenSpawn_Spawn_Patches	patch	contamination	Harmony patch MedicalRecipesUtility_GenSpawn_Spawn_Patches must preserve its semantic hook intent.	Source/ContaminationPatchesMisc.cs	not_applicable	MedicalRecipesUtility_GenSpawn_Spawn_Patches	see owning feature/scenario row	MedicalRecipesUtility.SpawnNaturalPartIfClean;SpawnThingsFromHediffs	unknown	Contaminate medical spawned parts.	G.CONTAMINATION.C3_WORLD_PRODUCTS	S-Source-Patch-Audit	SOURCE_AUDIT;RW16_TARGET_AUDIT;CONTRACT_RUNTIME;SCENARIO_RUNTIME;LOG_CLEAN	contract_runtime	resolved	EV.STATIC.C3_PRODUCT_SOCIAL_HANDOFFS;TEST_PATCH_AUDIT.md row Source/ContaminationPatchesMisc.cs:490;zombieland/contamination_misc_spawn_handoffs_contract	No open medical spawned-part contamination gap remains.	Patch row owns target shape and hook intent only; player flow belongs to primary scenario.	Decompiler confirms SpawnNaturalPartIfClean and SpawnThingsFromHediffs still call GenSpawn.Spawn for removable natural parts/hediff products; runtime C3 proved both branches transfer pawn contamination to spawned parts.
PATCH.JobDriver_Repair_MakeNewToils_Patch	patch	contamination	Harmony patch JobDriver_Repair_MakeNewToils_Patch must preserve its semantic hook intent.	Source/ContaminationPatchesMisc.cs	not_applicable	JobDriver_Repair_MakeNewToils_Patch	see owning feature/scenario row	JobDriver_Repair.MakeNewToils	unknown	Transfer contamination during repair ticks.	G.CONTAMINATION.C4_ENVIRONMENT	S-Source-Patch-Audit	SOURCE_AUDIT;RW16_TARGET_AUDIT;CONTRACT_RUNTIME;SCENARIO_RUNTIME;LOG_CLEAN	contract_runtime	resolved	EV.STATIC.C3_PRODUCT_SOCIAL_HANDOFFS;TEST_PATCH_AUDIT.md row Source/ContaminationPatchesBuilding.cs:371;zombieland/contamination_repair_contract	No open ordinary repair contamination-transfer gap remains.	Patch row owns target shape and hook intent only; player flow belongs to primary scenario.	Decompiler confirms the generated JobDriver_Repair repair closure still increments HP and calls ListerBuildingsRepairable.Notify_BuildingRepaired; runtime C4 proved worker/building contamination equalization on a real Repair job.
PATCH.JobDriver_RepairMech_MakeNewToils_Patch	patch	contamination	Harmony patch JobDriver_RepairMech_MakeNewToils_Patch must preserve its semantic hook intent.	Source/ContaminationPatchesBuilding.cs	not_applicable	JobDriver_RepairMech_MakeNewToils_Patch	zombieland/contamination_repair_contract	JobDriver_RepairMech.MakeNewToils;MechRepairUtility.RepairTick(Pawn)	unknown	Transfer contamination during Biotech mech repair ticks.	G.CONTAMINATION.C4_ENVIRONMENT	S-Source-Patch-Audit;C4-cleaning-environment	SOURCE_AUDIT;RW16_TARGET_AUDIT;CONTRACT_RUNTIME;SCENARIO_RUNTIME;LOG_CLEAN	contract_runtime	resolved	TEST_PATCH_AUDIT.md;TEST_COVERAGE.md;decompiler 2026-06-09;zombieland/contamination_repair_contract	No open Biotech mech-repair transfer gap remains for the active official-DLC loadout on RimWorld 1.6.4850.	Patch row owns target shape and hook intent only; player flow belongs to G.CONTAMINATION.C4_ENVIRONMENT.	RimWorld 1.6.4850 keeps MakeNewToils Biotech-gated and the generated tickIntervalAction closure still takes delta, but it now calls current one-argument MechRepairUtility.RepairTick(Pawn); the obsolete two-argument overload is no longer the closure target. Active Biotech runtime repaired a real player-faction Scyther wound at tick 44: worker contamination moved 0.15 -> 0.169020012, mech contamination moved 0.75 -> 0.73098, the wound was removed 1 -> 0, and warning-or-higher logs were empty from the resaved EMPTY fixture.
PATCH.Verb_MeleeAttack_ApplyMeleeDamageToTarget_Patch	patch	contamination	Harmony patch Verb_MeleeAttack_ApplyMeleeDamageToTarget_Patch must preserve its dynamic fanout and contamination equalization intent.	Source/ContaminationPatchesMisc.cs	not_applicable	Verb_MeleeAttack_ApplyMeleeDamageToTarget_Patch	zombieland/contamination_melee_equalize_contract	Verb_MeleeAttack.ApplyMeleeDamageToTarget implementations	unknown	Equalize contamination during real melee damage without breaking special melee behavior.	G.CONTAMINATION.C5_PLAYER_EFFECTS	S-Source-Patch-Audit;C5-player-effects	SOURCE_AUDIT;RW16_TARGET_AUDIT;CONTRACT_RUNTIME;SCENARIO_RUNTIME;LOG_CLEAN	contract_runtime	resolved	TEST_PATCH_AUDIT.md row Source/ContaminationPatchesMisc.cs:51;TEST_COVERAGE.md C5 evidence	Combat phases should still verify special zombie/melee verb interactions outside contamination transfer.	Patch row owns target shape and hook intent only; player flow belongs to G.CONTAMINATION.C5_PLAYER_EFFECTS.	Audit records base abstract target and 1.6 implementations; live melee equalize contract matched expected attacker/target contamination.
PATCH.Jobdriver_ClearPollution_Spawn_Patch	patch	contamination	Harmony patch Jobdriver_ClearPollution_Spawn_Patch must preserve the clear-pollution closure GenSpawn interception.	Source/ContaminationPatchesMisc.cs	not_applicable	Jobdriver_ClearPollution_Spawn_Patch	zombieland/contamination_clear_pollution_contract	JobDriver_ClearPollution.MakeNewToils;GenSpawn.Spawn(ThingDefOf.Wastepack, ...)	unknown	Transfer pollution-cell contamination to spawned wastepack products when pollution content is active.	G.CONTAMINATION.C4_ENVIRONMENT	S-Source-Patch-Audit;C4-cleaning-environment	SOURCE_AUDIT;RW16_TARGET_AUDIT;CONTRACT_RUNTIME;SCENARIO_RUNTIME;LOG_CLEAN	contract_runtime	resolved	TEST_PATCH_AUDIT.md row Source/ContaminationPatchesMisc.cs:464;decompiler 2026-06-01 JobDriver_ClearPollution.MakeNewToils;EV.RUNTIME.C4.POLLUTION_FIXTURE_HARD_GATE;EV.RUNTIME.C4.BIOTECH_POLLUTION	No open pollution-spawn gap remains for active Biotech; broader C4 cleanup/environment is resolved for the current official-DLC loadout after active-Odyssey sand coverage.	Patch row owns target shape and hook intent only; player flow belongs to G.CONTAMINATION.C4_ENVIRONMENT.	Decompiler confirms the 1.6 MakeNewToils closure still calls GenSpawn.Spawn(ThingDefOf.Wastepack). The pre-DLC fixture cleanly skipped before job execution because the pollution grid was Biotech-gated. The final DLC stretch reran the real clear-pollution job with active Biotech and proved one spawned Wastepack received 0.264000028 contamination from polluted ground 0.66 with wastePackAdd=0.4.
PATCH.JobDriver_ClearPollution_ClearPollutionAt_Patch	patch	contamination	Clear-pollution worker contamination transfer must wrap the real pollution-clearing toil when pollution content is active.	Source/ContaminationPatchesPollutionSnow.cs	not_applicable	JobDriver_ClearPollution_ClearPollutionAt_Patch	zombieland/contamination_clear_pollution_contract	JobDriver_ClearPollution.MakeNewToils;JobDriver_ClearPollution.ClearPollutionAt;GridsUtility.Unpollute	unknown	Remember the clear-pollution pawn as the temporary Unpollute subject while vanilla clear-pollution work executes.	G.CONTAMINATION.C4_ENVIRONMENT	S-Source-Patch-Audit;C4-cleaning-environment	SOURCE_AUDIT;RW16_TARGET_AUDIT;CONTRACT_RUNTIME;SCENARIO_RUNTIME;LOG_CLEAN	contract_runtime	resolved	TEST_PATCH_AUDIT.md row Source/ContaminationPatchesPollutionSnow.cs:11;TEST_SCENARIOS.md C4 pollution dependency skip;decompiler 2026-06-01;EV.RUNTIME.C4.POLLUTION_FIXTURE_HARD_GATE;EV.RUNTIME.C4.BIOTECH_POLLUTION	No open ClearPollutionAt pollution gap remains for active Biotech; broader C4 cleanup/environment is resolved for the current official-DLC loadout after active-Odyssey sand coverage.	Patch row owns target shape and dependency disposition only; player flow belongs to G.CONTAMINATION.C4_ENVIRONMENT.	Decompiler confirms the 1.6 job still calls ClearPollutionAt from tickIntervalAction after 5600 labor. Bridge contract timing was fixed to wait sourceDerivedLaborTicks+120 instead of the old short skip window; active Biotech runtime then cleared pollution after 5604 ticks and set the clear-pollution worker contamination to 0.0765600055 from ground 0.66 with pollutionAdd=0.116000004.
PATCH.GridUtility_Unpollute_Patch	patch	contamination	Unpolluted cells must transfer contamination to the clear-pollution subject when pollution content is active.	Source/ContaminationPatchesPollutionSnow.cs	not_applicable	GridUtility_Unpollute_Patch	zombieland/contamination_clear_pollution_contract	GridsUtility.Unpollute(IntVec3, Map)	unknown	After vanilla clears pollution, read the cell contamination and add the pollution cleanup fraction to the remembered subject.	G.CONTAMINATION.C4_ENVIRONMENT	S-Source-Patch-Audit;C4-cleaning-environment	SOURCE_AUDIT;RW16_TARGET_AUDIT;CONTRACT_RUNTIME;SCENARIO_RUNTIME;LOG_CLEAN	contract_runtime	resolved	TEST_PATCH_AUDIT.md row Source/ContaminationPatchesPollutionSnow.cs:41;TEST_SCENARIOS.md C4 pollution dependency skip;decompiler 2026-06-01;EV.RUNTIME.C4.POLLUTION_FIXTURE_HARD_GATE;EV.RUNTIME.C4.BIOTECH_POLLUTION	No open Unpollute pollution gap remains for active Biotech; broader C4 cleanup/environment is resolved for the current official-DLC loadout after active-Odyssey sand coverage.	Patch row owns target shape and dependency disposition only; player flow belongs to G.CONTAMINATION.C4_ENVIRONMENT.	Decompiler confirms 1.6 Unpollute still clears pollution and dirties snow plus Odyssey sand meshes. Active Biotech runtime reached Unpollute through the real ClearPollution job, cleared the polluted cell, and transferred ground contamination 0.66 to the worker at 0.0765600055.
PATCH.MapGenerator_GenerateContentsIntoMap_Patch	patch	contamination	Newly generated maps must seed their contamination grid from elevation after vanilla map generation while preserving vanilla cleanup state.	Source/ContaminationPatchesMineable.cs	not_applicable	MapGenerator_GenerateContentsIntoMap_Patch	ZL_MapGeneration_Contamination_01.rws;zombieland/read_contamination_state	Verse.MapGenerator.GenerateContentsIntoMap(IEnumerable<GenStepWithParams>, Map, Int32, Boolean)	unknown	Transpile the map-generation exit path to call AddContamination(map) after vanilla gen steps and before generation working data is fully cleaned up.	G.CONTAMINATION.C0_STATE	C3-world-products;S-Source-Patch-Audit	SOURCE_AUDIT;RW16_TARGET_AUDIT;SCENARIO_RUNTIME;SAVE_LOAD;LOG_CLEAN	save_load	resolved	TEST_PATCH_AUDIT.md row Source/ContaminationPatchesMineable.cs:14;ZL_MapGeneration_Contamination_01.rws;decompiler rimworld-1.6 2026-06-01	No open generated-map contamination seed gap remains in the core active-mod configuration; future work should be biome/seed variants only if needed.	Patch row owns map-generation seeding and target shape only; ongoing grid persistence belongs to G.CONTAMINATION.C0_STATE and product handoffs belong to C3 rows.	Decompiler confirms RimWorld 1.6 GenerateContentsIntoMap still clears working data, pushes Rand state, runs ordered GenSteps, handles pathing dirtying, catches GenStep errors, and finally pops Rand/RockNoises; the source transpiler's Ldarg_1 map argument still matches the 1.6 signature. Runtime started a built-in debug colony, sampled 81 generated cells, found contaminated compacted steel at (150,100), saved and reloaded ZL_MapGeneration_Contamination_01, and read the same cell back at contamination 0.0016 with no warning-or-higher logs.
PATCH.Recipe_RemoveImplant_ApplyOnPawn_Patches	patch	contamination	Harmony patch Recipe_RemoveImplant_ApplyOnPawn_Patches must preserve the implant-removal spawn-before-remove contamination handoff.	Source/ContaminationPatchesMisc.cs	not_applicable	Recipe_RemoveImplant_ApplyOnPawn_Patches	zombieland/contamination_misc_spawn_handoffs_contract	Recipe_RemoveImplant.ApplyOnPawn(Pawn, BodyPartRecord, Pawn, List<Thing>, Bill)	Recipe_RemoveImplant.ApplyOnPawn 1.4 same spawn-before-remove shape	Transfer patient contamination to removed implant products.	G.CONTAMINATION.C3_WORLD_PRODUCTS	S-Source-Patch-Audit;C3-world-products	SOURCE_AUDIT;RW16_TARGET_AUDIT;RW14_RW16_SEMANTIC_DIFF;CONTRACT_RUNTIME;SCENARIO_RUNTIME;LOG_CLEAN	contract_runtime	resolved	TEST_PATCH_AUDIT.md row Source/ContaminationPatchesMisc.cs:510;TEST_COVERAGE.md C3 misc-spawn-handoffs	No open implant-removal gap in the core active-mod configuration.	Patch row owns target shape and hook intent only; player flow belongs to G.CONTAMINATION.C3_WORLD_PRODUCTS.	Runtime exposed and fixed the instance-argument bug: replacement must load ldarg.1 patient pawn, not ldarg.0 recipe worker; rerun matched spawned ArchotechArm contamination.
PATCH.RoofCollapserImmediate_DropRoofInCellPhaseOne_Patch	patch	contamination	Harmony patch RoofCollapserImmediate_DropRoofInCellPhaseOne_Patch must preserve collapsed-rock product contamination.	Source/ContaminationPatchesMisc.cs	not_applicable	RoofCollapserImmediate_DropRoofInCellPhaseOne_Patch	contamination roof-collapse runtime evidence	RoofCollapserImmediate.DropRoofInCellPhaseOne(IntVec3, Map)	unknown	Apply ground-backed contamination to regenerated collapsed-rock products.	G.CONTAMINATION.C3_WORLD_PRODUCTS	S-Source-Patch-Audit;C3-world-products	SOURCE_AUDIT;RW16_TARGET_AUDIT;CONTRACT_RUNTIME;SCENARIO_RUNTIME;SAVE_LOAD;LOG_CLEAN	contract_runtime	resolved	TEST_PATCH_AUDIT.md row Source/ContaminationPatchesMisc.cs:542;TEST_COVERAGE.md roof-collapse evidence	No open phase-one roof-collapse product gap; phase two filth is tracked separately.	Patch row owns target shape and hook intent only; player flow belongs to G.CONTAMINATION.C3_WORLD_PRODUCTS.	Runtime decompiled the method shape, invoked phase one by reflection, and reloaded regenerated collapsed rocks with ground-backed contamination.
PATCH.JobDriver_DisassembleMech_MakeNewToils_Patch	patch	contamination	Harmony patch JobDriver_DisassembleMech_MakeNewToils_Patch must preserve mech-disassembly product contamination when Biotech content is active.	Source/ContaminationPatchesMisc.cs	not_applicable	JobDriver_DisassembleMech_MakeNewToils_Patch	zombieland/contamination_biotech_product_handoffs_contract	JobDriver_DisassembleMech.MakeNewToils;MechanitorUtility.IngredientsFromDisassembly;ThingMaker.MakeThing;GenPlace.TryPlaceThing	unknown	Transfer source contamination to mech disassembly products.	G.CONTAMINATION.C3_WORLD_PRODUCTS	S-Source-Patch-Audit;C3-world-products	SOURCE_AUDIT;RW16_TARGET_AUDIT;CONTRACT_RUNTIME;SCENARIO_RUNTIME;LOG_CLEAN	contract_runtime	resolved	TEST_PATCH_AUDIT.md row Source/ContaminationPatchesMisc.cs:586;decompiler rimworld-1.6;EV.RUNTIME.DLC.BIOTECH_PRODUCT_HANDOFFS	No open Biotech mech-disassembly product transfer gap remains for the active official-DLC loadout.	Patch row owns target shape and hook intent only; player flow belongs to G.CONTAMINATION.C3_WORLD_PRODUCTS.	Decompiler confirms 1.6 MakeNewToils gates on ModLister.CheckBiotech, creates disassembly products with ThingMaker.MakeThing, sets stack counts, and places them with GenPlace.TryPlaceThing. Active Biotech runtime disassembled a real Scyther into Steel, Plasteel, ComponentIndustrial, and SubcoreRegular; product contamination totaled 0.1909947 and matched worker gain 0.19099471.
PATCH.GenSpawn_Spawn_Replacement_Patch	patch	contamination	Harmony patch GenSpawn_Spawn_Replacement_Patch must preserve spawned-plant/tunnel-jelly contamination replacement behavior.	Source/ContaminationPatchesPlants.cs	not_applicable	GenSpawn_Spawn_Replacement_Patch	zombieland/contamination_misc_spawn_handoffs_contract	TunnelJellySpawner.Spawn(Map, IntVec3);ThingMaker.MakeThing(ThingDefOf.InsectJelly);GenSpawn.Spawn	unknown	Transfer contamination through generated plant or tunnel-jelly spawn products.	G.CONTAMINATION.C3_WORLD_PRODUCTS	S-Source-Patch-Audit;C3-world-products	SOURCE_AUDIT;RW16_TARGET_AUDIT;CONTRACT_RUNTIME;SCENARIO_RUNTIME;LOG_CLEAN	contract_runtime	resolved	TEST_PATCH_AUDIT.md row Source/ContaminationPatchesPlants.cs:13;EV.RUNTIME.C3.TUNNEL_JELLY_TARGET_FIX	No open tunnel-jelly transfer gap in the core active-mod configuration.	Patch row owns target shape and hook intent only; player flow belongs to G.CONTAMINATION.C3_WORLD_PRODUCTS.	Runtime first exposed the stale expression target installed on GroundSpawner.Spawn; after binding TunnelJellySpawner.Spawn directly, the misc-spawn contract produced contaminated InsectJelly stacks with clean logs.
PATCH.Plant_TrySpawnStump_Patch	patch	contamination	Harmony patch Plant_TrySpawnStump_Patch must preserve stump product contamination.	Source/ContaminationPatchesPlants.cs	not_applicable	Plant_TrySpawnStump_Patch	ZL_Contamination_Persistence_20_world_products.rws	Plant.TrySpawnStump	unknown	Transfer plant/cell contamination to chopped stump products.	G.CONTAMINATION.C3_WORLD_PRODUCTS	S-Source-Patch-Audit;C3-world-products	SOURCE_AUDIT;RW16_TARGET_AUDIT;CONTRACT_RUNTIME;SCENARIO_RUNTIME;SAVE_LOAD;LOG_CLEAN	contract_runtime	resolved	TEST_PATCH_AUDIT.md row Source/ContaminationPatchesPlants.cs:116;TEST_SCENARIOS.md C3 world products	No open stump product gap in the core active-mod configuration.	Patch row owns target shape and hook intent only; player flow belongs to G.CONTAMINATION.C3_WORLD_PRODUCTS.	Runtime spawned an oak stump through the real plant method and reloaded the chopped stump with contamination.
PATCH.JobDriver_PlantSow_MakeNewToils_Patch	patch	contamination	Harmony patch JobDriver_PlantSow_MakeNewToils_Patch must preserve plant-sowing contamination transfer.	Source/ContaminationPatchesPlants.cs	not_applicable	JobDriver_PlantSow_MakeNewToils_Patch	ZL_Contamination_Persistence_20_world_products.rws	JobDriver_PlantSow.MakeNewToils;GenSpawn.Spawn(job.plantDefToSow, ...)	unknown	Transfer worker/cell contamination to newly sowed plants.	G.CONTAMINATION.C3_WORLD_PRODUCTS	S-Source-Patch-Audit;C3-world-products	SOURCE_AUDIT;RW16_TARGET_AUDIT;CONTRACT_RUNTIME;SCENARIO_RUNTIME;SAVE_LOAD;LOG_CLEAN	contract_runtime	resolved	TEST_PATCH_AUDIT.md row Source/ContaminationPatchesPlants.cs:132;TEST_SCENARIOS.md C3 world products	No open plant-sow product gap in the core active-mod configuration.	Patch row owns target shape and hook intent only; player flow belongs to G.CONTAMINATION.C3_WORLD_PRODUCTS.	Runtime sowed rice through the real Sow job and reloaded the new rice plant with contamination after worker equalization.
PATCH.Building_SubcoreScanner_Tick_Patch	patch	contamination	Harmony patch Building_SubcoreScanner_Tick_Patch must preserve subcore scanner product contamination when Biotech content is active.	Source/ContaminationPatchesBuilding.cs	not_applicable	Building_SubcoreScanner_Tick_Patch	zombieland/contamination_biotech_product_handoffs_contract	Building_SubcoreScanner.Tick;ThingMaker.MakeThing(def.building.subcoreScannerOutputDef);GenPlace.TryPlaceThing	unknown	Transfer scanner contamination to produced subcores.	G.CONTAMINATION.C3_WORLD_PRODUCTS	S-Source-Patch-Audit;C3-world-products	SOURCE_AUDIT;RW16_TARGET_AUDIT;CONTRACT_RUNTIME;SCENARIO_RUNTIME;LOG_CLEAN	contract_runtime	resolved	TEST_PATCH_AUDIT.md row Source/ContaminationPatchesBuilding.cs:271;decompiler rimworld-1.6;EV.RUNTIME.DLC.BIOTECH_PRODUCT_HANDOFFS	No open Biotech subcore scanner product transfer gap remains for the active official-DLC loadout.	Patch row owns target shape and hook intent only; player flow belongs to G.CONTAMINATION.C3_WORLD_PRODUCTS.	Decompiler confirms Building_SubcoreScanner.Tick still creates the scanner output with ThingMaker.MakeThing and places it via GenPlace.TryPlaceThing after EjectContents. Active Biotech runtime completed an occupied powered SubcoreSoftscanner and transferred contamination from scanner 0.58 -> 0.4872 into a spawned SubcoreRegular at 0.0928.
PATCH.Building_GeneExtractor_Finish_Patch	patch	contamination	Harmony patch Building_GeneExtractor_Finish_Patch must preserve gene extractor product contamination when Biotech content is active.	Source/ContaminationPatchesBuilding.cs	not_applicable	Building_GeneExtractor_Finish_Patch	zombieland/contamination_biotech_product_handoffs_contract	Building_GeneExtractor.Finish;ThingMaker.MakeThing(ThingDefOf.Genepack);GenPlace.TryPlaceThing	unknown	Transfer source contamination to generated gene packs.	G.CONTAMINATION.C3_WORLD_PRODUCTS	S-Source-Patch-Audit;C3-world-products	SOURCE_AUDIT;RW16_TARGET_AUDIT;CONTRACT_RUNTIME;SCENARIO_RUNTIME;LOG_CLEAN	contract_runtime	resolved	TEST_PATCH_AUDIT.md row Source/ContaminationPatchesBuilding.cs:287;decompiler rimworld-1.6;EV.RUNTIME.DLC.BIOTECH_PRODUCT_HANDOFFS	No open Biotech gene extractor product transfer gap remains for the active official-DLC loadout.	Patch row owns target shape and hook intent only; player flow belongs to G.CONTAMINATION.C3_WORLD_PRODUCTS.	Decompiler confirmed Building_GeneExtractor.Finish creates a Genepack, initializes genes, drops the contained pawn, then places the product. Runtime exposed and fixed the stale early ThingMaker handoff by moving transfer to the GenPlace placement call with a prefix-captured contained pawn; active Biotech runtime transferred pawn contamination 0.68 -> 0.6528 into a spawned Genepack at 0.0272.
PATCH.Misc_Building_Patch	patch	contamination	Harmony patch Misc_Building_Patch must preserve building-returned product contamination across fermenting barrel and gene assembler targets.	Source/ContaminationPatchesBuilding.cs	not_applicable	Misc_Building_Patch	zombieland/contamination_building_products_contract	Building_FermentingBarrel.TakeOutBeer;Building_GeneAssembler.Finish	unknown	Transfer building contamination to unspawned or spawned building products.	G.CONTAMINATION.C3_WORLD_PRODUCTS	S-Source-Patch-Audit;C3-world-products	SOURCE_AUDIT;RW16_TARGET_AUDIT;CONTRACT_RUNTIME;SCENARIO_RUNTIME;LOG_CLEAN	contract_runtime	resolved	TEST_PATCH_AUDIT.md row Source/ContaminationPatchesBuilding.cs:344;TEST_COVERAGE.md C3 building-products;decompiler 2026-06-01 rw14/rw16 surface compare;zombieland/contamination_building_products_contract	No open Misc_Building_Patch product-transfer gap remains for the active official-DLC loadout.	Patch row owns target shape and hook intent only; player flow belongs to G.CONTAMINATION.C3_WORLD_PRODUCTS.	Runtime recorded both installed targets. Fermenting barrel returned contaminated Beer and reset cleanly. Active Biotech runtime then proved GeneAssembler.Finish transferred assembler contamination 0.62 -> 0.5208 into a spawned Xenogerm at 0.0991999954 with reset true; logs stayed clean aside from the known EMPTY migration warning.
PATCH.CompDeepDrill_TryProducePortion_Patch	patch	contamination	Harmony patch CompDeepDrill_TryProducePortion_Patch must preserve deep-drill product contamination.	Source/ContaminationPatchesMineable.cs	not_applicable	CompDeepDrill_TryProducePortion_Patch	ZL_Contamination_Persistence_20_world_products.rws	CompDeepDrill.TryProducePortion(Single, Pawn)	unknown	Transfer drilled-cell/source contamination to deep-drill output.	G.CONTAMINATION.C3_WORLD_PRODUCTS	S-Source-Patch-Audit;C3-world-products	SOURCE_AUDIT;RW16_TARGET_AUDIT;CONTRACT_RUNTIME;SCENARIO_RUNTIME;SAVE_LOAD;LOG_CLEAN	contract_runtime	resolved	TEST_PATCH_AUDIT.md row Source/ContaminationPatchesMineable.cs:126;TEST_SCENARIOS.md C3 world products	No open deep-drill product gap in the core active-mod configuration.	Patch row owns target shape and hook intent only; player flow belongs to G.CONTAMINATION.C3_WORLD_PRODUCTS.	Runtime C3 produced deep-drill Steel and reloaded it with contamination.
PATCH.Mineable_TrySpawnYield_Patch	patch	contamination	Harmony patch Mineable_TrySpawnYield_Patch must preserve mined-yield contamination.	Source/ContaminationPatchesMineable.cs	not_applicable	Mineable_TrySpawnYield_Patch	ZL_Contamination_Persistence_20_world_products.rws	Mineable.TrySpawnYield(Map, Boolean, Pawn)	unknown	Transfer mined-cell/source contamination to spawned mineable yield.	G.CONTAMINATION.C3_WORLD_PRODUCTS	S-Source-Patch-Audit;C3-world-products	SOURCE_AUDIT;RW16_TARGET_AUDIT;CONTRACT_RUNTIME;SCENARIO_RUNTIME;SAVE_LOAD;LOG_CLEAN	contract_runtime	resolved	TEST_PATCH_AUDIT.md row Source/ContaminationPatchesMineable.cs:104;TEST_SCENARIOS.md C3 world products	Chunk-specific persistence remains documented under the GenLeaving caveat.	Patch row owns target shape and hook intent only; player flow belongs to G.CONTAMINATION.C3_WORLD_PRODUCTS.	Runtime C3 proved spawned steel yield inherited mined-cell contamination and persisted after reload.
PATCH.JobDriver_CleanFilth_MakeNewToils_Patch	patch	contamination	Harmony patch JobDriver_CleanFilth_MakeNewToils_Patch must preserve clean-filth closure contamination transfer.	Source/ContaminationPatchesFilth.cs	not_applicable	JobDriver_CleanFilth_MakeNewToils_Patch	zombieland/contamination_clean_filth_contract	JobDriver_CleanFilth.MakeNewToils;JobDriver_CleanFilth closure calling Filth.ThinFilth	unknown	Transfer cleaned filth contamination to the worker while destroying the filth through vanilla work.	G.CONTAMINATION.C4_ENVIRONMENT	S-Source-Patch-Audit;C4-cleaning-environment	SOURCE_AUDIT;RW16_TARGET_AUDIT;RW14_RW16_SEMANTIC_DIFF;CONTRACT_RUNTIME;SCENARIO_RUNTIME;LOG_CLEAN	contract_runtime	resolved	EV.STATIC.C4_FILTH_FLOOR_SNOW_CLOSURES;TEST_PATCH_AUDIT.md row Source/ContaminationPatchesFilth.cs:33;zombieland/contamination_clean_filth_contract	No open clean-filth transfer gap in the core active-mod configuration.	Patch row owns target shape and hook intent only; player flow belongs to G.CONTAMINATION.C4_ENVIRONMENT.	Decompiler confirmed 1.6 migrated the clean loop to tickIntervalAction(int delta), scales work by delta, and added a destroyed-target queue jump; the generated closure still calls Filth.ThinFilth. Runtime cleaned real Filth_Dirt through WorkGiver_CleanFilth and transferred expected contamination with empty warning logs.
PATCH.AttackTargetFinder_BestAttackTarget_Patch	patch	hostility	Harmony patch AttackTargetFinder_BestAttackTarget_Patch must preserve its semantic hook intent.	Source/Patches_Hostility.cs	not_applicable	AttackTargetFinder_BestAttackTarget_Patch	see owning feature/scenario row	AttackTargetFinder.BestAttackTarget	unknown	Filter invalid cached zombie targets and cap enemy zombie engagement distance consistently with available-target filtering.	E.HOSTILITY.TARGETING	S-Source-Patch-Audit	SOURCE_AUDIT;RW16_TARGET_AUDIT;CONTRACT_RUNTIME;SCENARIO_RUNTIME;LOG_CLEAN	contract_runtime	resolved	EV.STATIC.HOSTILITY_TARGETING_COMBAT;TEST_PATCH_AUDIT.md row Source/Patches_Hostility.cs:242;S-Hostility-Area-Workflow targeting evidence;S-Hostility-Area-Workflow bug-reports evidence	No open BestAttackTarget patch-boundary gap remains; remaining additive work is long-form mixed colony behavior.	Patch row owns target shape and hook intent only; player flow belongs to primary scenario.	Decompiler confirms BestAttackTarget still takes the full IAttackTargetSearcher/validator/range/LOS signature and selects through a wrapped validator; runtime targeting evidence covers player, enemy, animal, pawn, non-pawn turret, roped/confused and active-electric branches. Final bug-report evidence proves hostile raiders select zombies at squared distances 36 and 81 but not 100 or 625, despite those farther zombies remaining hostile active threats; final targeting evidence also proves player-faction animals now follow the animal settings branch.
PATCH.AttackTargetFinder_GetAvailableShootingTargetsByScore_Patch	patch	hostility	Harmony patch AttackTargetFinder_GetAvailableShootingTargetsByScore_Patch must preserve its semantic hook intent.	Source/Patches_Hostility.cs	not_applicable	AttackTargetFinder_GetAvailableShootingTargetsByScore_Patch	see owning feature/scenario row	AttackTargetFinder.GetAvailableShootingTargetsByScore	unknown	Filter and score zombie targets by actor/settings.	E.HOSTILITY.TARGETING	S-Source-Patch-Audit	SOURCE_AUDIT;RW16_TARGET_AUDIT;CONTRACT_RUNTIME;SCENARIO_RUNTIME;LOG_CLEAN	contract_runtime	resolved	EV.STATIC.HOSTILITY_TARGETING_COMBAT;TEST_PATCH_AUDIT.md row Source/Patches_Hostility.cs:17;S-Hostility-Area-Workflow targeting evidence	No open shooting-target score list gap remains.	Patch row owns target shape and hook intent only; player flow belongs to primary scenario.	Decompiler confirms GetAvailableShootingTargetsByScore still filters rawTargets through CanShootAtFromCurrentPosition and GetShootingTargetScore before returning weighted target pairs; runtime targeting evidence covers source filtering and the fixed player-mech OnlyHumans branch.
PATCH.AttackTargetFinder_GetShootingTargetScore_Patch	patch	hostility	Special zombie ranged target scoring must still prioritize dangerous zombie variants without replacing vanilla scoring outside its intended branch.	Source/Patches_Hostility.cs	not_applicable	AttackTargetFinder_GetShootingTargetScore_Patch	zombieland/area_workflow_state actionMode:targeting	AttackTargetFinder.GetShootingTargetScore(IAttackTarget, IAttackTargetSearcher, Verb)	unknown	Override ranged in-range zombie target scores and suicide/toxic/thin priority bonuses.	E.HOSTILITY.TARGETING	S-Hostility-Area-Workflow;S-Source-Patch-Audit	SOURCE_AUDIT;RW16_TARGET_AUDIT;CONTRACT_RUNTIME;SCENARIO_RUNTIME;LOG_CLEAN	contract_runtime	resolved	TEST_PATCH_AUDIT.md targeting score;TEST_COVERAGE.md targeting evidence;decompiler 2026-06-01	Melee and out-of-range pass-through remain lower-priority edge coverage.	Patch row owns target shape and hook intent only; player flow belongs to E.HOSTILITY.TARGETING.	Runtime scored a normal zombie at 100.487808 and a suicide zombie at 112.218658; decompiler confirms 1.6 vanilla still computes target score from distance, current aim target, recent target, cover, noncombatant, ranged threat, downed penalty, friendly fire offsets, and priority factor.
PATCH.GenHostility_HostileTo_Patch	patch	hostility	Harmony patch GenHostility_HostileTo_Patch must preserve its semantic hook intent.	Source/Patches_Hostility.cs	not_applicable	GenHostility_HostileTo_Patch	see owning feature/scenario row	GenHostility.HostileTo	unknown	Override player/enemy/animal hostility to zombies.	E.HOSTILITY.TARGETING	S-Source-Patch-Audit	SOURCE_AUDIT;RW16_TARGET_AUDIT;CONTRACT_RUNTIME;SCENARIO_RUNTIME;LOG_CLEAN	contract_runtime	resolved	EV.STATIC.HOSTILITY_TARGETING_COMBAT;TEST_PATCH_AUDIT.md rows Source/Patches_Hostility.cs:475 and :492;S-Hostility-Area-Workflow targeting evidence	No open HostileTo overload gap remains.	Patch row owns target shape and hook intent only; player flow belongs to primary scenario.	Decompiler confirms both GenHostility.HostileTo overloads used by Zombieland still exist: Thing/Thing and Thing/Faction. Runtime targeting evidence covers player, enemy, animal, infecting enemy, zombie faction, spitter and symbiant hostility decisions.
PATCH.GenHostility_HostileTo_Thing_Thing_Patch	patch	hostility	Enemy and animal pawns evaluate hostility to zombies according to Zombieland attack-mode settings, while infecting enemies stay non-hostile.	Source/Patches_Hostility.cs	not_applicable	GenHostility_HostileTo_Thing_Thing_Patch	zombieland/area_workflow_state actionMode:targeting	GenHostility.HostileTo(Thing, Thing)	unknown	Postprocess vanilla thing-to-thing hostility for non-colony non-zombie pawns facing Zombieland zombies.	E.HOSTILITY.TARGETING	S-Hostility-Area-Workflow;S-Special-Gauntlet	SOURCE_AUDIT;RW16_TARGET_AUDIT;CONTRACT_RUNTIME;SCENARIO_RUNTIME;LOG_CLEAN	contract_runtime	resolved	TEST_PATCH_AUDIT.md row Source/Patches_Hostility.cs:475;TEST_SCENARIOS.md targeting evidence;decompiler rimworld-1.6 2026-06-01	No open direct thing-to-thing zombie hostility gap remains; rerun if RimWorld changes GenHostility.HostileTo overload dispatch.	Patch row owns target shape and hook intent only; player flow belongs to E.HOSTILITY.TARGETING.	Runtime targeting evidence proved player HostileTo(zombie)=true, enemy and non-colony animal HostileTo(zombie) obey enemiesAttackZombies/animalsAttackZombies, and infecting enemy pawns are not hostile to zombies. Decompiler confirms 1.6 Thing/Thing HostileTo still gates destroyed/same/dormant/mental/predator/prisoner/slave/faction cases in the central overload before Zombieland postprocessing.
PATCH.GenHostility_HostileTo_Thing_Faction_Patch	patch	hostility	Zombie faction hostility stays explicit while spitter/symbiant are not hostile to non-player factions.	Source/Patches_Hostility.cs	not_applicable	GenHostility_HostileTo_Thing_Faction_Patch	zombieland/area_workflow_state actionMode:targeting	GenHostility.HostileTo(Thing, Faction)	unknown	Short-circuit spitter/symbiant hostility to non-player factions and postprocess pawn hostility to ZombieDefOf.Zombies.	E.HOSTILITY.TARGETING	S-Hostility-Area-Workflow;S-Special-Gauntlet	SOURCE_AUDIT;RW16_TARGET_AUDIT;CONTRACT_RUNTIME;SCENARIO_RUNTIME;LOG_CLEAN	contract_runtime	resolved	TEST_PATCH_AUDIT.md row Source/Patches_Hostility.cs:492;TEST_SCENARIOS.md targeting evidence;decompiler rimworld-1.6 2026-06-01	No open thing-to-faction zombie-hostility gap remains; rerun if RimWorld changes GenHostility.HostileTo overload dispatch or Zombieland zombie-faction rules.	Patch row owns target shape and hook intent only; player flow belongs to E.HOSTILITY.TARGETING.	Runtime targeting evidence proved an enemy pawn is hostile to ZombieDefOf.Zombies, while spitter and symbiant targets are non-hostile to non-player enemy faction. Decompiler confirms 1.6 Thing/Faction HostileTo still handles destroyed/null faction, mental, predator, prisoner, slave, shambler and host-faction gates in this overload.
PATCH.GenHostility_IsActiveThreat_Patch	patch	hostility	Zombieland targets must not inflate colony danger or hostile counts while still obeying enemy attack-mode settings.	Source/Patches_Hostility.cs	not_applicable	GenHostility_IsActiveThreat_Patch	zombieland/area_workflow_state actionMode:targeting	GenHostility.IsActiveThreatTo(IAttackTarget, Faction, Boolean, Boolean)	unknown	Short-circuit active-threat status for zombies, symbiants, and spitters by faction and attack mode.	E.HOSTILITY.TARGETING	S-Hostility-Area-Workflow;S-Source-Patch-Audit	SOURCE_AUDIT;RW16_TARGET_AUDIT;CONTRACT_RUNTIME;SCENARIO_RUNTIME;LOG_CLEAN	contract_runtime	resolved	TEST_PATCH_AUDIT.md active-threat evidence;TEST_COVERAGE.md hostility evidence;decompiler 2026-06-01	Fogged and hive booleans are vanilla pass-through context for non-Zombieland targets.	Patch row owns target shape and hook intent only; player flow belongs to E.HOSTILITY.TARGETING.	Runtime proved player/null/enemy/settings/attack-mode gates; decompiler confirms 1.6 vanilla still gates HostileTo, fog, hive duty, and IsPotentialThreat.
PATCH.AttackTargetsCache_TargetsHostileToColony_Patch	patch	hostility	Colony-hostile target enumeration must exclude Zombieland targets so zombies do not keep danger/music pressure alive.	Source/Patches_Hostility.cs	not_applicable	AttackTargetsCache_TargetsHostileToColony_Patch	zombieland/area_workflow_state actionMode:targeting	AttackTargetsCache.TargetsHostileToColony	unknown	Replace the colony-hostile target cache with the non-zombie replacement cache and purge stale entries.	E.HOSTILITY.TARGETING	S-Hostility-Area-Workflow;S-Source-Patch-Audit	SOURCE_AUDIT;RW16_TARGET_AUDIT;CONTRACT_RUNTIME;SCENARIO_RUNTIME;LOG_CLEAN	contract_runtime	resolved	TEST_PATCH_AUDIT.md target-cache evidence;TEST_COVERAGE.md hostility evidence;decompiler 2026-06-01	Broader music/danger player-flow proof belongs to the owning hostility scenario rather than this property hook.	Patch row owns target shape and hook intent only; player flow belongs to E.HOSTILITY.TARGETING.	Runtime cache contained a hostile human and excluded normal, spitter, and symbiant zombies; decompiler confirms 1.6 property delegates to TargetsHostileToFaction(Faction.OfPlayer).
PATCH.AttackTargetsCache_RegisterTarget_Patch	patch	hostility	Attack target registration must mirror only non-zombie colony-hostile targets into the Zombieland replacement cache.	Source/Patches_Hostility.cs	not_applicable	AttackTargetsCache_RegisterTarget_Patch	zombieland/area_workflow_state actionMode:targeting	AttackTargetsCache.RegisterTarget(IAttackTarget)	unknown	Add non-zombie hostiles to the replacement cache after vanilla registration accepts the spawned target.	E.HOSTILITY.TARGETING	S-Hostility-Area-Workflow;S-Source-Patch-Audit	SOURCE_AUDIT;RW16_TARGET_AUDIT;CONTRACT_RUNTIME;SCENARIO_RUNTIME;LOG_CLEAN	contract_runtime	resolved	TEST_PATCH_AUDIT.md target-cache registration evidence;TEST_COVERAGE.md hostility evidence;decompiler 2026-06-01	Zombie/spitter/symbiant exclusion is covered here; vanilla allTargets membership remains owned by RimWorld.	Patch row owns target shape and hook intent only; player flow belongs to E.HOSTILITY.TARGETING.	Runtime showed a spawned hostile human entered the replacement cache while Zombieland targets did not; decompiler confirms 1.6 RegisterTarget still validates allTargets/spawned/map and then indexes by hostile factions.
PATCH.AttackTargetsCache_DeregisterTarget_Patch	patch	hostility	Attack target deregistration must remove mirrored non-zombie targets and tolerate Zombieland targets that were never mirrored.	Source/Patches_Hostility.cs	not_applicable	AttackTargetsCache_DeregisterTarget_Patch	zombieland/area_workflow_state actionMode:targeting	AttackTargetsCache.DeregisterTarget(IAttackTarget)	unknown	Remove non-zombie hostiles from the replacement cache before vanilla deregistration clears map-held state.	E.HOSTILITY.TARGETING	S-Hostility-Area-Workflow;S-Source-Patch-Audit	SOURCE_AUDIT;RW16_TARGET_AUDIT;CONTRACT_RUNTIME;SCENARIO_RUNTIME;LOG_CLEAN	contract_runtime	resolved	TEST_PATCH_AUDIT.md target-cache deregistration evidence;TEST_COVERAGE.md hostility evidence;decompiler 2026-06-01	Zombie deregistration remains harmless because Zombieland targets are excluded from the replacement cache on registration.	Patch row owns target shape and hook intent only; player flow belongs to E.HOSTILITY.TARGETING.	Runtime exposed stale destroyed hostiles and passed after prefix removal plus getter purge; decompiler confirms 1.6 DeregisterTarget removes from allTargets, faction dictionaries, aggro pawns, and factionless humanlikes.
PATCH.JobDriver_Wait_CheckForAutoAttack_Patch	patch	hostility	Harmony patch JobDriver_Wait_CheckForAutoAttack_Patch must preserve its semantic hook intent.	Source/Patches.cs	not_applicable	JobDriver_Wait_CheckForAutoAttack_Patch	see owning feature/scenario row	JobDriver_Wait.CheckForAutoAttack	unknown	Drafted auto-attack decisions around zombies.	E.HOSTILITY.TARGETING	S-Source-Patch-Audit	SOURCE_AUDIT;RW16_TARGET_AUDIT;CONTRACT_RUNTIME;SCENARIO_RUNTIME;LOG_CLEAN	contract_runtime	resolved	EV.STATIC.HOSTILITY_TARGETING_COMBAT;TEST_PATCH_AUDIT.md row Source/Patches_Hostility.cs:574;S-Hostility-Area-Workflow targeting evidence	No open drafted auto-attack filter gap remains.	Patch row owns target shape and hook intent only; player flow belongs to primary scenario.	Decompiler confirms CheckForAutoAttack still calls GenHostility.IsActiveThreatTo before adjacent melee auto-attack and ranged Wait_Combat fallback; runtime evidence proves drafted pawns attack active zombies and ordinary hostile pawns while ignoring roped/confused zombies.
PATCH.ShotReport_AimOnTargetChance_StandardTarget_Patch	patch	hostility	Harmony patch ShotReport_AimOnTargetChance_StandardTarget_Patch must preserve its semantic hook intent.	Source/Patches.cs	not_applicable	ShotReport_AimOnTargetChance_StandardTarget_Patch	see owning feature/scenario row	ShotReport.AimOnTargetChance_StandardTarget	unknown	Tar smoke blocks ranged aim chance.	E.HOSTILITY.TARGETING	S-Source-Patch-Audit	SOURCE_AUDIT;RW16_TARGET_AUDIT;CONTRACT_RUNTIME;SCENARIO_RUNTIME;LOG_CLEAN	contract_runtime	resolved	EV.STATIC.HOSTILITY_TARGETING_COMBAT;TEST_PATCH_AUDIT.md row Source/Patches.cs:4384;S-Hostility-Area-Workflow targeting evidence	No open tar-smoke aim gate gap remains.	Patch row owns target shape and hook intent only; player flow belongs to primary scenario.	Decompiler confirms AimOnTargetChance_StandardTarget still combines shooter, equipment, weather, gas, cover and execution factors before clamping; runtime evidence proves TarSmoke gas and cover-list branches force chance to zero.
PATCH.FleeUtility_ShouldFleeFrom_Patch	patch	hostility	Harmony patch FleeUtility_ShouldFleeFrom_Patch must preserve its semantic hook intent.	Source/Patches.cs	not_applicable	FleeUtility_ShouldFleeFrom_Patch	see owning feature/scenario row	FleeUtility.ShouldFleeFrom	unknown	Roped/confused/harmless/special gate fleeing.	E.HOSTILITY.TARGETING	S-Source-Patch-Audit	SOURCE_AUDIT;RW16_TARGET_AUDIT;CONTRACT_RUNTIME;SCENARIO_RUNTIME;LOG_CLEAN	contract_runtime	resolved	EV.STATIC.HOSTILITY_TARGETING_COMBAT;TEST_PATCH_AUDIT.md row Source/Patches.cs:906;S-Hostility-Area-Workflow danger-flee evidence	No open flee-filter gap remains.	Patch row owns target shape and hook intent only; player flow belongs to primary scenario.	Decompiler confirms ShouldFleeFrom still checks distance, alwaysFlee, HostileTo, ThreatDisabled, IAttackTargetSearcher and optional LOS; runtime evidence proves roped/confused/special harmless zombies suppress flee while ordinary hostile pawns pass through.
PATCH.FleeUtility_FleeJob_Patch	patch	hostility	Flee jobs caused by Zombieland threats should retarget into the pawn's assigned allowed area when a safe in-area destination exists.	Source/Patches.cs	not_applicable	FleeUtility_FleeJob_Patch	zombieland/area_workflow_state actionMode:behavior	FleeUtility.FleeJob	unknown	Retarget vanilla flee destinations for Zombieland threats to respect assigned areas.	E.HOSTILITY.TARGETING	S-Hostility-Area-Workflow	SOURCE_AUDIT;RW16_TARGET_AUDIT;CONTRACT_RUNTIME;SCENARIO_RUNTIME;LOG_CLEAN	contract_runtime	resolved	TEST_SCENARIOS.md behavior evidence 2026-06-01;TEST_COVERAGE.md area behavior evidence	No open assigned-area flee retargeting gap remains; rerun only if RimWorld changes FleeUtility.FleeJob or Zombieland assigned-area flee policy.	Patch row owns target shape and hook intent only; player flow belongs to E.HOSTILITY.TARGETING.	Runtime behavior evidence proved a vanilla flee destination outside the assigned area was retargeted to an inside-area cell for a Zombieland threat, while emergency fallback can still use outside-area safe cells if no assigned safe destination exists.
PATCH.Verb_MeleeAttack_TryCastShot_Patch	patch	hostility	Harmony patch Verb_MeleeAttack_TryCastShot_Patch must preserve its semantic hook intent.	Source/Patches.cs	not_applicable	Verb_MeleeAttack_TryCastShot_Patch	see owning feature/scenario row	Verb_MeleeAttack.TryCastShot	unknown	Smart melee, chainsaw and roped-zombie gates.	E.HOSTILITY.TARGETING	S-Source-Patch-Audit	SOURCE_AUDIT;RW16_TARGET_AUDIT;CONTRACT_RUNTIME;SCENARIO_RUNTIME;LOG_CLEAN	contract_runtime	resolved	EV.STATIC.HOSTILITY_TARGETING_COMBAT;TEST_PATCH_AUDIT.md row Source/Patches.cs:919;S-Hostility-Area-Workflow smart-melee evidence	No open smart-melee prefix gap remains.	Patch row owns target shape and hook intent only; player flow belongs to primary scenario.	Decompiler confirms Verb_MeleeAttack.TryCastShot still owns immediate melee hit, dodge, damage, sound, mote and stagger results; runtime evidence covers zombie smart-melee skip, chainsaw skip, roped-zombie kill, and ordinary melee pass-through.
PATCH.Pawn_MeleeVerbs_GetUpdatedAvailableVerbsList_Patch	patch	hostility	Harmony patch Pawn_MeleeVerbs_GetUpdatedAvailableVerbsList_Patch must preserve its semantic hook intent.	Source/Patches.cs	not_applicable	Pawn_MeleeVerbs_GetUpdatedAvailableVerbsList_Patch	see owning feature/scenario row	Pawn_MeleeVerbs.GetUpdatedAvailableVerbsList	unknown	Special zombie scratch/bite verb filtering.	C.SPECIAL.ZOMBIES	S-Source-Patch-Audit	SOURCE_AUDIT;RW16_TARGET_AUDIT;CONTRACT_RUNTIME;SCENARIO_RUNTIME;LOG_CLEAN	contract_runtime	resolved	EV.STATIC.HOSTILITY_TARGETING_COMBAT;TEST_PATCH_AUDIT.md row Source/Patches.cs:1217;S-Hostility-Area-Workflow special-melee-verbs evidence	No open special-zombie bite/scratch verb gap remains.	Patch row owns target shape and hook intent only; player flow belongs to primary scenario.	Decompiler confirms Pawn_MeleeVerbs.GetUpdatedAvailableVerbsList still rebuilds melee verbs from pawn, equipment, apparel, hediff, mutant and terrain sources; runtime evidence proves ZombieBite remains for normal zombies and is removed for albino/electrifier gates.
PATCH.DamageWorker_AddInjury_ApplyDamageToPart_Patch	patch	core_zombie	Harmony patch DamageWorker_AddInjury_ApplyDamageToPart_Patch must preserve its semantic hook intent.	Source/Patches.cs	not_applicable	DamageWorker_AddInjury_ApplyDamageToPart_Patch	see owning feature/scenario row	DamageWorker_AddInjury.ApplyDamageToPart	unknown	Special damage scaling and active electrifier/dark-slimer gates.	C.SPECIAL.ZOMBIES	S-Source-Patch-Audit	SOURCE_AUDIT;RW16_TARGET_AUDIT;CONTRACT_RUNTIME;SCENARIO_RUNTIME;LOG_CLEAN	contract_runtime	resolved	EV.STATIC.SPECIAL_DAMAGE_ATTACK_VERBS;TEST_PATCH_AUDIT.md row Source/Patches.cs:4423;S-Hostility-Area-Workflow special-damage evidence;S-Hostility-Area-Workflow bug-reports evidence;S-Hostility-Area-Workflow spitter-readiness evidence	No open special damage scaling/gate gap remains.	Patch row owns target shape and hook intent only; player flow belongs to primary scenario.	Decompiler confirms ApplyDamageToPart still resolves hit parts, calls ArmorUtility.GetPostArmorDamage, applies external-violence factors, then finalizes or propagates injury. Runtime special-damage evidence covers spitter scaling after removing the stale IncomingDamageFactor stat multiplier: Cut 2 -> 5 direct core injury, Bullet 10 -> 1, former-map-pawn scaling 1.84822178 versus normal 3.43253374, albino block, dark-slimer TarSmoke delta 37 and active-electrifier ranged absorption. Spitter-readiness evidence covers colony durability scaling through the same hook: weak factor 0.43 versus armed 1, scaled Bullet/Cut amounts 2.32558131x higher, and weak real Cut injury 38.054966 versus armed 5.
PATCH.ArmorUtility_GetPostArmorDamage_Patch	patch	core_zombie	Harmony patch ArmorUtility_GetPostArmorDamage_Patch must preserve its semantic hook intent.	Source/Patches.cs	not_applicable	ArmorUtility_GetPostArmorDamage_Patch	see owning feature/scenario row	ArmorUtility.GetPostArmorDamage	unknown	Tanky armor/shield/suit damage reduction.	C.SPECIAL.ZOMBIES	S-Source-Patch-Audit	SOURCE_AUDIT;RW16_TARGET_AUDIT;CONTRACT_RUNTIME;SCENARIO_RUNTIME;LOG_CLEAN	contract_runtime	resolved	EV.STATIC.SPECIAL_DAMAGE_ATTACK_VERBS;TEST_PATCH_AUDIT.md row Source/Patches.cs:4495;S-Hostility-Area-Workflow special-damage evidence	No open tanky armor/shield/suit gap remains.	Patch row owns target shape and hook intent only; player flow belongs to primary scenario.	Decompiler confirms ArmorUtility.GetPostArmorDamage still processes apparel armor, then pawn armor, and returns remaining damage with deflect/diminish flags; runtime evidence covers human control, tanky shield, helmet and suit branches with final item HP changes shield 1 -> 0.9600951, helmet 1 -> 0.807393, and suit 1 -> 0.9205075.
PATCH.Verb_MeleeAttackDamage_DamageInfosToApply_Patch	patch	core_zombie	Harmony patch Verb_MeleeAttackDamage_DamageInfosToApply_Patch must preserve its semantic hook intent.	Source/Patches.cs	not_applicable	Verb_MeleeAttackDamage_DamageInfosToApply_Patch;Pawn_MeleeVerbs_ChooseMeleeVerb_Patch	see owning feature/scenario row	Verb_MeleeAttackDamage.DamageInfosToApply	unknown	Electrifier melee damage converts/stalls items.	C.SPECIAL.ZOMBIES	S-Source-Patch-Audit	SOURCE_AUDIT;RW16_TARGET_AUDIT;CONTRACT_RUNTIME;SCENARIO_RUNTIME;LOG_CLEAN	contract_runtime	resolved	EV.STATIC.SPECIAL_DAMAGE_ATTACK_VERBS;TEST_PATCH_AUDIT.md row Source/Patches.cs:1236;S-Hostility-Area-Workflow electrifier-melee-damage evidence	No open active-electrifier melee damage side-effect gap remains.	Patch row owns target shape and hook intent only; player flow belongs to primary scenario.	Decompiler confirms Verb_MeleeAttackDamage.DamageInfosToApply still yields melee DamageInfo values from adjusted damage, armor penetration, tool/source and extra damages; runtime evidence proves active electrifier chainsaw shock, smokepop electrical conversion, component-item deterioration, and disabled-electrifier no-op control. The generated inventory class name remains the legacy `Pawn_MeleeVerbs_ChooseMeleeVerb_Patch`, but the target is the current `Verb_MeleeAttackDamage.DamageInfosToApply` iterator.
PATCH.Pawn_TryGetAttackVerb_Patch	patch	hostility	Harmony patch Pawn_TryGetAttackVerb_Patch must preserve its semantic hook intent.	Source/Patches.cs	not_applicable	Pawn_TryGetAttackVerb_Patch	see owning feature/scenario row	Pawn.TryGetAttackVerb	unknown	Active electrifier/spitter attack-verb rules.	C.SPECIAL.ZOMBIES	S-Source-Patch-Audit	SOURCE_AUDIT;RW16_TARGET_AUDIT;CONTRACT_RUNTIME;SCENARIO_RUNTIME;LOG_CLEAN	contract_runtime	resolved	EV.STATIC.SPECIAL_DAMAGE_ATTACK_VERBS;TEST_PATCH_AUDIT.md row Source/Patches.cs:4621;zombieland/active_electrifier_attack_verb_contract	No open active-electrifier/spitter attack-verb selection gap remains.	Patch row owns target shape and hook intent only; player flow belongs to primary scenario.	Decompiler confirms Pawn.TryGetAttackVerb still checks primary equipment, optional apparel/turrets and melee fallback; runtime evidence proves spitter no-verb, ranged pass-through, active-electrifier melee fallback, and grenade/location-targeting pass-through.
PATCH.Verb_CausesTimeSlowdown_Patch	patch	hostility	Harmony patch Verb_CausesTimeSlowdown_Patch must preserve its semantic hook intent.	Source/Patches.cs	not_applicable	Verb_CausesTimeSlowdown_Patch	see owning feature/scenario row	Verb.CausesTimeSlowdown	unknown	Suppress slowdown for far zombies only.	C.SPECIAL.ZOMBIES	S-Source-Patch-Audit	SOURCE_AUDIT;RW16_TARGET_AUDIT;CONTRACT_RUNTIME;SCENARIO_RUNTIME;LOG_CLEAN	contract_runtime	resolved	EV.STATIC.SPECIAL_DAMAGE_ATTACK_VERBS;TEST_PATCH_AUDIT.md row Source/Patches.cs:4597;zombieland/active_electrifier_attack_verb_contract	No open far-zombie slowdown suppression gap remains.	Patch row owns target shape and hook intent only; player flow belongs to primary scenario.	Decompiler confirms Verb.CausesTimeSlowdown still gates on verb property, pawn/turret target, downed state and player/hostile factions; runtime evidence proves far zombies suppress slowdown while close zombies and far hostile humans retain vanilla slowdown.
PATCH.Pawn_TryStartAttack_Patch	patch	hostility	Harmony patch Pawn_TryStartAttack_Patch must preserve its semantic hook intent.	Source/Patches.cs	not_applicable	Pawn_TryStartAttack_Patch	see owning feature/scenario row	Pawn.TryStartAttack	unknown	Allow zombies to attack despite disabled violent work tag.	C.SPECIAL.ZOMBIES	S-Source-Patch-Audit	SOURCE_AUDIT;RW16_TARGET_AUDIT;CONTRACT_RUNTIME;SCENARIO_RUNTIME;LOG_CLEAN	contract_runtime	resolved	EV.STATIC.SPECIAL_DAMAGE_ATTACK_VERBS;TEST_PATCH_AUDIT.md row Source/Patches.cs:4648;zombieland/active_electrifier_attack_verb_contract	No open zombie violent-work-tag attack bypass gap remains.	Patch row owns target shape and hook intent only; player flow belongs to primary scenario.	Decompiler confirms Pawn.TryStartAttack still blocks full-body-busy and violent-disabled pawns before selecting attack verb; runtime evidence proves zombies bypass the violent work-tag conflict and start a real ZombieBite cooldown/damage attack.
PATCH.StunHandler_Notify_DamageApplied_Patch	patch	core_zombie	Harmony patch StunHandler_Notify_DamageApplied_Patch must preserve its semantic hook intent.	Source/Patches.cs	not_applicable	StunHandler_Notify_DamageApplied_Patch	see owning feature/scenario row	StunHandler.Notify_DamageApplied	unknown	EMP disables active electrifier.	C.SPECIAL.ZOMBIES	S-Source-Patch-Audit	SOURCE_AUDIT;RW16_TARGET_AUDIT;CONTRACT_RUNTIME;SCENARIO_RUNTIME;LOG_CLEAN	contract_runtime	resolved	EV.STATIC.SPECIAL_DAMAGE_ATTACK_VERBS;TEST_PATCH_AUDIT.md row Source/Patches.cs:4413;zombieland/emp_electrifier	No open EMP active-electrifier disable gap remains.	Patch row owns target shape and hook intent only; player flow belongs to primary scenario.	Decompiler confirms RimWorld 1.6 StunHandler.Notify_DamageApplied still computes stun duration/adaptation and EMP state before StunFor through damage-def-driven gates; runtime evidence proves EMP damage disables an active electrifier for the expected tick window.
PATCH.Pawn_GeneTracker_AddGene_Patch	patch	core_zombie	Harmony patch Pawn_GeneTracker_AddGene_Patch must preserve its semantic hook intent.	Source/Patches.cs	not_applicable	Pawn_GeneTracker_AddGene_Patch;Pawn_GeneTracker_AddGene_Gene_Patch;Pawn_GeneTracker_AddGene_GeneDef_Patch	see owning feature/scenario row	Pawn_GeneTracker.AddGene overloads	unknown	Reject genes on Zombieland pawn types.	C.SPECIAL.ZOMBIES	S-Source-Patch-Audit	SOURCE_AUDIT;RW16_TARGET_AUDIT;CONTRACT_RUNTIME;SCENARIO_RUNTIME;LOG_CLEAN	contract_runtime	resolved	EV.STATIC.SPECIAL_DAMAGE_ATTACK_VERBS;TEST_PATCH_AUDIT.md rows Source/Patches.cs:4022 and :4038;zombieland/zombie_gene_rejection_contract	No open Zombieland-pawn gene rejection patch-boundary gap remains; full Biotech gameplay remains additive unless a named real-gene DLC gameplay variant is raised.	Patch row owns target shape and hook intent only; player flow belongs to primary scenario.	Decompiler confirms Pawn_GeneTracker.AddGene still has both public GeneDef and private Gene overloads; runtime evidence proves human controls accept genes while Zombie, ZombieSpitter and ZombieSymbiant reject genes with unchanged counts in the earlier Core-only fixture.
PATCH.Pawn_StoryTracker_SkinColorBase_Patch	patch	rendering	Harmony patch Pawn_StoryTracker_SkinColorBase_Patch must preserve its semantic hook intent.	Source/Patches.cs	not_applicable	Pawn_StoryTracker_SkinColorBase_Patch	see owning feature/scenario row	Pawn_StoryTracker.SkinColorBase	unknown	Force zombie skin color white.	C.SPECIAL.ZOMBIES	S-Source-Patch-Audit	SOURCE_AUDIT;RW16_TARGET_AUDIT;CONTRACT_RUNTIME;SCENARIO_RUNTIME;LOG_CLEAN	contract_runtime	resolved	EV.STATIC.SPECIAL_DAMAGE_ATTACK_VERBS;TEST_PATCH_AUDIT.md row Source/Patches.cs:4053;zombieland/zombie_skin_color_contract	No open story skin-color patch-boundary gap remains; live spitter/symbiant visual rendering stays owned by F.RENDERING.VISUALS.	Patch row owns target shape and hook intent only; player flow belongs to primary scenario.	Decompiler confirms SkinColorBase still lazily derives melanin/random skin-color genes before returning skinColorBase; runtime evidence proves ordinary human keeps non-white color while Zombie, ZombieSpitter and ZombieSymbiant return Color.white when story trackers are present.
PATCH.Verb_GetDamageFactorFor_Patch	patch	combat	Zombie body type, tanky equipment and former-map-pawn state scale melee damage factors without changing vanilla non-zombie calculations.	Source/Patches.cs	not_applicable	Verb_GetDamageFactorFor_Patch	see owning feature/scenario row	VerbProperties.GetDamageFactorFor(Tool, Pawn, HediffComp_VerbGiver)	unknown	Postprocess the exact tool-based damage-factor overload for Zombieland pawn damage scaling.	C.SPECIAL.ZOMBIES	S-Special-Gauntlet;S-Source-Patch-Audit	SOURCE_AUDIT;RW16_TARGET_AUDIT;CONTRACT_RUNTIME;SCENARIO_RUNTIME;LOG_CLEAN	contract_runtime	resolved	TEST_PATCH_AUDIT.md;TEST_COVERAGE.md;decompiler 2026-05-31	No open target-shape gap remains; rerun if RimWorld changes VerbProperties damage-factor overloads.	Patch row owns target shape and hook intent only; player flow belongs to C.SPECIAL.ZOMBIES.	RimWorld 1.6 decompiler resolved the exact overload 06000F72; it still computes tool/attacker damage multipliers, and Zombieland only adjusts the returned factor for Zombie attackers.
PATCH.Thing_AmbientTemperature_Patch	patch	core_zombie	Zombies, zombie corpses, symbiants and spitters experience neutral ambient temperature for extreme-weather handling.	Source/Patches.cs	not_applicable	Thing_AmbientTemperature_Patch	see owning feature/scenario row	Thing.AmbientTemperature	unknown	Return 21C for Zombieland pawn/corpse types before vanilla spawned/held/tile temperature lookup.	C.CORE.ZOMBIE_LOOP	S-Core-Horde-Loop;S-Special-Gauntlet;S-Source-Patch-Audit	SOURCE_AUDIT;RW16_TARGET_AUDIT;CONTRACT_RUNTIME;SCENARIO_RUNTIME;LOG_CLEAN	contract_runtime	resolved	TEST_PATCH_AUDIT.md;TEST_COVERAGE.md;decompiler 2026-05-31	No open target-shape gap remains; weather-biome runtime variants can be named separately if needed.	Patch row owns target shape and hook intent only; player flow belongs to C.CORE.ZOMBIE_LOOP.	RimWorld 1.6 decompiler resolved Thing.AmbientTemperature getter 17000AAB; vanilla still falls through spawned, holder, held map and tile temperature branches.
PATCH.PriorityWork_GetGizmos_Patch	patch	settings	Colonist priority-work gizmos can expose zombie avoidance, serum extraction and double-tap commands when the corresponding settings allow them.	Source/Patches.cs	not_applicable	PriorityWork_GetGizmos_Patch	see owning feature/scenario row	PriorityWork.GetGizmos	unknown	Append Zombieland command gizmos after vanilla prioritized-work gizmos without suppressing vanilla output.	B.SETTINGS.WORLD_DEFAULTS	S-Settings-Persistence;S-Infection-Medical;S-Source-Patch-Audit	SOURCE_AUDIT;RW16_TARGET_AUDIT;CONTRACT_RUNTIME;SCENARIO_RUNTIME;VISUAL_UI;LOG_CLEAN	contract_runtime	resolved	TEST_PATCH_AUDIT.md;TEST_COVERAGE.md;decompiler 2026-05-31	No open target-shape gap remains; additional UI click paths should be tracked on settings/infection scenarios.	Patch row owns target shape and hook intent only; player flow belongs to B.SETTINGS.WORLD_DEFAULTS.	RimWorld 1.6 decompiler resolved PriorityWork.GetGizmos 06000C58; it still yields the clear-prioritized-work command and can be safely extended by postfix enumeration.
PATCH.HediffUtility_CanHealNaturally_Patch	patch	infection	Zombie-bite injuries remain non-natural-healing while bite visibility/infectability state requires them to persist.	Source/Patches.cs	not_applicable	HediffUtility_CanHealNaturally_Patch	see owning feature/scenario row	HediffUtility.CanHealNaturally	unknown	Override natural-healing eligibility for Hediff_Injury_ZombieBite based on infection-state gates.	I.INFECTION.MEDICAL	S-Infection-Medical;S-Source-Patch-Audit	SOURCE_AUDIT;RW16_TARGET_AUDIT;CONTRACT_RUNTIME;SCENARIO_RUNTIME;LOG_CLEAN	contract_runtime	resolved	TEST_PATCH_AUDIT.md;TEST_COVERAGE.md;decompiler 2026-05-31	No open target-shape gap remains; broader tending UI variants belong to S-Infection-Medical.	Patch row owns target shape and hook intent only; player flow belongs to I.INFECTION.MEDICAL.	RimWorld 1.6 decompiler resolved CanHealNaturally 06002C91; vanilla still returns only the non-permanent injury check, so the bite-state override remains semantically narrow.
PATCH.Recipe_RemoveBodyPart_GetPartsToApplyOn_Patch	patch	infection	Zombie-bitten body parts can be offered for amputation while ordinary removable-part candidates remain deduplicated.	Source/Patches.cs	not_applicable	Recipe_RemoveBodyPart_GetPartsToApplyOn_Patch	see owning feature/scenario row	Recipe_RemoveBodyPart.GetPartsToApplyOn	unknown	Add visible zombie-bite parts to RemoveBodyPart candidates after yielding vanilla recipe candidates.	I.INFECTION.MEDICAL	S-Infection-Medical;S-Source-Patch-Audit	SOURCE_AUDIT;RW16_TARGET_AUDIT;CONTRACT_RUNTIME;SCENARIO_RUNTIME;VISUAL_UI;LOG_CLEAN	contract_runtime	resolved	TEST_PATCH_AUDIT.md;TEST_COVERAGE.md;decompiler 2026-05-31	No open target-shape gap remains; surgical UI coverage belongs to S-Infection-Medical.	Patch row owns target shape and hook intent only; player flow belongs to I.INFECTION.MEDICAL.	RimWorld 1.6 decompiler resolved GetPartsToApplyOn 0600C334; vanilla still enumerates body parts by recipe/removable-state, and Zombieland appends infected bite parts.
PATCH.Hediff_ShouldRemove_Patch	patch	infection	Zombie hediffs and bite injuries that still represent infection state are not removed just because base severity reaches zero.	Source/Patches.cs	not_applicable	Hediff_ShouldRemove_Patch	see owning feature/scenario row	Hediff.ShouldRemove getter	unknown	Keep dead-pawn zombie hediffs and active infection-state zombie bites from being removed by the vanilla severity rule.	I.INFECTION.MEDICAL	S-Infection-Medical;S-Core-Horde-Loop;S-Source-Patch-Audit	SOURCE_AUDIT;RW16_TARGET_AUDIT;CONTRACT_RUNTIME;SCENARIO_RUNTIME;SAVE_LOAD;LOG_CLEAN	contract_runtime	resolved	TEST_PATCH_AUDIT.md;TEST_COVERAGE.md;decompiler 2026-05-31	No open target-shape gap remains; save-load infection persistence belongs to S-Infection-Medical.	Patch row owns target shape and hook intent only; player flow belongs to I.INFECTION.MEDICAL.	RimWorld 1.6 decompiler resolved Hediff.ShouldRemove getter 17000739; vanilla still removes only by Severity <= 0, making the postfix guard straightforward.
PATCH.Fire_VulnerableToRain_Patch	patch	core_zombie	Burning zombies can keep attached fire in rain according to the burn-longer setting.	Source/Patches.cs	not_applicable	Fire_VulnerableToRain_Patch	see owning feature/scenario row	Fire.VulnerableToRain	unknown	Randomly suppress rain vulnerability for attached fire whose parent is a Zombieland pawn.	C.CORE.ZOMBIE_LOOP	S-Core-Horde-Loop;S-Special-Gauntlet;S-Source-Patch-Audit	SOURCE_AUDIT;RW16_TARGET_AUDIT;CONTRACT_RUNTIME;SCENARIO_RUNTIME;LOG_CLEAN	contract_runtime	resolved	TEST_PATCH_AUDIT.md;TEST_COVERAGE.md;decompiler 2026-05-31	No open target-shape gap remains; rainy-map endurance coverage can be a named scenario variant if needed.	Patch row owns target shape and hook intent only; player flow belongs to C.CORE.ZOMBIE_LOOP.	RimWorld 1.6 decompiler resolved private Fire.VulnerableToRain 0600F503; vanilla still checks spawned state, roof and edifice support.
PATCH.Fire_DoFireDamage_Patch	patch	core_zombie	Zombies burn slower and tar slime can spread adjacent fire without replacing vanilla fire damage flow for other targets.	Source/Patches.cs	not_applicable	Fire_DoFireDamage_Patch;Explosion_AffectCell_Patch	see owning feature/scenario row	Fire.DoFireDamage;Explosion.AffectCell	unknown	Transpile fire-damage rounding for Zombieland pawns, postfix tar-slime fire propagation, and prevent direct flame explosion injury when the source-aware fire-survival boost is granted.	C.CORE.ZOMBIE_LOOP	S-Core-Horde-Loop;S-Special-Gauntlet;S-Source-Patch-Audit	SOURCE_AUDIT;RW16_TARGET_AUDIT;CONTRACT_RUNTIME;SCENARIO_RUNTIME;LOG_CLEAN	contract_runtime	resolved	TEST_PATCH_AUDIT.md;TEST_COVERAGE.md;decompiler 2026-05-31;fire survival boost 2026-06-06	No open target-shape gap remains; rerun if RimWorld changes the RoundRandom anchor in Fire.DoFireDamage or the Explosion.AffectCell damage application boundary.	Patch row owns target shape and hook intent only; player flow belongs to C.CORE.ZOMBIE_LOOP and C.SPECIAL.ZOMBIES.	RimWorld 1.6 decompiler resolved private DoFireDamage 0600F504; it still calls GenMath.RoundRandom before applying flame damage and combat-log association. Runtime fire-survival evidence includes the Explosion.AffectCell prefix in the source-aware flame-explosion damage shape and restores direct injury when the boost was just granted.
PATCH.Fire_SpawnSmokeParticles_Patch	patch	rendering	Burning tar slime produces tar smoke and appropriate glow instead of vanilla white smoke.	Source/Patches.cs	not_applicable	Fire_SpawnSmokeParticles_Patch	see owning feature/scenario row	Fire.SpawnSmokeParticles	unknown	Replace fire smoke particles with Zombieland tar smoke when the fire cell contains TarSlime.	F.RENDERING.VISUALS	S-Special-Gauntlet;S-Visual-Lineup;S-Source-Patch-Audit	SOURCE_AUDIT;RW16_TARGET_AUDIT;CONTRACT_RUNTIME;SCENARIO_RUNTIME;VISUAL_UI;LOG_CLEAN	contract_runtime	resolved	TEST_PATCH_AUDIT.md;TEST_COVERAGE.md;decompiler 2026-05-31	No open target-shape gap remains; visual screenshot variants belong to rendering scenarios.	Patch row owns target shape and hook intent only; player flow belongs to F.RENDERING.VISUALS.	RimWorld 1.6 decompiler resolved private SpawnSmokeParticles 0600F500; vanilla still throws smoke/glow and resets ticksUntilSmoke, so the tar-smoke prefix remains targeted.
PATCH.FireWatcher_UpdateObservations_Patch	patch	core_zombie	Attached fires on burning zombies do not inflate the map-wide fire danger observation.	Source/Patches.cs	not_applicable	FireWatcher_UpdateObservations_Patch	see owning feature/scenario row	FireWatcher.UpdateObservations	unknown	Recompute fireDanger while ignoring fire whose parent is a Zombieland pawn.	C.CORE.ZOMBIE_LOOP	S-Core-Horde-Loop;S-Special-Gauntlet;S-Source-Patch-Audit	SOURCE_AUDIT;RW16_TARGET_AUDIT;CONTRACT_RUNTIME;SCENARIO_RUNTIME;LOG_CLEAN	contract_runtime	resolved	TEST_PATCH_AUDIT.md;TEST_COVERAGE.md;decompiler 2026-05-31	No open target-shape gap remains; broader fire alert/runtime variants can be named separately if needed.	Patch row owns target shape and hook intent only; player flow belongs to C.CORE.ZOMBIE_LOOP.	RimWorld 1.6 decompiler resolved private UpdateObservations 0600AE56; vanilla still sums 0.5 + fireSize over ThingDefOf.Fire.
PATCH.DamageWorker_DamageResult_AssociateWithLog_Patch	patch	combat	Zombie damage results skip combat-log association to avoid vanilla log target errors.	Source/Patches.cs	not_applicable	DamageWorker_DamageResult_AssociateWithLog_Patch	see owning feature/scenario row	DamageWorker.DamageResult.AssociateWithLog	unknown	Suppress combat-log association when the hit thing is a Zombieland pawn.	C.CORE.ZOMBIE_LOOP	S-Core-Horde-Loop;S-Special-Gauntlet;S-Source-Patch-Audit	SOURCE_AUDIT;RW16_TARGET_AUDIT;CONTRACT_RUNTIME;SCENARIO_RUNTIME;LOG_CLEAN	contract_runtime	resolved	TEST_PATCH_AUDIT.md;TEST_COVERAGE.md;decompiler 2026-05-31	No open target-shape gap remains; combat-log UI negatives belong to core/special scenarios.	Patch row owns target shape and hook intent only; player flow belongs to C.CORE.ZOMBIE_LOOP.	RimWorld 1.6 decompiler resolved AssociateWithLog 06000E9E; vanilla still fills hit-pawn parts and hediff combat-log text, which is the error-prone path this patch avoids for zombies.
PATCH.Alert_ColonistLeftUnburied_IsCorpseOfColonist_Patch	patch	core_zombie	Empty or invalid corpses do not crash the colonist-left-unburied alert check.	Source/Patches.cs	not_applicable	Alert_ColonistLeftUnburied_IsCorpseOfColonist_Patch	see owning feature/scenario row	Alert_ColonistLeftUnburied.IsCorpseOfColonist	unknown	Return false before vanilla corpse-faction checks when InnerPawn is null.	C.CORE.ZOMBIE_LOOP	S-Core-Horde-Loop;S-Source-Patch-Audit	SOURCE_AUDIT;RW16_TARGET_AUDIT;CONTRACT_RUNTIME;SCENARIO_RUNTIME;LOG_CLEAN	contract_runtime	resolved	TEST_PATCH_AUDIT.md;TEST_COVERAGE.md;decompiler 2026-05-31	No open target-shape gap remains; alert-surface checks belong to core cleanup scenarios.	Patch row owns target shape and hook intent only; player flow belongs to C.CORE.ZOMBIE_LOOP.	RimWorld 1.6 decompiler resolved IsCorpseOfColonist 06011556; vanilla still dereferences corpse.InnerPawn before faction/race checks.
PATCH.ShotReport_HitReportFor_Patch	patch	hostility	Ranged verbs cannot hit targets standing in tar smoke, while melee targeting remains vanilla.	Source/Patches.cs	not_applicable	ShotReport_HitReportFor_Patch	see owning feature/scenario row	Verb.CanHitTargetFrom	unknown	Block non-melee Verb.CanHitTargetFrom when the target cell contains Zombieland tar smoke.	E.HOSTILITY.TARGETING	S-Special-Gauntlet;S-Hostility-Area-Workflow;S-Source-Patch-Audit	SOURCE_AUDIT;RW16_TARGET_AUDIT;CONTRACT_RUNTIME;SCENARIO_RUNTIME;LOG_CLEAN	contract_runtime	resolved	TEST_PATCH_AUDIT.md;TEST_COVERAGE.md;decompiler 2026-05-31	No open target-shape gap remains; live tar-smoke targeting variants belong to hostility/special scenarios.	Patch row owns target shape and hook intent only; player flow belongs to E.HOSTILITY.TARGETING.	RimWorld 1.6 decompiler resolved the current target as Verb.CanHitTargetFrom 060057CF; the historical patch name is stale but the hook intent maps to the ranged line-of-sight gate.
PATCH.Pawn_Kill_Patch	patch	core_zombie	Zombie death drops loot and interrupts jobs, while infected humanlike deaths are marked or seeded for later zombification.	Source/Patches.cs	not_applicable	Pawn_Kill_Patch	see owning feature/scenario row	Pawn.Kill	unknown	Run Zombieland death-side effects before vanilla kill finalization for zombies, spitters and eligible flesh pawns.	C.CORE.ZOMBIE_LOOP	S-Core-Horde-Loop;S-Infection-Medical;S-Special-Gauntlet;S-Source-Patch-Audit	SOURCE_AUDIT;RW16_TARGET_AUDIT;CONTRACT_RUNTIME;SCENARIO_RUNTIME;SAVE_LOAD;LOG_CLEAN	contract_runtime	resolved	TEST_PATCH_AUDIT.md;TEST_COVERAGE.md;decompiler 2026-05-31	No open target-shape gap remains; death-to-zombie timing belongs to infection/core scenarios.	Patch row owns target shape and hook intent only; player flow belongs to C.CORE.ZOMBIE_LOOP and I.INFECTION.MEDICAL.	RimWorld 1.6 decompiler resolved Pawn.Kill 0600306B; vanilla remains a broad kill-finalization method, so the prefix is intentionally limited to Zombieland side effects.
PATCH.Pawn_Destroy_Patch	patch	core_zombie	Destroyed pawns are removed from Zombieland danger and colonist-settings caches.	Source/Patches.cs	not_applicable	Pawn_Destroy_Patch	see owning feature/scenario row	Pawn.Destroy	unknown	Clear Zombieland cache state before vanilla pawn destruction proceeds.	C.CORE.ZOMBIE_LOOP	S-Core-Horde-Loop;S-Settings-Persistence;S-Source-Patch-Audit	SOURCE_AUDIT;RW16_TARGET_AUDIT;CONTRACT_RUNTIME;SCENARIO_RUNTIME;SAVE_LOAD;LOG_CLEAN	contract_runtime	resolved	TEST_PATCH_AUDIT.md;TEST_COVERAGE.md;decompiler 2026-05-31	No open target-shape gap remains; cache cleanup regressions should be named on core/settings scenarios.	Patch row owns target shape and hook intent only; player flow belongs to C.CORE.ZOMBIE_LOOP.	RimWorld 1.6 decompiler resolved Pawn.Destroy 0600306C; vanilla still performs ownership, mind, lord, tale, equipment and inventory cleanup after base destruction.
PATCH.DamageWorker_AddInjury_IsHeadshot_Patch	patch	combat	Ranged headshots immediately mark zombies to die.	Source/Patches.cs	not_applicable	DamageWorker_AddInjury_IsHeadshot_Patch	see owning feature/scenario row	DamageWorker_AddInjury.IsHeadshot	unknown	Postprocess vanilla headshot detection by setting ZombieState.ShouldDie for zombie pawns.	C.CORE.ZOMBIE_LOOP	S-Core-Horde-Loop;S-Special-Gauntlet;S-Source-Patch-Audit	SOURCE_AUDIT;RW16_TARGET_AUDIT;CONTRACT_RUNTIME;SCENARIO_RUNTIME;LOG_CLEAN	contract_runtime	resolved	TEST_PATCH_AUDIT.md;TEST_COVERAGE.md;decompiler 2026-05-31	No open target-shape gap remains; combat outcome variants belong to core/special scenarios.	Patch row owns target shape and hook intent only; player flow belongs to C.CORE.ZOMBIE_LOOP.	RimWorld 1.6 decompiler resolved private IsHeadshot 06002920; vanilla still checks non-instant injury, FullHead group and ranged damage.
PATCH.HediffSet_AddDirect_Patch	patch	combat	Zombies die when a bad hediff is directly added to a consciousness-source body part.	Source/Patches.cs	not_applicable	HediffSet_AddDirect_Patch	see owning feature/scenario row	HediffSet.AddDirect	unknown	After direct hediff insertion, mark zombies to die for bad consciousness-source-part hediffs.	C.CORE.ZOMBIE_LOOP	S-Core-Horde-Loop;S-Special-Gauntlet;S-Source-Patch-Audit	SOURCE_AUDIT;RW16_TARGET_AUDIT;CONTRACT_RUNTIME;SCENARIO_RUNTIME;LOG_CLEAN	contract_runtime	resolved	TEST_PATCH_AUDIT.md;TEST_COVERAGE.md;decompiler 2026-05-31	No open target-shape gap remains; health outcome variants belong to core/special scenarios.	Patch row owns target shape and hook intent only; player flow belongs to C.CORE.ZOMBIE_LOOP.	RimWorld 1.6 decompiler resolved HediffSet.AddDirect 06002EFA; vanilla still owns hediff insertion, merge, missing-part and notification behavior before the postfix observes the result.
PATCH.CompAttachBase_AddAttachment_Patch	patch	core_zombie	Zombie fire-attachment state is set when fire attaches to a zombie.	Source/Patches.cs	not_applicable	CompAttachBase_AddAttachment_Patch	see owning feature/scenario row	CompAttachBase.AddAttachment	unknown	Mirror Fire attachment presence into Zombie.isOnFire for cheaper downstream checks.	C.CORE.ZOMBIE_LOOP	S-Core-Horde-Loop;S-Special-Gauntlet;S-Source-Patch-Audit	SOURCE_AUDIT;RW16_TARGET_AUDIT;CONTRACT_RUNTIME;SCENARIO_RUNTIME;LOG_CLEAN	contract_runtime	resolved	TEST_PATCH_AUDIT.md;TEST_COVERAGE.md;decompiler 2026-05-31	No open target-shape gap remains; burning-zombie behavior belongs to core/special scenarios.	Patch row owns target shape and hook intent only; player flow belongs to C.CORE.ZOMBIE_LOOP.	RimWorld 1.6 decompiler resolved AddAttachment 06003B4C; vanilla still lazily allocates and appends to the attachments list.
PATCH.CompAttachBase_RemoveAttachment_Patch	patch	core_zombie	Zombie fire-attachment state is cleared only after the last attached fire is removed.	Source/Patches.cs	not_applicable	CompAttachBase_RemoveAttachment_Patch	see owning feature/scenario row	CompAttachBase.RemoveAttachment	unknown	Recompute Zombie.isOnFire from remaining attachments after a Fire attachment is removed.	C.CORE.ZOMBIE_LOOP	S-Core-Horde-Loop;S-Special-Gauntlet;S-Source-Patch-Audit	SOURCE_AUDIT;RW16_TARGET_AUDIT;CONTRACT_RUNTIME;SCENARIO_RUNTIME;LOG_CLEAN	contract_runtime	resolved	TEST_PATCH_AUDIT.md;TEST_COVERAGE.md;decompiler 2026-05-31	No open target-shape gap remains; burning-zombie behavior belongs to core/special scenarios.	Patch row owns target shape and hook intent only; player flow belongs to C.CORE.ZOMBIE_LOOP.	RimWorld 1.6 decompiler resolved RemoveAttachment 06003B4D; vanilla still removes the attachment from the same list the postfix scans.
PATCH.RelationsUtility_HasAnySocialMemoryWith_Patch	patch	social	Zombies do not count as participants in social-memory relationship checks.	Source/Patches.cs	not_applicable	RelationsUtility_HasAnySocialMemoryWith_Patch	zombieland/zombie_social_thought_suppression	RelationsUtility.HasAnySocialMemoryWith	unknown	Return false before vanilla scans social memories when either pawn is a Zombieland social pawn.	K.SOCIAL.SELECTION	S-Social-Selection;S-Source-Patch-Audit	SOURCE_AUDIT;RW16_TARGET_AUDIT;CONTRACT_RUNTIME;SCENARIO_RUNTIME;LOG_CLEAN	contract_runtime	resolved	TEST_PATCH_AUDIT.md social suppression;TEST_COVERAGE.md social evidence;decompiler 2026-05-31	No open social-memory participant gap remains; rerun only if RimWorld changes social memory ownership.	Patch row owns target shape and hook intent only; player flow belongs to K.SOCIAL.SELECTION.	RimWorld 1.6 decompiler resolved HasAnySocialMemoryWith 0600D06F; vanilla still scans Thought_MemorySocial.OtherPawn, and runtime proved a colonist actor has no social memory with a normal zombie.
PATCH.Pawn_RelationsTracker_OpinionOf_Patch	patch	social	Zombie-pawn opinion in either direction is zero instead of using vanilla relation and thought offsets.	Source/Patches.cs	not_applicable	Pawn_RelationsTracker_OpinionOf_Patch	zombieland/zombie_social_thought_suppression	Pawn_RelationsTracker.OpinionOf	unknown	Short-circuit relation/opinion math to zero when either side is a Zombieland social pawn.	K.SOCIAL.SELECTION	S-Social-Selection;S-Source-Patch-Audit	SOURCE_AUDIT;RW16_TARGET_AUDIT;CONTRACT_RUNTIME;SCENARIO_RUNTIME;LOG_CLEAN	contract_runtime	resolved	TEST_PATCH_AUDIT.md social suppression;TEST_COVERAGE.md social evidence;decompiler 2026-05-31	No open opinion suppression gap remains; rerun only if RimWorld changes OpinionOf IL shape or relation math.	Patch row owns target shape and hook intent only; player flow belongs to K.SOCIAL.SELECTION.	RimWorld 1.6 decompiler resolved OpinionOf 0600D012; vanilla still sums relation and mood-thought offsets, while runtime proved actor-zombie and zombie-actor opinions both return 0.
PATCH.RelationsUtility_PawnsKnowEachOther_Patch	patch	social	Zombies do not become known acquaintances through faction, relation or social-memory checks.	Source/Patches.cs	not_applicable	RelationsUtility_PawnsKnowEachOther_Patch	zombieland/zombie_social_thought_suppression	RelationsUtility.PawnsKnowEachOther	unknown	Return false when either pawn is a Zombieland social pawn before vanilla acquaintance checks.	K.SOCIAL.SELECTION	S-Social-Selection;S-Source-Patch-Audit	SOURCE_AUDIT;RW16_TARGET_AUDIT;CONTRACT_RUNTIME;SCENARIO_RUNTIME;LOG_CLEAN	contract_runtime	resolved	TEST_PATCH_AUDIT.md social suppression;TEST_COVERAGE.md social evidence;decompiler 2026-05-31	No open acquaintance suppression gap remains; rerun only if RimWorld changes PawnsKnowEachOther semantics.	Patch row owns target shape and hook intent only; player flow belongs to K.SOCIAL.SELECTION.	RimWorld 1.6 decompiler resolved PawnsKnowEachOther 0600D063; vanilla still checks faction, direct relations and social memories, and runtime proved both colonist/zombie directions false.
PATCH.ThoughtHandler_GetSocialThoughts_Patch	patch	social	Social thoughts involving zombies are cleared at the public thought retrieval boundary.	Source/Patches.cs	not_applicable	ThoughtHandler_GetSocialThoughts_Patch	zombieland/zombie_social_thought_suppression	ThoughtHandler.GetSocialThoughts	unknown	Clear output thoughts and skip vanilla memory/situational accumulation when either participant is a Zombieland social pawn.	K.SOCIAL.SELECTION	S-Social-Selection;S-Source-Patch-Audit	SOURCE_AUDIT;RW16_TARGET_AUDIT;CONTRACT_RUNTIME;SCENARIO_RUNTIME;LOG_CLEAN	contract_runtime	resolved	TEST_PATCH_AUDIT.md social suppression;TEST_COVERAGE.md social evidence;decompiler 2026-05-31	No open social-thought retrieval gap remains; rerun only if RimWorld changes the GetSocialThoughts signature.	Patch row owns target shape and hook intent only; player flow belongs to K.SOCIAL.SELECTION.	RimWorld 1.6 decompiler resolved GetSocialThoughts 0600D0B1; vanilla still appends memory and situational social thoughts, while runtime returned an empty list for a zombie target.
PATCH.SituationalThoughtHandler_AppendSocialThoughts_Patch	patch	social	Situational social thoughts involving zombies are not appended.	Source/Patches.cs	not_applicable	SituationalThoughtHandler_AppendSocialThoughts_Patch	zombieland/zombie_social_thought_suppression	SituationalThoughtHandler.AppendSocialThoughts	unknown	Skip cached situational social-thought append when either pawn is a Zombieland social pawn.	K.SOCIAL.SELECTION	S-Social-Selection;S-Source-Patch-Audit	SOURCE_AUDIT;RW16_TARGET_AUDIT;CONTRACT_RUNTIME;SCENARIO_RUNTIME;LOG_CLEAN	contract_runtime	resolved	TEST_PATCH_AUDIT.md social suppression;TEST_COVERAGE.md social evidence;decompiler 2026-05-31	No open situational social-thought gap remains; rerun only if RimWorld changes cached social thought handling.	Patch row owns target shape and hook intent only; player flow belongs to K.SOCIAL.SELECTION.	RimWorld 1.6 decompiler resolved AppendSocialThoughts 0600D09B; vanilla still recalculates cached social thoughts and appends active thoughts, and runtime confirmed human target passes while zombie target is blocked.
PATCH.Corpse_GiveObservedThought_Patch	patch	social	Zombie corpses do not generate observed-corpse mood thoughts.	Source/Patches.cs	not_applicable	Corpse_GiveObservedThought_Patch	zombieland/zombie_social_thought_suppression	Corpse.GiveObservedThought	unknown	Skip observed thought generation for ZombieCorpse instances.	K.SOCIAL.SELECTION	S-Social-Selection;S-Infection-Medical;S-Source-Patch-Audit	SOURCE_AUDIT;RW16_TARGET_AUDIT;CONTRACT_RUNTIME;SCENARIO_RUNTIME;LOG_CLEAN	contract_runtime	resolved	TEST_PATCH_AUDIT.md social suppression;TEST_COVERAGE.md social evidence;decompiler 2026-05-31	No open zombie-corpse observed-thought gap remains; rerun only if corpse observation methods change.	Patch row owns target shape and hook intent only; player flow belongs to K.SOCIAL.SELECTION.	RimWorld 1.6 decompiler resolved GiveObservedThought 060036B9; runtime killed a test zombie into a ZombieCorpse and returned null for the observer.
PATCH.Corpse_GiveObservedHistoryEvent_Patch	patch	social	Zombie corpses do not generate observed-corpse history events.	Source/Patches.cs	not_applicable	Corpse_GiveObservedHistoryEvent_Patch	zombieland/zombie_social_thought_suppression	Corpse.GiveObservedHistoryEvent	unknown	Skip observed history-event generation for ZombieCorpse instances before vanilla InnerPawn checks.	K.SOCIAL.SELECTION	S-Social-Selection;S-Infection-Medical;S-Source-Patch-Audit	SOURCE_AUDIT;RW16_TARGET_AUDIT;CONTRACT_RUNTIME;SCENARIO_RUNTIME;LOG_CLEAN	contract_runtime	resolved	TEST_PATCH_AUDIT.md social suppression;TEST_COVERAGE.md social evidence;decompiler 2026-05-31	No open zombie-corpse observed-history gap remains; rerun only if corpse observation methods change.	Patch row owns target shape and hook intent only; player flow belongs to K.SOCIAL.SELECTION.	RimWorld 1.6 decompiler resolved GiveObservedHistoryEvent 060036BA; vanilla still dereferences InnerPawn/RaceProps before corpse-event selection, and runtime returned null for a zombie corpse.
PATCH.ThoughtUtility_CanGetThought_Patch	patch	social	Zombies cannot receive ordinary thought defs through the shared thought-eligibility gate.	Source/Patches.cs	not_applicable	ThoughtUtility_CanGetThought_Patch	zombieland/zombie_social_thought_suppression	ThoughtUtility.CanGetThought	unknown	Return false for Zombieland social pawns before vanilla developmental, gender, quest, trait, hediff and nullification checks.	K.SOCIAL.SELECTION	S-Social-Selection;S-Source-Patch-Audit	SOURCE_AUDIT;RW16_TARGET_AUDIT;CONTRACT_RUNTIME;SCENARIO_RUNTIME;LOG_CLEAN	contract_runtime	resolved	TEST_PATCH_AUDIT.md social suppression;TEST_COVERAGE.md social evidence;decompiler 2026-05-31	No open thought eligibility gap remains; rerun only if RimWorld changes CanGetThought signature or preconditions.	Patch row owns target shape and hook intent only; player flow belongs to K.SOCIAL.SELECTION.	RimWorld 1.6 decompiler resolved CanGetThought 06013B4D; vanilla still walks the broad thought-eligibility matrix, while runtime proved a human can get DebugBad and a zombie cannot.
PATCH.ForbidUtility_SetForbiddenIfOutsideHomeArea_Patch	patch	infection	Zombie corpses are not auto-forbidden just because they lie outside the home area.	Source/Patches.cs	not_applicable	ForbidUtility_SetForbiddenIfOutsideHomeArea_Patch	zombieland/zombie_corpse_alert_forbid_contract	ForbidUtility.SetForbiddenIfOutsideHomeArea	unknown	Skip vanilla outside-home forbid application for ZombieCorpse instances.	I.INFECTION.MEDICAL	S-Infection-Medical;S-Social-Selection;S-Source-Patch-Audit	SOURCE_AUDIT;RW16_TARGET_AUDIT;CONTRACT_RUNTIME;SCENARIO_RUNTIME;LOG_CLEAN	contract_runtime	resolved	TEST_PATCH_AUDIT.md corpse forbid;TEST_COVERAGE.md corpse evidence;decompiler 2026-05-31	No open zombie-corpse auto-forbid gap remains; rerun only if RimWorld changes forbid-home behavior.	Patch row owns target shape and hook intent only; player flow belongs to I.INFECTION.MEDICAL.	RimWorld 1.6 decompiler resolved SetForbiddenIfOutsideHomeArea 06010135; vanilla still forbids spawned things outside home, and runtime proved human corpse forbids while zombie corpses do not.
PATCH.Pawn_InteractionsTracker_TryInteractWith_Patch	patch	social	Zombies cannot initiate or receive ordinary pawn interactions.	Source/Patches.cs	not_applicable	Pawn_InteractionsTracker_TryInteractWith_Patch	zombieland/zombie_social_thought_suppression	Pawn_InteractionsTracker.TryInteractWith	unknown	Return false before vanilla interaction thoughts, XP, exposure, social fights and logs when either participant is a Zombieland social pawn.	K.SOCIAL.SELECTION	S-Social-Selection;S-Source-Patch-Audit	SOURCE_AUDIT;RW16_TARGET_AUDIT;CONTRACT_RUNTIME;SCENARIO_RUNTIME;LOG_CLEAN	contract_runtime	resolved	TEST_PATCH_AUDIT.md social suppression;TEST_COVERAGE.md social evidence;decompiler 2026-05-31	No open bidirectional zombie interaction gap remains; rerun only if RimWorld changes TryInteractWith semantics.	Patch row owns target shape and hook intent only; player flow belongs to K.SOCIAL.SELECTION.	RimWorld 1.6 decompiler resolved TryInteractWith 0600CFE6; vanilla still creates thoughts, XP, exposure and social-fight side effects, while runtime proved colonist->zombie and zombie->colonist Chitchat both return false.
PATCH.Pawn_InteractionsTracker_InteractionsTrackerTickInterval_Patch	patch	social	Zombie interaction trackers do not clear or mutate random-interaction desire through vanilla ticking.	Source/Patches.cs	not_applicable	Pawn_InteractionsTracker_InteractionsTrackerTickInterval_Patch	zombieland/zombie_social_thought_suppression	Pawn_InteractionsTracker.InteractionsTrackerTickInterval	unknown	Skip interaction tracker ticking for Zombieland social pawns.	K.SOCIAL.SELECTION	S-Social-Selection;S-Source-Patch-Audit	SOURCE_AUDIT;RW16_TARGET_AUDIT;CONTRACT_RUNTIME;SCENARIO_RUNTIME;LOG_CLEAN	contract_runtime	resolved	TEST_PATCH_AUDIT.md social suppression;TEST_COVERAGE.md social evidence;decompiler 2026-05-31	No open zombie interaction-tick gap remains; rerun only if RimWorld changes interaction tick modes.	Patch row owns target shape and hook intent only; player flow belongs to K.SOCIAL.SELECTION.	RimWorld 1.6 decompiler resolved InteractionsTrackerTickInterval 0600CFE3; vanilla still clears wantsRandomInteract in Off/Quiet modes, and runtime proved the human flag cleared while zombie flag stayed true.
PATCH.PawnNameColorUtility_PawnNameColorOf_Patch	patch	ui	Former-colonist zombies draw with the Zombieland former-pawn label color while ordinary zombies keep normal coloring rules.	Source/Patches.cs	not_applicable	PawnNameColorUtility_PawnNameColorOf_Patch	zombieland/zombie_selection_respects_former_colonist	PawnNameColorUtility.PawnNameColorOf	unknown	Return the former-zombie label color for wasMapPawnBefore zombies before vanilla pawn-name color selection.	K.SOCIAL.SELECTION	S-Social-Selection;S-Visual-Lineup;S-Source-Patch-Audit	SOURCE_AUDIT;RW16_TARGET_AUDIT;CONTRACT_RUNTIME;SCENARIO_RUNTIME;VISUAL_UI;LOG_CLEAN	contract_runtime	resolved	TEST_PATCH_AUDIT.md selection;TEST_COVERAGE.md selection evidence;decompiler 2026-05-31	No open former-zombie label-color gap remains; broader visual variants belong to rendering scenarios.	Patch row owns target shape and hook intent only; player flow belongs to K.SOCIAL.SELECTION.	RimWorld 1.6 decompiler resolved PawnNameColorOf 0600265C; vanilla still selects mental/prisoner/faction colors, and runtime proved former-colonist zombie color (0.7,1,0.7,1).
PATCH.Selector_SelectInternal_Patch	patch	ui	Ordinary zombie corpses cannot be selected through the real selector, while former-colonist zombie corpses can.	Source/Patches.cs	not_applicable	Selector_SelectInternal_Patch	zombieland/zombie_selection_respects_former_colonist	Selector.SelectInternal	unknown	Block selection of non-former ZombieCorpse instances before vanilla selector side effects.	K.SOCIAL.SELECTION	S-Social-Selection;S-Infection-Medical;S-Source-Patch-Audit	SOURCE_AUDIT;RW16_TARGET_AUDIT;CONTRACT_RUNTIME;SCENARIO_RUNTIME;VISUAL_UI;LOG_CLEAN	contract_runtime	resolved	TEST_PATCH_AUDIT.md selection;TEST_COVERAGE.md selection evidence;decompiler 2026-05-31	No open zombie-corpse selector gap remains; rerun only if RimWorld changes SelectInternal validation.	Patch row owns target shape and hook intent only; player flow belongs to K.SOCIAL.SELECTION.	RimWorld 1.6 decompiler resolved private SelectInternal 06012B76; vanilla still validates selectable things/zones/plans, and runtime proved ordinary zombie corpse rejected while former-colonist zombie corpse selected.
PATCH.ThingSelectionUtility_SelectableByMapClick_Patch	patch	ui	Map clicks select only former-colonist live/corpse zombies, not ordinary zombies.	Source/Patches.cs	not_applicable	ThingSelectionUtility_SelectableByMapClick_Patch	zombieland/zombie_selection_respects_former_colonist	ThingSelectionUtility.SelectableByMapClick	unknown	Override map-click selectability for live zombies and zombie corpses according to wasMapPawnBefore.	K.SOCIAL.SELECTION	S-Social-Selection;S-Infection-Medical;S-Source-Patch-Audit	SOURCE_AUDIT;RW16_TARGET_AUDIT;CONTRACT_RUNTIME;SCENARIO_RUNTIME;VISUAL_UI;LOG_CLEAN	contract_runtime	resolved	TEST_PATCH_AUDIT.md selection;TEST_COVERAGE.md selection evidence;decompiler 2026-05-31	No open map-click zombie selection gap remains; rerun only if RimWorld changes map-click selectability.	Patch row owns target shape and hook intent only; player flow belongs to K.SOCIAL.SELECTION.	RimWorld 1.6 decompiler resolved SelectableByMapClick 06012B37; vanilla still checks def.selectable, hidden pawns, spawned parent and fog, and runtime proved ordinary/former live and corpse branches.
PATCH.ThingFilter_SetAllow_Patch	patch	infection	Zombie pawn and corpse defs stay out of thing filters while zombie serum/extract remain allowlisted.	Source/Patches.cs	not_applicable	ThingFilter_SetAllow_Patch	zombieland/zombie_extract_filter_visibility	ThingFilter.SetAllow(ThingDef, Boolean)	unknown	Block SetAllow for zombie defs except serum/extract def names and descriptions.	I.INFECTION.MEDICAL	S-Infection-Medical;S-Settings-Persistence;S-Source-Patch-Audit	SOURCE_AUDIT;RW16_TARGET_AUDIT;CONTRACT_RUNTIME;SCENARIO_RUNTIME;VISUAL_UI;LOG_CLEAN	contract_runtime	resolved	TEST_PATCH_AUDIT.md filter visibility;TEST_COVERAGE.md filter evidence;decompiler 2026-05-31	No open thing-filter zombie visibility gap remains; rerun only if RimWorld changes SetAllow/virtual-def behavior.	Patch row owns target shape and hook intent only; player flow belongs to I.INFECTION.MEDICAL.	RimWorld 1.6 decompiler resolved SetAllow 06005764; vanilla still mutates allowedDefs and virtual defs, while runtime proved ZombieExtract/serum allowed and Corpse_Zombie/Zombie blocked.
PATCH.Listing_TreeThingFilter_Visible_Patch	patch	infection	Zombie pawn/corpse defs stay hidden; extract and ordinary serum remain visible; makeshift 100% serum appears only when the tribal recipe is available.	Source/Patches.cs	not_applicable	Listing_TreeThingFilter_Visible_Patch	zombieland/zombie_extract_filter_visibility	Listing_TreeThingFilter.Visible(ThingDef)	unknown	Hide runtime zombie defs and gate only the makeshift-serum row through MakeZombieSerum.AvailableNow.	I.INFECTION.MEDICAL	S-Infection-Medical;S-Settings-Persistence;S-Source-Patch-Audit	SOURCE_AUDIT;RW16_TARGET_AUDIT;CONTRACT_RUNTIME;SCENARIO_RUNTIME;VISUAL_UI;LOG_CLEAN	contract_runtime	resolved	TEST_PATCH_AUDIT.md filter visibility;TEST_COVERAGE.md serum acquisition equivalence;EV.RUNTIME.SERUM.ACQUISITION_EQUIVALENCE	No open tree-filter serum/zombie visibility gap remains; rerun if RimWorld changes Listing_TreeThingFilter.Visible or recipe faction gating.	Patch row owns target shape and hook intent only; player flow belongs to I.INFECTION.MEDICAL.	Runtime op_c158a531d7ab473f87e44a8d6c1c6d0a proved non-tribal extract/normal-serum visibility, hidden makeshift serum, and hidden zombie pawn/corpse defs; tribal visibility follows the tested recipe availability gate.
PATCH.ThingMaker_MakeThing_Patch	patch	infection	Zombie corpse defs use custom corpse classes, and active non-tribal games normalize attempted makeshift-serum creation to ordinary 100% serum.	Source/Patches.cs	not_applicable	ThingMaker_MakeThing_Patch	zombieland/zombie_corpse_alert_forbid_contract;zombieland/zombie_selection_respects_former_colonist;zombieland/zombie_extract_filter_visibility	ThingMaker.MakeThing	unknown	Rewrite zombie corpse behavior before construction and enforce the faction acquisition boundary for makeshift serum.	I.INFECTION.MEDICAL	S-Infection-Medical;S-Social-Selection;S-Source-Patch-Audit	SOURCE_AUDIT;RW16_TARGET_AUDIT;CONTRACT_RUNTIME;SCENARIO_RUNTIME;VISUAL_UI;LOG_CLEAN	contract_runtime	resolved	TEST_PATCH_AUDIT.md corpse make and serum normalization;EV.RUNTIME.SERUM.ACQUISITION_EQUIVALENCE	No open corpse conversion or non-tribal makeshift-creation gap remains; rerun if ThingMaker order or faction recipe availability changes.	Patch row owns target shape and hook intent only; player flow belongs to I.INFECTION.MEDICAL.	Decompiler evidence keeps vanilla construction order; runtime proved normal/spitter corpse conversion and op_c158a531d7ab473f87e44a8d6c1c6d0a proved non-tribal ZombieSerumSimple creation resolves to Zombie100Serum.
PATCH.PawnCapacitiesHandler_CanBeAwake_Patch	patch	core_zombie	Zombies remain awake despite low consciousness while ordinary pawns follow vanilla consciousness/deactivation rules.	Source/Patches.cs	not_applicable	PawnCapacitiesHandler_CanBeAwake_Patch	zombieland/zombie_ticking_budget_contract	PawnCapacitiesHandler.CanBeAwake	unknown	Force CanBeAwake true for ordinary zombies after vanilla evaluates consciousness.	C.CORE.ZOMBIE_LOOP	S-Core-Horde-Loop;S-Source-Patch-Audit	SOURCE_AUDIT;RW16_TARGET_AUDIT;CONTRACT_RUNTIME;SCENARIO_RUNTIME;LOG_CLEAN	contract_runtime	resolved	TEST_PATCH_AUDIT.md awake override;TEST_COVERAGE.md ticking evidence;decompiler 2026-05-31	No open zombie awake override gap remains; rerun only if RimWorld changes CanBeAwake capacity rules.	Patch row owns target shape and hook intent only; player flow belongs to C.CORE.ZOMBIE_LOOP.	RimWorld 1.6 decompiler resolved CanBeAwake getter 17000899; vanilla still requires alwaysAwake or Consciousness >= 0.3 and not deactivated, while runtime proved anesthetized zombie true and human false.
PATCH.Pawn_HealthTracker_MakeDowned_Patch	patch	core_zombie	Special zombies do not enter vanilla downed state, and non-zombie downing clears nearby Zombieland pheromone timestamps.	Source/Patches.cs	not_applicable	Pawn_HealthTracker_MakeDowned_Patch	zombieland/zombie_ticking_budget_contract	Pawn_HealthTracker.MakeDowned	unknown	Block downing for spitter/symbiant pawns and clear kill-circle pheromone data after ordinary targets are downed.	C.CORE.ZOMBIE_LOOP	S-Core-Horde-Loop;S-Special-Gauntlet;S-Source-Patch-Audit	SOURCE_AUDIT;RW16_TARGET_AUDIT;CONTRACT_RUNTIME;SCENARIO_RUNTIME;LOG_CLEAN	contract_runtime	resolved	TEST_PATCH_AUDIT.md make-downed;TEST_COVERAGE.md ticking evidence;decompiler 2026-05-31	No open MakeDowned patch-boundary gap remains; broader downed-zombie visuals are owned by rendering rows.	Patch row owns target shape and hook intent only; player flow belongs to C.CORE.ZOMBIE_LOOP.	RimWorld 1.6 decompiler resolved MakeDowned 06003335; vanilla still sets healthState down and performs drop/mind/lord/story side effects, while runtime proved 197 seeded pheromone timestamps cleared for a human and spitter/symbiant were not health-downed.
PATCH.GlobalTextureAtlasManager_BakeStaticAtlases_Patch	patch	startup	The Twinkie replacement rebuilds its cached graphic from the current play-data texture before RimWorld bakes static atlases.	Source/Patches.cs;Source/GraphicsDatabase.cs	not_applicable	GlobalTextureAtlasManager_BakeStaticAtlases_Patch	zombieland/get_status	GlobalTextureAtlasManager.BakeStaticAtlases	unknown	Refresh the Twinkie graphic on the main thread before each static-atlas bake so repeated language/play-data loads cannot retain a destroyed texture.	A.STARTUP.LOAD	S-Settings-Persistence;S-Startup-ColdLoad;S-Source-Patch-Audit	SOURCE_AUDIT;RW16_TARGET_AUDIT;CONTRACT_RUNTIME;SCENARIO_RUNTIME;VISUAL_UI;LOG_CLEAN	contract_runtime	resolved	TEST_PATCH_AUDIT.md atlas bake;TEST_COVERAGE.md French repeated initialization;decompiler and runtime 2026-07-11	No open Twinkie atlas lifecycle gap remains; rerun if RimWorld changes PlayDataLoader atlas sequencing or Zombieland changes replacement graphics.	Patch row owns the atlas lifecycle boundary; player behavior belongs to A.STARTUP.LOAD and B.SETTINGS.WORLD_DEFAULTS.	RimWorld 1.6 decompiler resolved BakeStaticAtlases 06003407 and its main-thread play-load callback; two French quick-test maps in one process produced present textures and no meal-print/null-texture/language errors.
PATCH.Game_FinalizeInit_Patch	patch	startup	Saved Zombieland settings are applied to Twinkie replacement and zombie base health scale after a game finalizes.	Source/Patches.cs	not_applicable	Game_FinalizeInit_Patch	zombieland/get_status	Game.FinalizeInit	unknown	Apply post-finalization def mutations that depend on live ZombieSettings values.	A.STARTUP.LOAD	S-Settings-Persistence;S-Startup-ColdLoad;S-Source-Patch-Audit	SOURCE_AUDIT;RW16_TARGET_AUDIT;CONTRACT_RUNTIME;SCENARIO_RUNTIME;SAVE_LOAD;LOG_CLEAN	contract_runtime	resolved	TEST_PATCH_AUDIT.md finalize-init;TEST_COVERAGE.md settings evidence;decompiler 2026-05-31	No open finalization settings-application gap remains; rerun only if RimWorld changes Game.FinalizeInit timing.	Patch row owns target shape and hook intent only; player flow belongs to A.STARTUP.LOAD and B.SETTINGS.WORLD_DEFAULTS.	RimWorld 1.6 decompiler resolved FinalizeInit 0600148C; vanilla still finalizes components and sets ProgramState.Playing, and runtime proved Twinkie def state plus zombie baseHealthScale matched a non-default saved setting.
PATCH.GameDataSaveLoader_LoadGame_Patch	patch	save_load	ZombieSymbiant render resources are released before asynchronous game-load cleanup can run off the main thread.	Source/Patches_Startup.cs	not_applicable	GameDataSaveLoader_LoadGame_Patch	ZL_Special_Visual_Gauntlet_00.rws	GameDataSaveLoader.LoadGame(String)	unknown	Release tracked symbiant render resources before vanilla queues the asynchronous load event that clears maps/world.	C.SPECIAL.ZOMBIES	S-Special-Gauntlet;S-Source-Patch-Audit	SOURCE_AUDIT;RW16_TARGET_AUDIT;CONTRACT_RUNTIME;SCENARIO_RUNTIME;SAVE_LOAD;VISUAL_UI;LOG_CLEAN	contract_runtime	resolved	TEST_PATCH_AUDIT.md load-game symbiant cleanup;TEST_COVERAGE.md special visual evidence;decompiler 2026-05-31	No open load-game symbiant cleanup gap remains; rerun if load sequencing or symbiant render-resource ownership changes.	Patch row owns target shape and hook intent only; player flow belongs to C.SPECIAL.ZOMBIES.	RimWorld 1.6 decompiler resolved LoadGame 0600358A; vanilla still queues PreLoadAct calling MemoryUtility.ClearAllMapsAndWorld asynchronously, and runtime save-load evidence proved no native crash or ComputeBuffer warning after the prefix.
PATCH.Page_SelectScenario_BeginScenarioConfiguration_Patch	patch	settings	New-colony scenario configuration starts from Zombieland defaults rather than stale previous-game settings.	Source/Patches.cs	not_applicable	Page_SelectScenario_BeginScenarioConfiguration_Patch	zombieland/settings_state actionMode:new-game	Page_SelectScenario.BeginScenarioConfiguration	unknown	Apply default Zombieland settings before vanilla creates/configures the new scenario game flow.	B.SETTINGS.WORLD_DEFAULTS	S-Settings-Persistence;S-Source-Patch-Audit	SOURCE_AUDIT;RW16_TARGET_AUDIT;CONTRACT_RUNTIME;PLAYER_FLOW;LOG_CLEAN	contract_runtime	resolved	TEST_PATCH_AUDIT.md new-game settings;TEST_COVERAGE.md settings evidence;decompiler 2026-05-31	No open patch-boundary default reset gap remains; full mouse-driven new-colony wizard remains additive UI evidence.	Patch row owns target shape and hook intent only; player flow belongs to B.SETTINGS.WORLD_DEFAULTS.	RimWorld 1.6 decompiler resolved BeginScenarioConfiguration 06012471; vanilla still creates Current.Game, assigns scenario and links first config page, while runtime proved sentinel settings reset to defaults.
PATCH.PageUtility_StitchedPages_Patch	patch	settings	The Zombieland settings page is inserted into new-game page stitching.	Source/Patches.cs	not_applicable	PageUtility_StitchedPages_Patch	zombieland/settings_state actionMode:new-game	PageUtility.StitchedPages	unknown	Insert Dialog_Settings into the page list before vanilla stitches prev/next page links.	B.SETTINGS.WORLD_DEFAULTS	S-Settings-Persistence;S-Source-Patch-Audit	SOURCE_AUDIT;RW16_TARGET_AUDIT;CONTRACT_RUNTIME;PLAYER_FLOW;VISUAL_UI;LOG_CLEAN	contract_runtime	resolved	TEST_PATCH_AUDIT.md new-game settings;TEST_COVERAGE.md settings evidence;decompiler 2026-05-31	No open page-stitch insertion gap remains; broader wizard UI path remains additive.	Patch row owns target shape and hook intent only; player flow belongs to B.SETTINGS.WORLD_DEFAULTS.	RimWorld 1.6 decompiler resolved StitchedPages 06012367; vanilla still converts to list and assigns prev/next links, and runtime proved SelectScenario -> Dialog_Settings -> SelectStoryteller.
PATCH.Game_InitNewGame_Patch	patch	settings	New games default player colonists to attack hostility response after map initialization.	Source/Patches.cs	not_applicable	Game_InitNewGame_Patch	zombieland/settings_state actionMode:new-game	Game.InitNewGame	unknown	Set new-colony free colonists to HostilityResponseMode.Attack after vanilla map generation and initialization.	B.SETTINGS.WORLD_DEFAULTS	S-Settings-Persistence;S-Hostility-Area-Workflow;S-Source-Patch-Audit	SOURCE_AUDIT;RW16_TARGET_AUDIT;CONTRACT_RUNTIME;PLAYER_FLOW;LOG_CLEAN	contract_runtime	resolved	TEST_PATCH_AUDIT.md new-game settings;TEST_COVERAGE.md settings evidence;decompiler 2026-05-31	No open new-game hostility default gap remains; full quick-start new-game evidence remains additive.	Patch row owns target shape and hook intent only; player flow belongs to B.SETTINGS.WORLD_DEFAULTS.	RimWorld 1.6 decompiler resolved InitNewGame 06001486; vanilla still generates starting map and finalizes init, while runtime changed a temporary player colonist from Ignore to Attack with clean logs.
PATCH.Pawn_HealthTracker_PreApplyDamage_Patch	patch	social	Zombie-inflicted damage does not add ordinary harmed-me social memories.	Source/Patches.cs	not_applicable	Pawn_HealthTracker_PreApplyDamage_Patch	zombieland/zombie_damage_memory_suppression	Pawn_HealthTracker.PreApplyDamage	unknown	Transpile the player-pawn external-damage memory path so Zombie instigators skip TryGainMemory(HarmedMe).	K.SOCIAL.SELECTION	S-Social-Selection;S-Core-Horde-Loop;S-Source-Patch-Audit	SOURCE_AUDIT;RW16_TARGET_AUDIT;CONTRACT_RUNTIME;SCENARIO_RUNTIME;LOG_CLEAN	contract_runtime	resolved	TEST_PATCH_AUDIT.md damage memory;TEST_COVERAGE.md social evidence;decompiler 2026-05-31	No open zombie damage-memory suppression gap remains; rerun if RimWorld changes PreApplyDamage memory IL.	Patch row owns target shape and hook intent only; player flow belongs to K.SOCIAL.SELECTION.	RimWorld 1.6 decompiler resolved PreApplyDamage 06003320; vanilla still handles external violence, clamor and pawn damage notifications, and runtime proved human-on-human adds HarmedMe while zombie-on-human adds none.
PATCH.MainTabWindow_Menu_RequestedTabSize_Path	patch	ui	The in-game menu window reserves enough height for the injected Zombieland option row.	Source/Patches.cs	not_applicable	MainTabWindow_Menu_RequestedTabSize_Path	rimworld/open_main_tab mainTabId=Menu	MainTabWindow_Menu.RequestedTabSize	unknown	Add the same vertical extension used by the injected main-menu option listing.	B.SETTINGS.WORLD_DEFAULTS	S-Settings-Persistence;S-Source-Patch-Audit	SOURCE_AUDIT;RW16_TARGET_AUDIT;CONTRACT_RUNTIME;VISUAL_UI;LOG_CLEAN	contract_runtime	resolved	TEST_PATCH_AUDIT.md menu settings entry;TEST_COVERAGE.md settings UI evidence;decompiler 2026-05-31	No open menu-height gap remains; rerun if RimWorld changes in-game menu sizing.	Patch row owns target shape and hook intent only; player flow belongs to B.SETTINGS.WORLD_DEFAULTS.	RimWorld 1.6 decompiler resolved RequestedTabSize getter 17003132 as 450x390; runtime opened the menu at 450x442, matching the added height.
PATCH.MainTabWindow_Menu_DoWindowContents_Path	patch	ui	The expanded in-game menu content rect includes the injected Zombieland controls.	Source/Patches.cs	not_applicable	MainTabWindow_Menu_DoWindowContents_Path	rimworld/get_ui_layout surfaceId=main-tab:Menu	MainTabWindow_Menu.DoWindowContents	unknown	Increase the menu contents rect before vanilla delegates to MainMenuDrawer.DoMainMenuControls.	B.SETTINGS.WORLD_DEFAULTS	S-Settings-Persistence;S-Source-Patch-Audit	SOURCE_AUDIT;RW16_TARGET_AUDIT;CONTRACT_RUNTIME;VISUAL_UI;LOG_CLEAN	contract_runtime	resolved	TEST_PATCH_AUDIT.md menu settings entry;TEST_COVERAGE.md settings UI evidence;decompiler 2026-05-31	No open menu-content rect gap remains; rerun if RimWorld changes MainTabWindow_Menu.DoWindowContents.	Patch row owns target shape and hook intent only; player flow belongs to B.SETTINGS.WORLD_DEFAULTS.	RimWorld 1.6 decompiler resolved DoWindowContents 06012C53; vanilla still delegates to MainMenuDrawer.DoMainMenuControls, and runtime layout showed Zombieland controls inside the expanded menu.
PATCH.MainMenuDrawer_DoMainMenuControls_Path	patch	ui	The playing-state menu includes the Zombieland settings option and Brrainz web link.	Source/Patches.cs	not_applicable	MainMenuDrawer_DoMainMenuControls_Path	rimworld/get_ui_layout;rimworld/click_ui_target	MainMenuDrawer.DoMainMenuControls	unknown	Replace the two OptionListingUtility calls so playing-state option/web-link lists receive Zombieland entries.	B.SETTINGS.WORLD_DEFAULTS	S-Settings-Persistence;S-Source-Patch-Audit	SOURCE_AUDIT;RW16_TARGET_AUDIT;CONTRACT_RUNTIME;VISUAL_UI;PLAYER_FLOW;LOG_CLEAN	contract_runtime	resolved	TEST_PATCH_AUDIT.md menu settings entry;TEST_COVERAGE.md settings UI evidence;decompiler 2026-05-31	No open in-game menu injection gap remains; rerun if RimWorld changes option-listing call count or menu layout.	Patch row owns target shape and hook intent only; player flow belongs to B.SETTINGS.WORLD_DEFAULTS.	RimWorld 1.6 decompiler resolved DoMainMenuControls 06012338; TEST_PATCH_AUDIT records two option-listing calls, and runtime proved the Zombieland option opens Dialog_ModSettings plus Brrainz link appears.
PATCH.RegionAndRoomUpdater_CreateOrUpdateRooms_Patch	patch	pathing	Zombie smart-wander region caches refresh after room/region rebuild.	Source/Patches.cs	not_applicable	RegionAndRoomUpdater_CreateOrUpdateRooms_Patch	zombieland/incident_threat_state actionMode:pathingRegions	RegionAndRoomUpdater.CreateOrUpdateRooms	unknown	Update Zombieland zombiePathing regions after RimWorld creates or reuses rooms.	D.PATHING.DOOR_AVOIDANCE	S-Incident-Threat;S-Core-Horde-Loop;S-Source-Patch-Audit	SOURCE_AUDIT;RW16_TARGET_AUDIT;CONTRACT_RUNTIME;SCENARIO_RUNTIME;LOG_CLEAN	contract_runtime	resolved	TEST_PATCH_AUDIT.md pathing region refresh;TEST_COVERAGE.md incident pathing evidence;decompiler 2026-05-31	No open region-refresh gap remains; rerun if RimWorld changes room-region rebuild lifecycle.	Patch row owns target shape and hook intent only; player flow belongs to D.PATHING.DOOR_AVOIDANCE.	RimWorld 1.6 decompiler resolved CreateOrUpdateRooms 060020AB; vanilla still combines regions into rooms and notifies affected districts, and runtime proved pathing caches repopulated after RebuildAllRegionsAndRooms.
PATCH.Building_DeSpawn_Patch	patch	quests	Removing fog-making blockers can spawn sudden room zombies, while replacement despawns do not.	Source/Patches.cs	not_applicable	Building_DeSpawn_Patch	ZL_Incident_Threat_base.rws	Building.DeSpawn	unknown	Before vanilla despawn removes fog blockers, inspect adjacent fog cells and spawn Zombieland room zombies when an opened room is being revealed.	H.QUESTS.INCIDENTS	S-Incident-Threat;S-Source-Patch-Audit	SOURCE_AUDIT;RW16_TARGET_AUDIT;CONTRACT_RUNTIME;SCENARIO_RUNTIME;LOG_CLEAN	contract_runtime	resolved	TEST_PATCH_AUDIT.md fog room zombies;TEST_COVERAGE.md incident evidence;decompiler 2026-05-31	No open fog-blocker despawn gap remains; rerun if RimWorld changes Building.DeSpawn fog removal order.	Patch row owns target shape and hook intent only; player flow belongs to H.QUESTS.INCIDENTS.	RimWorld 1.6 decompiler resolved Building.DeSpawn 06003662; vanilla still handles MakeFog blockers and WillReplace suppression, and runtime proved deconstruction spawned two room zombies while replacement spawned none.
PATCH.FogGrid_Notify_PawnEnteringDoor_Patch	patch	quests	Player or player-hosted pawn entry through a fogged door can spawn sudden room zombies.	Source/Patches.cs	not_applicable	FogGrid_Notify_PawnEnteringDoor_Patch	ZL_Incident_Threat_base.rws	FogGrid.Notify_PawnEnteringDoor	unknown	Spawn Zombieland room zombies around doors when a player-aligned pawn triggers vanilla fog-door entry unfogging.	H.QUESTS.INCIDENTS	S-Incident-Threat;S-Source-Patch-Audit	SOURCE_AUDIT;RW16_TARGET_AUDIT;CONTRACT_RUNTIME;SCENARIO_RUNTIME;LOG_CLEAN	contract_runtime	resolved	TEST_PATCH_AUDIT.md fog door zombies;TEST_COVERAGE.md incident evidence;decompiler 2026-05-31	No open fog-door entry gap remains; rerun if RimWorld changes Notify_PawnEnteringDoor conditions.	Patch row owns target shape and hook intent only; player flow belongs to H.QUESTS.INCIDENTS.	RimWorld 1.6 decompiler resolved Notify_PawnEnteringDoor 06001A2B; vanilla still unfogs adjacent cells for player/host-faction pawns, and runtime proved hostile entry spawned none while player entry spawned two zombies.
PATCH.FloatMenuMakerMap_GetOptions_Patch	patch	buildings_items	Right-click float menus expose Start zombie shocker and Capture this zombie only for valid selected-pawn/click targets.	Source/Patches.cs	not_applicable	FloatMenuMakerMap_GetOptions_Patch	zombieland/defense_room_state actionMode:floatMenu	FloatMenuMakerMap.GetOptions	unknown	Append Zombieland custom float-menu options to the mutable vanilla option list after provider options are generated.	J.BUILDINGS.ITEMS	S-Defense-Room;S-Hostility-Area-Workflow;S-Source-Patch-Audit	SOURCE_AUDIT;RW16_TARGET_AUDIT;CONTRACT_RUNTIME;SCENARIO_RUNTIME;PLAYER_FLOW;LOG_CLEAN	contract_runtime	resolved	TEST_PATCH_AUDIT.md float menu;TEST_COVERAGE.md defense-room evidence;decompiler 2026-05-31	No open custom float-menu option gap remains; rerun if RimWorld changes GetOptions context/list flow.	Patch row owns target shape and hook intent only; player flow belongs to J.BUILDINGS.ITEMS.	RimWorld 1.6 decompiler resolved GetOptions 06012504; vanilla still returns the mutable provider option list, and runtime proved shocker, rope, non-confused and empty-selection branches.
PATCH.Pawn_IdeoTracker_ExposeData_Patch	patch	save_load	Zombies can load without ideology fallback warnings while ordinary colonist ideology state remains intact.	Source/Patches.cs	not_applicable	Pawn_IdeoTracker_ExposeData_Patch	ZL_Ideo_Load_Suppression_00.rws	Pawn_IdeoTracker.ExposeData	unknown	Transpile the post-load fallback-warning branch so Zombie pawns bypass the null-ideo assignment warning path.	A.STARTUP.LOAD	S-Startup-ColdLoad;S-Source-Patch-Audit;S-Social-Selection	SOURCE_AUDIT;RW16_TARGET_AUDIT;CONTRACT_RUNTIME;SAVE_LOAD;LOG_CLEAN	contract_runtime	resolved	TEST_PATCH_AUDIT.md ideo load suppression;TEST_COVERAGE.md save-load evidence;decompiler 2026-05-31	No open zombie ideology load-warning gap remains; rerun if RimWorld changes Pawn_IdeoTracker.ExposeData post-load branch.	Patch row owns target shape and hook intent only; player flow belongs to A.STARTUP.LOAD.	RimWorld 1.6 decompiler resolved ExposeData 0600CD34; vanilla still warns when Ideo is null and pawn.ShouldHaveIdeo, while runtime save-load kept colonist ideos intact and zombie Ideo null with clean warning logs.
PATCH.Pawn_EquipmentTracker_EquipmentTrackerTick_Patch	patch	buildings_items	Equipped chainsaws tick and consume fuel while held, even though their normal ticker would not be ticked by vanilla equipment tracking.	Source/Patches.cs	not_applicable	Pawn_EquipmentTracker_EquipmentTrackerTick_Patch	zombieland/chainsaw_equip_toggle	Pawn_EquipmentTracker.EquipmentTrackerTick	unknown	Post-tick equipped chainsaws after vanilla only ticks non-normal ticker equippable verbs.	J.BUILDINGS.ITEMS	S-Defense-Room;S-Source-Patch-Audit	SOURCE_AUDIT;RW16_TARGET_AUDIT;CONTRACT_RUNTIME;SCENARIO_RUNTIME;LOG_CLEAN	contract_runtime	resolved	TEST_PATCH_AUDIT.md chainsaw equip;TEST_COVERAGE.md chainsaw evidence;decompiler 2026-05-31	No open equipped-chainsaw tick gap remains; rerun if RimWorld changes equipment tick filtering.	Patch row owns target shape and hook intent only; player flow belongs to J.BUILDINGS.ITEMS.	RimWorld 1.6 decompiler resolved EquipmentTrackerTick 060032D2; vanilla still ticks only non-Normal ticker equipment verbs, and runtime proved a fueled equipped chainsaw drained fuel over 20 real ticks.
PATCH.Pawn_PathFollower_SetupMoveIntoNextCell_Patch	patch	buildings_items	Equipped chainsaws track movement angle toward the next path cell while the pawn moves.	Source/Patches.cs	not_applicable	Pawn_PathFollower_SetupMoveIntoNextCell_Patch	zombieland/chainsaw_equip_toggle	Pawn_PathFollower.SetupMoveIntoNextCell	unknown	Read the path follower's next cell after vanilla consumes the path node and update chainsaw angle for movement.	J.BUILDINGS.ITEMS	S-Defense-Room;S-Source-Patch-Audit	SOURCE_AUDIT;RW16_TARGET_AUDIT;CONTRACT_RUNTIME;SCENARIO_RUNTIME;LOG_CLEAN	contract_runtime	resolved	TEST_PATCH_AUDIT.md chainsaw movement;TEST_COVERAGE.md chainsaw evidence;decompiler 2026-05-31	No open chainsaw movement-angle gap remains; rerun if RimWorld changes nextCell setup flow.	Patch row owns target shape and hook intent only; player flow belongs to J.BUILDINGS.ITEMS.	RimWorld 1.6 decompiler resolved private SetupMoveIntoNextCell 0600632E; vanilla still consumes the next path node and computes move cost, while runtime proved expected angle 270 matched chainsaw.angle during real pathing.
PATCH.Pawn_DraftController_setDrafted_Patch	patch	buildings_items	Undrafting a pawn stops a running equipped chainsaw without dropping or breaking it.	Source/Patches.cs	not_applicable	Pawn_DraftController_setDrafted_Patch	zombieland/chainsaw_equip_toggle	Pawn_DraftController.Drafted setter	unknown	Stop equipped running chainsaws when vanilla drafted state is set false.	J.BUILDINGS.ITEMS	S-Defense-Room;S-Source-Patch-Audit	SOURCE_AUDIT;RW16_TARGET_AUDIT;CONTRACT_RUNTIME;SCENARIO_RUNTIME;PLAYER_FLOW;LOG_CLEAN	contract_runtime	resolved	TEST_PATCH_AUDIT.md chainsaw undraft;TEST_COVERAGE.md chainsaw evidence;decompiler 2026-05-31	No open undraft-stop gap remains; rerun if RimWorld changes Drafted setter side effects.	Patch row owns target shape and hook intent only; player flow belongs to J.BUILDINGS.ITEMS.	RimWorld 1.6 decompiler resolved Drafted setter 17001E66; vanilla still clears work/jobs/reservations and updates draftedInt, while runtime proved running chainsaw became stopped immediately after undraft.
PATCH.Pawn_MeleeVerbs_TryMeleeAttack_Patch	patch	combat	Running chainsaw and special-zombie melee suppression prevents vanilla melee damage before the custom chainsaw slaughter path runs.	Source/Patches.cs	not_applicable	Pawn_MeleeVerbs_TryMeleeAttack_Patch	zombieland/chainsaw_slaughter_zombie	Pawn_MeleeVerbs.TryMeleeAttack	unknown	Block vanilla melee attack starts for chainsaw-equipped humans and special Zombieland pawns in the source-derived prefix exits.	J.BUILDINGS.ITEMS	S-Defense-Room;S-Special-Gauntlet;S-Source-Patch-Audit	SOURCE_AUDIT;RW16_TARGET_AUDIT;CONTRACT_RUNTIME;SCENARIO_RUNTIME;LOG_CLEAN	contract_runtime	resolved	TEST_PATCH_AUDIT.md chainsaw melee;TEST_COVERAGE.md chainsaw evidence;decompiler 2026-05-31	No open TryMeleeAttack suppression gap remains; rerun if RimWorld changes melee verb startup semantics.	Patch row owns target shape and hook intent only; player flow belongs to J.BUILDINGS.ITEMS.	RimWorld 1.6 decompiler resolved TryMeleeAttack 0600CD4F; vanilla still selects a melee verb and calls TryStartCastOn, while runtime proved chainsaw human, spitter and symbiant prefix exits returned false without injury before custom slaughter killed the normal zombie.
PATCH.FloatMenuUtility_GetMeleeAttackAction_Patch	patch	buildings_items	Running chainsaw pawns do not receive ordinary melee attack float-menu actions.	Source/Patches.cs	not_applicable	FloatMenuUtility_GetMeleeAttackAction_Patch	zombieland/chainsaw_slaughter_zombie	FloatMenuUtility.GetMeleeAttackAction	unknown	Return no vanilla melee attack action while a selected pawn's chainsaw is running, preserving stopped-chain/control pass-through.	J.BUILDINGS.ITEMS	S-Defense-Room;S-Source-Patch-Audit	SOURCE_AUDIT;RW16_TARGET_AUDIT;CONTRACT_RUNTIME;SCENARIO_RUNTIME;PLAYER_FLOW;LOG_CLEAN	contract_runtime	resolved	TEST_PATCH_AUDIT.md chainsaw float menu;TEST_COVERAGE.md chainsaw evidence;decompiler 2026-05-31	No open running-chainsaw melee-action gap remains; rerun if RimWorld changes FloatMenuUtility.GetMeleeAttackAction gating.	Patch row owns target shape and hook intent only; player flow belongs to J.BUILDINGS.ITEMS.	RimWorld 1.6 decompiler resolved GetMeleeAttackAction 06012817; vanilla still gates drafted/control/reach/violence/melee verb and returns an AttackMelee action, while runtime proved stopped chainsaw/control pass and running chainsaw suppresses action.
PATCH.Pawn_RotationTracker_UpdateRotation_Patch	patch	buildings_items	Swinging chainsaws preserve pawn rotation instead of vanilla forcing drafted pawns south or facing current targets.	Source/Patches.cs	not_applicable	Pawn_RotationTracker_UpdateRotation_Patch	zombieland/chainsaw_slaughter_zombie	Pawn_RotationTracker.UpdateRotation	unknown	Skip vanilla rotation updates while a pawn's equipped chainsaw is swinging.	J.BUILDINGS.ITEMS	S-Defense-Room;S-Source-Patch-Audit	SOURCE_AUDIT;RW16_TARGET_AUDIT;CONTRACT_RUNTIME;SCENARIO_RUNTIME;VISUAL_UI;LOG_CLEAN	contract_runtime	resolved	TEST_PATCH_AUDIT.md chainsaw rotation;TEST_COVERAGE.md chainsaw evidence;decompiler 2026-05-31	No open swinging-chainsaw rotation gate remains; render-path draw evidence is still tracked separately.	Patch row owns target shape and hook intent only; player flow belongs to J.BUILDINGS.ITEMS.	RimWorld 1.6 decompiler resolved UpdateRotation 060033C4; vanilla still faces busy targets, path nextCell, jobs or drafted south, while runtime proved swinging preserved North and non-swinging drafted pawn changed South.
PATCH.PawnRenderer_DrawEquipment_Patch	patch	rendering	Running or swinging chainsaws draw through Zombieland's custom equipment-aiming path and suppress vanilla equipment drawing only for that case.	Source/Patches.cs	not_applicable	PawnRenderer_DrawEquipment_Patch	zombieland/chainsaw_slaughter_zombie;rimworld/screenshot_cell_rect	PawnRenderUtility.DrawEquipmentAndApparelExtras	unknown	Prefix the 1.6 equipment/apparel extras draw path so an actively running and swinging chainsaw calls DrawEquipmentAiming at chainsaw.angle, while stopped, dead, unspawned, NeverAimWeapon, and non-swinging cases pass through to vanilla.	J.BUILDINGS.ITEMS	S-Visual-Lineup;S-Defense-Room;S-Source-Patch-Audit	SOURCE_AUDIT;RW16_TARGET_AUDIT;VISUAL_UI;SCENARIO_RUNTIME;LOG_CLEAN	contract_runtime	resolved	TEST_PATCH_AUDIT.md resolved-runtime;TEST_COVERAGE.md chainsaw visual evidence;TEST_SCENARIOS.md S-Defense-Room;decompiler 2026-06-01	No open baseline chainsaw draw-equipment gap remains; rerun if RimWorld changes DrawEquipmentAndApparelExtras or Zombieland chainsaw drawing changes.	Patch row owns target shape and visual evidence only; chainsaw item behavior stays with J.BUILDINGS.ITEMS and general render baseline stays with F.RENDERING.VISUALS.	RimWorld 1.6 decompiler resolved DrawEquipmentAndApparelExtras 06002733; vanilla still draws aimed/carried equipment then worn apparel extras. Runtime chainsaw slaughter left the equipped chainsaw running and swinging at angle 22.5, killed the adjacent zombie on tick 1, created one victim head, and screenshots zl_chainsaw_draw_equipment_slaughter_visual__cell_rect.png plus close crop showed one custom chainsaw/victim-head visual with clean logs.
PATCH.CompProperties_Refuelable_SpecialDisplayStats_Patch	patch	buildings_items	Chainsaw refuelable stats display weapon fuel instead of turret shots-before-rearm stats, while vanilla turret stats pass through.	Source/Patches.cs	not_applicable	CompProperties_Refuelable_SpecialDisplayStats_Patch	zombieland/chainsaw_equip_toggle	CompProperties_Refuelable.SpecialDisplayStats	unknown	Replace refuelable special display stats only for chainsaw stat requests.	J.BUILDINGS.ITEMS	S-Defense-Room;S-Source-Patch-Audit	SOURCE_AUDIT;RW16_TARGET_AUDIT;CONTRACT_RUNTIME;SCENARIO_RUNTIME;VISUAL_UI;LOG_CLEAN	contract_runtime	resolved	TEST_PATCH_AUDIT.md chainsaw stats;TEST_COVERAGE.md chainsaw evidence;decompiler 2026-05-31	No open chainsaw refuelable stats gap remains; rerun if RimWorld changes refuelable stat enumeration.	Patch row owns target shape and hook intent only; player flow belongs to J.BUILDINGS.ITEMS.	RimWorld 1.6 decompiler resolved SpecialDisplayStats 06010898; vanilla still yields base stats and turret shots-before-rearm, while runtime proved chainsaw returns one Weapon_Melee Fuel entry and mini-turret keeps vanilla Building entry.
PATCH.Gizmo_RefuelableFuelStatus_GizmoOnGUI_Patch	patch	buildings_items	Chainsaw fuel gizmos avoid null-refuelable crashes while preserving normal fuel-level gizmo rendering.	Source/Patches.cs	not_applicable	Gizmo_RefuelableFuelStatus_GizmoOnGUI_Patch	zombieland/chainsaw_equip_toggle	Gizmo_SetFuelLevel.GizmoOnGUI	unknown	Guard null refuelable before vanilla dereferences refuelable.Props and let real chainsaw fuel gizmos continue.	J.BUILDINGS.ITEMS	S-Defense-Room;S-Source-Patch-Audit	SOURCE_AUDIT;RW16_TARGET_AUDIT;CONTRACT_RUNTIME;SCENARIO_RUNTIME;VISUAL_UI;LOG_CLEAN	contract_runtime	resolved	TEST_PATCH_AUDIT.md chainsaw gizmo;TEST_COVERAGE.md chainsaw evidence;decompiler 2026-05-31	No open fuel-gizmo null guard gap remains; rerun if RimWorld changes Gizmo_SetFuelLevel.GizmoOnGUI preconditions.	Patch row owns target shape and hook intent only; player flow belongs to J.BUILDINGS.ITEMS.	RimWorld 1.6 decompiler resolved GizmoOnGUI 060108F7; vanilla still immediately dereferences refuelable.Props, and runtime proved prefix false for null, true for real chainsaw refuelable, with visible normal gizmo state.
PATCH.Faction_TryAffectGoodwillWith_Patch	patch	quests	Zombie faction goodwill cannot be changed, while ordinary goodwill-capable factions still use vanilla mirrored goodwill mutation.	Source/Patches.cs	not_applicable	Faction_TryAffectGoodwillWith_Patch	zombieland/zombie_faction_world_contract	Faction.TryAffectGoodwillWith	unknown	Return false before vanilla goodwill mutation when either faction is the Zombieland zombie faction.	H.QUESTS.INCIDENTS	S-Incident-Threat;S-Startup-ColdLoad;S-Source-Patch-Audit	SOURCE_AUDIT;RW16_TARGET_AUDIT;CONTRACT_RUNTIME;SCENARIO_RUNTIME;LOG_CLEAN	contract_runtime	resolved	TEST_PATCH_AUDIT.md zombie faction goodwill;TEST_COVERAGE.md faction evidence;decompiler 2026-05-31	No open zombie-faction goodwill mutation gap remains; rerun if RimWorld changes TryAffectGoodwillWith relation mirroring.	Patch row owns target shape and hook intent only; player flow belongs to H.QUESTS.INCIDENTS.	RimWorld 1.6 decompiler resolved TryAffectGoodwillWith 0600D21C; vanilla still mutates and mirrors baseGoodwill, while runtime proved zombie/player calls false and ordinary outlander/player goodwill changed 0 to 15 both ways.
PATCH.Projectile_ImpactSomething_Patch	patch	combat	Downed zombies are treated as standing for projectile miss/posture logic so ranged shots can hit them as intended.	Source/Patches.cs	not_applicable	Projectile_ImpactSomething_Patch	zombieland/area_workflow_state actionMode:ranged-projectiles	Projectile.ImpactSomething	unknown	Adjust projectile impact posture checks so health-downed zombies do not get vanilla laying-target miss treatment.	E.HOSTILITY.TARGETING	S-Hostility-Area-Workflow;S-Core-Horde-Loop;S-Source-Patch-Audit	SOURCE_AUDIT;RW16_TARGET_AUDIT;CONTRACT_RUNTIME;SCENARIO_RUNTIME;LOG_CLEAN	contract_runtime	resolved	TEST_PATCH_AUDIT.md ranged projectiles;TEST_COVERAGE.md ranged evidence;decompiler 2026-05-31	No open downed-zombie projectile posture gap remains; rerun if RimWorld changes ImpactSomething posture/miss IL.	Patch row owns target shape and hook intent only; player flow belongs to E.HOSTILITY.TARGETING.	RimWorld 1.6 decompiler resolved ImpactSomething 060038DB; vanilla still checks GetPosture and Rand.Chance for laying targets, and runtime proved a deterministic shot that vanilla would miss damaged the downed zombie.
PATCH.Verb_LaunchProjectile_TryCastShot_Patch	patch	combat	Nearby colonist shots at zombies under low/intense difficulty bypass vanilla forced-miss behavior according to Zombieland rules.	Source/Patches.cs	not_applicable	Verb_LaunchProjectile_TryCastShot_Patch	zombieland/area_workflow_state actionMode:ranged-projectiles	Verb_LaunchProjectile.TryCastShot	unknown	Short-circuit the source-derived nearby-zombie shot case so projectile launch uses the intended zombie target cell instead of forced-miss cells.	E.HOSTILITY.TARGETING	S-Hostility-Area-Workflow;S-Core-Horde-Loop;S-Source-Patch-Audit	SOURCE_AUDIT;RW16_TARGET_AUDIT;CONTRACT_RUNTIME;SCENARIO_RUNTIME;LOG_CLEAN	contract_runtime	resolved	TEST_PATCH_AUDIT.md ranged projectiles;TEST_COVERAGE.md ranged evidence;decompiler 2026-05-31	No open nearby-zombie forced-miss gap remains; rerun if RimWorld changes Verb_LaunchProjectile.TryCastShot launch flow.	Patch row owns target shape and hook intent only; player flow belongs to E.HOSTILITY.TARGETING.	RimWorld 1.6 decompiler resolved TryCastShot 06005829; vanilla still performs shoot-line and projectile launch flow, and runtime proved bolt-action shot destination matched the zombie cell instead of a forced-miss cell.
PATCH.Pawn_JobTracker_StartJob_Patch	patch	core_zombie	Zombieland pawn classes only accept whitelisted jobs and cleanly unwind rejected vanilla jobs and reservations.	Source/Patches.cs	not_applicable	Pawn_JobTracker_StartJob_Patch	zombieland/area_workflow_state actionMode:job-gate	Pawn_JobTracker.StartJob	unknown	Reject disallowed jobs for zombies, spitters and symbiants before vanilla StartJob enters recovery or driver setup paths.	C.CORE.ZOMBIE_LOOP	S-Core-Horde-Loop;S-Special-Gauntlet;S-Source-Patch-Audit	SOURCE_AUDIT;RW16_TARGET_AUDIT;CONTRACT_RUNTIME;SCENARIO_RUNTIME;LOG_CLEAN	contract_runtime	resolved	TEST_PATCH_AUDIT.md job gate;TEST_COVERAGE.md job evidence;decompiler 2026-05-31	No open Zombieland pawn job-gate gap remains; rerun if RimWorld changes StartJob signature or recovery fields.	Patch row owns target shape and hook intent only; player flow belongs to C.CORE.ZOMBIE_LOOP.	RimWorld 1.6 decompiler resolved StartJob 0600637C; vanilla still increments jobsGivenThisTick and clears startingNewJob in recovery/finally paths, while runtime proved normal zombie, spitter and symbiant accept Wait and reject reserved HaulToCell cleanly.
PATCH.PawnUtility_GetManhunterOnDamageChance_Patch	patch	hostility	Zombie instigators reduce or suppress animal manhunter revenge according to Zombieland settings, while human instigators keep vanilla chance.	Source/Patches.cs	not_applicable	PawnUtility_GetManhunterOnDamageChance_Patch	zombieland/area_workflow_state actionMode:animal-response	PawnUtility.GetManhunterOnDamageChance	unknown	Postprocess animal revenge chance only when the damage instigator is a Zombieland pawn and settings demand it.	E.HOSTILITY.TARGETING	S-Hostility-Area-Workflow;S-Source-Patch-Audit	SOURCE_AUDIT;RW16_TARGET_AUDIT;CONTRACT_RUNTIME;SCENARIO_RUNTIME;LOG_CLEAN	contract_runtime	resolved	TEST_PATCH_AUDIT.md animal response;TEST_COVERAGE.md animal evidence;decompiler 2026-05-31	No open animal revenge chance gap remains; rerun if RimWorld changes GetManhunterOnDamageChance overloads.	Patch row owns target shape and hook intent only; player flow belongs to E.HOSTILITY.TARGETING.	RimWorld 1.6 decompiler resolved GetManhunterOnDamageChance 0600C66D; vanilla still applies Scaria, distance, stealth and instigator factors, while runtime proved zombie instigator reduces/enables zeroing and human control stays vanilla.
PATCH.FoodUtility_GetPreyScoreFor_Patch	patch	hostility	Animal predator prey scoring can strongly discourage or encourage targeting normal zombies according to settings while preserving human controls and special-zombie exclusions.	Source/Patches.cs	not_applicable	FoodUtility_GetPreyScoreFor_Patch	zombieland/area_workflow_state actionMode:animal-response	FoodUtility.GetPreyScoreFor	unknown	Postprocess prey score for normal zombies according to animalsAttackZombies setting.	E.HOSTILITY.TARGETING	S-Hostility-Area-Workflow;S-Source-Patch-Audit	SOURCE_AUDIT;RW16_TARGET_AUDIT;CONTRACT_RUNTIME;SCENARIO_RUNTIME;LOG_CLEAN	contract_runtime	resolved	TEST_PATCH_AUDIT.md animal response;TEST_COVERAGE.md animal evidence;decompiler 2026-05-31	No open animal prey-score gap remains; rerun if RimWorld changes FoodUtility.GetPreyScoreFor scoring semantics.	Patch row owns target shape and hook intent only; player flow belongs to E.HOSTILITY.TARGETING.	RimWorld 1.6 decompiler resolved GetPreyScoreFor 06006A56; vanilla still scores from combat-power ratio, health, body size, distance and humanlike/fence penalties, while runtime proved settings flip nearby zombie preference and spitter/symbiant stay zero.
PATCH.GenMapUI_DrawPawnLabel_Patch	patch	ui	Harmony patch GenMapUI_DrawPawnLabel_Patch must preserve its semantic hook intent.	Source/Patches.cs	not_applicable	GenMapUI_DrawPawnLabel_Patch	see owning feature/scenario row	GenMapUI.DrawPawnLabel	unknown	Suppress ordinary zombie labels but preserve former-map-pawn labels.	F.RENDERING.VISUALS	S-Source-Patch-Audit	SOURCE_AUDIT;RW16_TARGET_AUDIT;CONTRACT_RUNTIME;SCENARIO_RUNTIME;LOG_CLEAN	contract_runtime	resolved	EV.STATIC.RENDER_UI_ASSET_TAIL;TEST_PATCH_AUDIT.md row Source/Patches.cs:2902;zombieland/area_workflow_state ui-state evidence	No open zombie map-label suppression gap remains.	Patch row owns target shape and hook intent only; player flow belongs to primary scenario.	Decompiler confirms the 1.6 vector DrawPawnLabel overload still computes the label background rect and delegates to the Rect overload; runtime evidence proves ordinary zombies suppress labels while former-map-pawn zombies and humans continue.
PATCH.MainTabWindow_Inspect_CurTabs_Patch	patch	ui	Harmony patch MainTabWindow_Inspect_CurTabs_Patch must preserve its semantic hook intent.	Source/Patches.cs	not_applicable	MainTabWindow_Inspect_CurTabs_Patch	see owning feature/scenario row	MainTabWindow_Inspect.CurTabs	unknown	Return empty inspect tabs for zombies.	F.RENDERING.VISUALS	S-Source-Patch-Audit	SOURCE_AUDIT;RW16_TARGET_AUDIT;CONTRACT_RUNTIME;SCENARIO_RUNTIME;LOG_CLEAN	contract_runtime	resolved	EV.STATIC.RENDER_UI_ASSET_TAIL;TEST_PATCH_AUDIT.md row Source/Patches.cs:2916;zombieland/area_workflow_state ui-state evidence;zombieland/zombie_selection_respects_former_colonist	No open inspect-tab null-hardening gap remains.	Patch row owns target shape and hook intent only; player flow belongs to primary scenario.	Decompiler confirms CurTabs still returns null for screenshot/no-selection/unsupported selection paths and inspect tabs for selected things; runtime evidence proves zombies get non-null empty tabs, humans keep ordinary tabs, and former-colonist zombie corpse selection is safe.
PATCH.Pawn_Downed_Patch	patch	ui	Harmony patch Pawn_Downed_Patch must preserve its semantic hook intent.	Source/Patches.cs	not_applicable	Pawn_Downed_Patch	see owning feature/scenario row	Pawn.Downed	unknown	Hide downed state for health-downed zombies when double-tap required.	F.RENDERING.VISUALS	S-Source-Patch-Audit	SOURCE_AUDIT;RW16_TARGET_AUDIT;CONTRACT_RUNTIME;SCENARIO_RUNTIME;LOG_CLEAN	contract_runtime	resolved	EV.STATIC.RENDER_UI_ASSET_TAIL;TEST_PATCH_AUDIT.md row Source/Patches.cs:2929;zombieland/area_workflow_state ui-state evidence	No open double-tap Downed facade gap remains.	Patch row owns target shape and hook intent only; player flow belongs to primary scenario.	Decompiler confirms Pawn.Downed is still a direct health.Downed getter; runtime evidence proves health-downed zombies report public Downed=false only while doubleTapRequired is true, while ordinary humans pass through.
PATCH.PawnDownedWiggler_ProcessPostTickVisuals_Patch	patch	rendering	Harmony patch PawnDownedWiggler_ProcessPostTickVisuals_Patch must preserve its semantic hook intent.	Source/Patches.cs	not_applicable	PawnDownedWiggler_ProcessPostTickVisuals_Patch;PawnDownedWiggler_WigglerTick_Patch	see owning feature/scenario row	PawnDownedWiggler.ProcessPostTickVisuals	unknown	Downed zombie crawler visual angle.	F.RENDERING.VISUALS	S-Source-Patch-Audit	SOURCE_AUDIT;RW16_TARGET_AUDIT;CONTRACT_RUNTIME;SCENARIO_RUNTIME;LOG_CLEAN	contract_runtime	resolved	EV.STATIC.RENDER_UI_ASSET_TAIL;TEST_PATCH_AUDIT.md downed-crawler visual row;zombieland/area_workflow_state downed-crawler-visuals evidence	No open downed-crawler wiggler visual gap remains.	Patch row owns target shape and hook intent only; player flow belongs to primary scenario.	Decompiler confirms ProcessPostTickVisuals(int ticksPassed) still owns downed pawn wiggle visuals after the 1.6 ticksPassed signature shape; runtime visual evidence proves downed zombie crawler angle updates through the patched wiggler/body-angle path.
PATCH.PawnRenderer_BodyAngle_Patch	patch	rendering	Harmony patch PawnRenderer_BodyAngle_Patch must preserve its semantic hook intent.	Source/Patches.cs	not_applicable	PawnRenderer_BodyAngle_Patch	see owning feature/scenario row	PawnRenderer.BodyAngle	unknown	Apply downed zombie body angle.	F.RENDERING.VISUALS	S-Source-Patch-Audit	SOURCE_AUDIT;RW16_TARGET_AUDIT;CONTRACT_RUNTIME;SCENARIO_RUNTIME;LOG_CLEAN	contract_runtime	resolved	EV.STATIC.RENDER_UI_ASSET_TAIL;TEST_PATCH_AUDIT.md row Source/Patches.cs:3051;zombieland/area_workflow_state downed-crawler-visuals evidence	No open downed-zombie body-angle override gap remains.	Patch row owns target shape and hook intent only; player flow belongs to primary scenario.	Decompiler confirms PawnRenderer.BodyAngle still uses posture, bed, holder, carried, crawling and downed/dead branches with wiggler.downedAngle; runtime evidence proves only health-downed zombies skip vanilla into the smoothed custom angle.
PATCH.PawnRenderer_Constructor_With_Pawn_Patch	patch	rendering	Pawn renderer construction installs Zombieland damage flashing without breaking ordinary pawn renderers.	Source/ZombieDamageFlasher.cs	not_applicable	PawnRenderer_Constructor_With_Pawn_Patch	zombieland/area_workflow_state actionMode:visual-support	PawnRenderer..ctor(Pawn)	unknown	Replace each pawn renderer's vanilla DamageFlasher with ZombieDamageFlasher so later bite-color patches have per-pawn state.	F.RENDERING.VISUALS	S-Source-Patch-Audit;S-Special-Gauntlet	SOURCE_AUDIT;RW16_TARGET_AUDIT;CONTRACT_RUNTIME;VISUAL_UI;LOG_CLEAN	contract_runtime	resolved	TEST_PATCH_AUDIT.md visual-support;TEST_COVERAGE.md visual-support;decompiler 2026-05-31	No open renderer-flasher gap remains; rerun only if RimWorld changes PawnRenderer construction or damage-flasher ownership.	Patch row owns target shape and hook intent only; player flow belongs to F.RENDERING.VISUALS.	Current decompiler shows RimWorld 1.6 PawnRenderer..ctor still creates flasher = new DamageFlasher(pawn); live visual-support evidence proved zombie and human renderers both receive ZombieDamageFlasher and logs stay clean.
PATCH.ZombieDamageFlasher_Notify_DamageApplied_Patch	patch	rendering	Damage notifications preserve the last damage definition needed for zombie-bite flash coloring.	Source/ZombieDamageFlasher.cs	not_applicable	DamageFlasher_Notify_DamageApplied_Patch	zombieland/area_workflow_state actionMode:visual-support	DamageFlasher.Notify_DamageApplied	unknown	Capture DamageInfo.Def before vanilla updates damage flash ticks so GetDamagedMat can distinguish ZombieBite from ordinary damage.	F.RENDERING.VISUALS	S-Source-Patch-Audit;S-Special-Gauntlet	SOURCE_AUDIT;RW16_TARGET_AUDIT;CONTRACT_RUNTIME;VISUAL_UI;LOG_CLEAN	contract_runtime	resolved	TEST_PATCH_AUDIT.md visual-support;TEST_COVERAGE.md visual-support;decompiler 2026-05-31	No open damage-def capture gap remains; rerun only if RimWorld changes DamageFlasher.Notify_DamageApplied semantics.	Patch row owns target shape and hook intent only; player flow belongs to F.RENDERING.VISUALS.	Current decompiler shows RimWorld 1.6 Notify_DamageApplied still only updates lastDamageTick for health damage; live visual-support evidence captured ZombieBite on the zombie flasher and Cut on the human flasher before material selection.
PATCH.ZombieDamageFlasher_GetDamagedMat_Patch	patch	rendering	Zombie bites flash green while ordinary damage materials remain non-green.	Source/ZombieDamageFlasher.cs	not_applicable	DamageFlasher_GetDamagedMat_Patch	zombieland/area_workflow_state actionMode:visual-support	DamageFlasher.GetDamagedMat	unknown	Recolor only ZombieBite damage-flash materials to the Zombieland green blend without leaking to ordinary damage.	F.RENDERING.VISUALS	S-Source-Patch-Audit;S-Special-Gauntlet	SOURCE_AUDIT;RW16_TARGET_AUDIT;CONTRACT_RUNTIME;VISUAL_UI;LOG_CLEAN	contract_runtime	resolved	TEST_PATCH_AUDIT.md visual-support;TEST_COVERAGE.md visual-support;decompiler 2026-05-31	No open bite-flash color gap remains; rerun only if RimWorld changes DamageFlasher.GetDamagedMat or damage flash tick math.	Patch row owns target shape and hook intent only; player flow belongs to F.RENDERING.VISUALS.	Current decompiler shows RimWorld 1.6 GetDamagedMat still delegates to DamagedMatPool with DamageFlashTicksLeft / 16f; live visual-support evidence proved ZombieBite produced green (0, 0.8, 0, 1) while ordinary Cut on a separate base material stayed non-green.
PATCH.Pawn_DrawTracker_DrawPos_Patch	patch	rendering	Zombie draw positions include the Zombieland leaner offset while ordinary pawn draw positions stay vanilla.	Source/ZombieLeaner.cs	not_applicable	Pawn_DrawTracker_DrawPos_Patch	zombieland/area_workflow_state actionMode:visual-support	Pawn_DrawTracker.DrawPos	unknown	Add ZombieLeaner.ZombieOffset after RimWorld computes the standard tween, jitter, lean, job, flight and altitude offsets.	F.RENDERING.VISUALS	S-Source-Patch-Audit;S-Core-Horde-Loop;S-Special-Gauntlet	SOURCE_AUDIT;RW16_TARGET_AUDIT;CONTRACT_RUNTIME;VISUAL_UI;LOG_CLEAN	contract_runtime	resolved	TEST_PATCH_AUDIT.md visual-support;TEST_COVERAGE.md visual-support;decompiler 2026-05-31	No open zombie draw-position offset gap remains; rerun only if RimWorld changes Pawn_DrawTracker.DrawPos offset composition.	Patch row owns target shape and hook intent only; player flow belongs to F.RENDERING.VISUALS.	Current decompiler shows RimWorld 1.6 DrawPos still composes tweened position, jitterer, leaner, job, flight, altitude and seeded Y; live visual-support evidence forced ZombieLeaner offset (0.21, 0, -0.13) and proved humans do not use ZombieLeaner.
PATCH.Pawn_DrawTrackerDrawTrackerTick_Patch	patch	rendering	Zombie visual jitter and extra offsets update through the real draw-tracker post-tick path.	Source/ZombieLeaner.cs	not_applicable	Pawn_DrawTrackerDrawTrackerTick_Patch	zombieland/area_workflow_state actionMode:visual-support	Pawn_DrawTracker.ProcessPostTickVisuals(Int32)	unknown	Call ZombieLeaner.ZombieTick after RimWorld's spawned-pawn visual tick so emerging zombies reset offsets and wandering zombies jitter.	F.RENDERING.VISUALS	S-Source-Patch-Audit;S-Core-Horde-Loop;S-Special-Gauntlet	SOURCE_AUDIT;RW16_TARGET_AUDIT;CONTRACT_RUNTIME;VISUAL_UI;LOG_CLEAN	contract_runtime	resolved	TEST_PATCH_AUDIT.md visual-support;TEST_COVERAGE.md visual-support;decompiler 2026-05-31	No open zombie visual-jitter tick gap remains; rerun only if RimWorld changes Pawn_DrawTracker.ProcessPostTickVisuals signature or spawned visual dispatch.	Patch row owns target shape and hook intent only; player flow belongs to F.RENDERING.VISUALS.	Current decompiler shows RimWorld 1.6 ProcessPostTickVisuals(Int32) still dispatches jitterer, footprint, breath, ripple, leaner and renderer when spawned; live visual-support evidence proved the emerging reset and wandering nonzero jitter branches with clean logs.
PATCH.Root_Play_Update_Patch	patch	startup	Harmony patch Root_Play_Update_Patch must preserve its semantic hook intent.	Source/Patches.cs	not_applicable	Root_Play_Update_Patch	see owning feature/scenario row	Root_Play.Update	unknown	Per-frame electric hum/tank movement sustainers.	A.STARTUP.LOAD	S-Source-Patch-Audit	SOURCE_AUDIT;RW16_TARGET_AUDIT;RW14_RW16_SEMANTIC_DIFF;CONTRACT_RUNTIME;SCENARIO_RUNTIME;LOG_CLEAN	contract_runtime	resolved	EV.STATIC.STARTUP_SERVICE_LIFECYCLE;TEST_PATCH_AUDIT.md row Source/Patches.cs:3092;TEST_COVERAGE.md	No open Root_Play.Update gap remains; rerun only if RimWorld changes play-root update sequencing or Zombieland audio/tick-manager sustainer logic changes.	Patch row owns target shape and hook intent only; player flow belongs to primary scenario.	RimWorld 1.6 Root_Play.Update is unchanged from 1.4 and still runs after base.Update with long-event/destroyed guards; runtime root-play-hooks proves the electric hum and tank movement postfix behavior.
PATCH.Root_Play_SetupForQuickTestPlay_Patch	patch	settings	Harmony patch Root_Play_SetupForQuickTestPlay_Patch must preserve its semantic hook intent.	Source/Patches_Startup.cs	not_applicable	Root_Play_SetupForQuickTestPlay_Patch	see owning feature/scenario row	Root_Play.SetupForQuickTestPlay	unknown	Restore settings defaults for quick test.	B.SETTINGS.WORLD_DEFAULTS	S-Source-Patch-Audit	SOURCE_AUDIT;RW16_TARGET_AUDIT;RW14_RW16_SEMANTIC_DIFF;CONTRACT_RUNTIME;SCENARIO_RUNTIME;LOG_CLEAN	contract_runtime	resolved	EV.STATIC.STARTUP_SERVICE_LIFECYCLE;TEST_PATCH_AUDIT.md row Source/Patches.cs:3108;TEST_COVERAGE.md	No open quick-test setup gap remains; rerun only if RimWorld changes quick-test creation or Zombieland default reset behavior changes.	Patch row owns target shape and hook intent only; player flow belongs to primary scenario.	RimWorld 1.6 quick-test setup adds Game.ClearCaches, larger world/map defaults and LandmarkDensity but keeps the same post-vanilla quick-test boundary; runtime root-play-hooks proves Zombieland settings defaults are restored by the postfix.
PATCH.PawnRenderNode_Body_GraphicFor_Patch	patch	rendering	Harmony patch PawnRenderNode_Body_GraphicFor_Patch must preserve its semantic hook intent.	Source/Patches.cs	not_applicable	PawnRenderNode_Body_GraphicFor_Patch	see owning feature/scenario row	PawnRenderNode_Body.GraphicFor	unknown	Route custom body graphics through 1.6 render node.	F.RENDERING.VISUALS	S-Source-Patch-Audit	SOURCE_AUDIT;RW16_TARGET_AUDIT;CONTRACT_RUNTIME;SCENARIO_RUNTIME;LOG_CLEAN	contract_runtime	resolved	EV.STATIC.RENDER_UI_ASSET_TAIL;TEST_PATCH_AUDIT.md row Source/Patches.cs:3593;zombieland/area_workflow_state render-node-graphics evidence	No open custom body render-node routing gap remains.	Patch row owns target shape and hook intent only; player flow belongs to primary scenario.	Decompiler confirms PawnRenderNode_Body.GraphicFor still resolves 1.6 body graphics through dessicated, mutant, creepjoiner and bodyType paths; runtime evidence proves ZombieRenderCompat custom body graphics route through the patched render node while humans pass to vanilla.
PATCH.PawnRenderNode_Head_GraphicFor_Patch	patch	rendering	Harmony patch PawnRenderNode_Head_GraphicFor_Patch must preserve its semantic hook intent.	Source/Patches.cs	not_applicable	PawnRenderNode_Head_GraphicFor_Patch	see owning feature/scenario row	PawnRenderNode_Head.GraphicFor	unknown	Route custom head graphics and headless no-graphic behavior.	F.RENDERING.VISUALS	S-Source-Patch-Audit	SOURCE_AUDIT;RW16_TARGET_AUDIT;CONTRACT_RUNTIME;SCENARIO_RUNTIME;LOG_CLEAN	contract_runtime	resolved	EV.STATIC.RENDER_UI_ASSET_TAIL;TEST_PATCH_AUDIT.md row Source/Patches.cs:3606;zombieland/area_workflow_state render-node-graphics evidence	No open custom head render-node or no-head guard gap remains.	Patch row owns target shape and hook intent only; player flow belongs to primary scenario.	Decompiler confirms PawnRenderNode_Head.GraphicFor still returns null for missing heads, skull for dessicated pawns, and story head graphics otherwise; runtime evidence proves custom zombie heads route correctly and headless zombies return null even with cached custom heads.
PATCH.Effecter_Suppression_PatchFamily	patch	rendering	Harmony patch Effecter_Suppression_PatchFamily must preserve its semantic hook intent.	Source/Patches.cs	not_applicable	Effecter_Trigger_Patch	see owning feature/scenario row	Effecter.Trigger(TargetInfo,TargetInfo,int)	unknown	Suppress Deflect_General child effecters for zombies without suppressing ordinary deflect or non-deflect effecters.	F.RENDERING.VISUALS	S-Source-Patch-Audit	SOURCE_AUDIT;RW16_TARGET_AUDIT;CONTRACT_RUNTIME;SCENARIO_RUNTIME;LOG_CLEAN	contract_runtime	resolved	TEST_PATCH_AUDIT.md;TEST_COVERAGE.md;TEST_SCENARIOS.md effecter-suppression evidence	No open effecter-suppression gap in the core active-mod configuration.	Patch row owns target shape and hook intent only; player flow belongs to primary scenario.	Patch audit status: resolved/runtime; current rerun proved Deflect_General zombie suppression, ordinary human pass-through, non-deflect zombie pass-through, installed patch owner, and clean logs.
PATCH.PawnRenderer_RenderPawnAt_Patch	patch	rendering	Special zombie overlays, ropes, custom spitter/symbiant visuals and render extras are injected at the end of the 1.6 pawn render path.	Source/Patches.cs	not_applicable	PawnRenderer_RenderPawnAt_Patch	zombieland/spawn_reference_lineup stageRenderStates:true;rimworld/screenshot_cell_rect	PawnRenderer.RenderPawnAt	unknown	Transpile RimWorld's pawn render method so Zombieland RenderExtras runs after vanilla cached/internal rendering, equipment/apparel extras, shadows, stance/path/rope draws, silhouette setup and debug cleanup.	F.RENDERING.VISUALS	S-Visual-Lineup;S-Special-Gauntlet;S-Source-Patch-Audit	SOURCE_AUDIT;RW16_TARGET_AUDIT;CONTRACT_RUNTIME;VISUAL_UI;SAVE_LOAD;LOG_CLEAN	contract_runtime	resolved	TEST_PATCH_AUDIT.md semantic-runtime row;TEST_COVERAGE.md visual-gauntlet evidence;TEST_SCENARIOS.md S-Visual-Lineup;decompiler 2026-06-01	No open baseline RenderPawnAt extras gap remains; rerun only if RimWorld changes RenderPawnAt final cleanup or Zombieland render extras.	Patch row owns target shape and hook intent only; staged visual scenarios own player-visible special effects.	RimWorld 1.6 decompiler resolved RenderPawnAt 060026F1; vanilla still calls DrawEquipmentAndApparelExtras, stance/path/rope drawing, SetSilhouetteData, DrawDebug and then resets results. Runtime visual lineup staged special overlays, rope, spitter and symbiant visuals before/after reload with clean logs.
PATCH.Map_MapUpdate_Patch	patch	optional_integrations	Save Our Ship floating space zombies draw only when SoS support is installed, floating zombies are enabled, the current map is the SoS outer-space biome, and world view is not active.	Source/Patches.cs;Source/SoSTools.cs	not_applicable	Map_MapUpdate_Patch	zombieland/startup_support_state optionalIntegrations;zombieland/create_sos_space_map_fixture;zombieland/get_status	Map.MapUpdate	unknown	Post-draw SoS floating zombie meshes from TickManager front/back floater lists without hard-depending on SoS when it is absent.	K.OPTIONAL.INTEGRATIONS	S-Optional-Mod-Compat;S-Source-Patch-Audit	SOURCE_AUDIT;RW16_TARGET_AUDIT;OPTIONAL_MOD_COMPAT;CONTRACT_RUNTIME;VISUAL_UI;LOG_CLEAN	contract_runtime	resolved_runtime	TEST_PATCH_AUDIT.md resolved-source row;TEST_COVERAGE.md optional integration evidence;decompiler 2026-06-01;EV.RUNTIME.SOS2.SPACE_FLOATERS	Active SoS2 runtime now covers the outer-space floating-zombie path with a local SoS2 fixture: current map biome OuterSpaceBiome, 100 background and 10 foreground floaters ready after stepped ticks, screenshot evidence captured, and no Zombieland warning-or-higher logs after the RenderTexture fix.	Patch row owns target existence, optional gate, and space-floater draw smoke; hostile ship-generation conversion and hologram behavior remain separate SoS optional tails.	RimWorld 1.6 decompiler resolved Map.MapUpdate 06001CEC; vanilla still draws dynamic things and map overlays during DrawingMap. Active SoS2 startup evidence reports the Map.MapUpdate postfix installed alongside current SoS2 GenerateShip and GenerateSpaceSubMesh.Prefix patch targets.
PATCH.Graphic_Multi_Init_Patch	patch	rendering	Generated zombie/apparel texture probing can detect missing multi-direction textures without polluting logs during suppressed probes.	Source/Patches.cs	not_applicable	Graphic_Multi_Init_Patch	zombieland/area_workflow_state actionMode:graphic-multi-texture	Graphic_Multi.Init	unknown	Replace vanilla missing-texture Log.Error calls with CaptureTextureError so generated texture probes can observe BadMat fallback while suppressing expected errors.	F.RENDERING.VISUALS	S-Hostility-Area-Workflow;S-Visual-Lineup;S-Source-Patch-Audit	SOURCE_AUDIT;RW16_TARGET_AUDIT;CONTRACT_RUNTIME;LOG_CLEAN	contract_runtime	resolved	TEST_PATCH_AUDIT.md semantic-runtime row;TEST_COVERAGE.md graphic-multi evidence;TEST_SCENARIOS.md render-node/graphic evidence;decompiler 2026-06-01	No open suppressed missing-texture capture gap remains; unsuppressed Patches.Error branch is intentionally source-covered to keep regression logs clean.	Patch row owns target shape and helper capture semantics only; generated apparel/visual behavior belongs to F.RENDERING.VISUALS.	RimWorld 1.6 decompiler resolved Graphic_Multi.Init 06003813; vanilla still logs an error then assigns BaseContent.BadMat when textures are missing. Runtime graphic-multi probe covered suppressed missing path, valid human body path and direct suppressed CaptureTextureError with clean logs.
PATCH.Verb_TryStartCastOn_Patch	patch	core_zombie	Raging and former-map-pawn zombies reduce ranged warmup time by local zombie density while humans and non-raging zombies keep vanilla warmup.	Source/Patches.cs	not_applicable	Verb_TryStartCastOn_Patch	zombieland/area_workflow_state actionMode:warmup-scaling	Verb.TryStartCastOn	unknown	Replace the warmup SecondsToTicks conversion with ModifyTicks so only raging/former zombie casters divide warmup by current grid zombie count.	C.SPECIAL.ZOMBIES	S-Hostility-Area-Workflow;S-Special-Gauntlet;S-Source-Patch-Audit	SOURCE_AUDIT;RW16_TARGET_AUDIT;CONTRACT_RUNTIME;SCENARIO_RUNTIME;LOG_CLEAN	contract_runtime	resolved	TEST_PATCH_AUDIT.md semantic-runtime row;TEST_COVERAGE.md warmup-scaling evidence;TEST_SCENARIOS.md warmup-scaling evidence;decompiler 2026-06-01	No open warmup-scaling gap remains; rerun if RimWorld changes TryStartCastOn warmup stance setup or Zombieland raging/former-map-pawn rules.	Patch row owns target shape and hook intent only; combat behavior remains with special/hostility scenarios.	RimWorld 1.6 decompiler resolved six-parameter TryStartCastOn 060057BB; vanilla still computes (WarmupTime * statValue).SecondsToTicks before Stance_Warmup. Runtime evidence proved human and non-raging zombie stay at 120 ticks, raging count 4 becomes 30, and former-map-pawn count 5 becomes 24.
PATCH.StatExtension_GetStatValue_Patch	patch	core_zombie	Zombieland pawns report custom movement, melee, dodge, pain-shock and temperature stats while ordinary pawns pass through vanilla stat workers.	Source/Patches.cs	not_applicable	StatExtension_GetStatValue_Patch	zombieland/area_workflow_state actionMode:zombie-stats	StatExtension.GetStatValue	unknown	Prefix core stat reads for Zombie instances and preserve vanilla worker values for non-zombies and ignored optional stats; spitter IncomingDamageFactor should remain vanilla.	C.CORE.ZOMBIE_LOOP	S-Special-Gauntlet;S-Hostility-Area-Workflow;S-Source-Patch-Audit	SOURCE_AUDIT;RW16_TARGET_AUDIT;CONTRACT_RUNTIME;SCENARIO_RUNTIME;LOG_CLEAN	contract_runtime	resolved	TEST_PATCH_AUDIT.md resolved-runtime row;TEST_COVERAGE.md zombie-stat evidence;TEST_SCENARIOS.md zombie-stat evidence;decompiler 2026-06-01	No open active-core zombie-stat gap remains; optional SmokeSensitivity/Suppressability ignored-stat branches remain source-covered because those defs are absent in the earlier Core-only setup.	Patch row owns target shape and stat branch matrix only; player-facing special behavior belongs to core/special scenarios.	RimWorld 1.6 decompiler resolved GetStatValue 0601386E as a direct stat.Worker.GetValue wrapper. Runtime zombie-stat evidence covered ordinary pass-through, Fat/Thin/Hulk/tanky/roped crawler movement, melee hit, dodge, pain shock, tanky temperature bounds and spitter IncomingDamageFactor=1 with clean logs; spitter health/damage regression evidence now belongs to DamageWorker_AddInjury_ApplyDamageToPart_Patch.
PATCH.AreaManager_CanMakeNewAllowed_Patch	patch	ui	Zombieland-managed area workflows can create the expected custom allowed areas without the vanilla area-count cap blocking them.	Source/ZombieAreaManager.cs	not_applicable	AreaManager_Patches.CanMakeNewAllowed	zombieland/area_workflow_state	AreaManager.CanMakeNewAllowed	unknown	Override vanilla allowed-area creation limits for Zombieland risk-area management.	E.HOSTILITY.TARGETING	S-Hostility-Area-Workflow;S-Settings-Persistence;S-Defense-Room	SOURCE_AUDIT;RW16_TARGET_AUDIT;CONTRACT_RUNTIME;VISUAL_UI;LOG_CLEAN	contract_runtime	resolved	TEST_PATCH_AUDIT.md area workflow;TEST_COVERAGE.md area workflow;decompiler 2026-05-31	No open area-creation limit gap remains; rerun only if RimWorld changes AreaManager.CanMakeNewAllowed or Zombieland area setup changes.	Patch row owns target shape and hook intent only; player flow belongs to S-Hostility-Area-Workflow.	Current decompiler shows RimWorld 1.6 CanMakeNewAllowed still counts Area_Allowed entries against 10; live area workflow evidence proved canMakeNewAllowed and TryMakeNewAllowed stayed true while refreshing the five ZL_Area_* fixture areas.
PATCH.AreaManager_SortAreas_Patch	patch	ui	Zombieland custom area ordering survives vanilla area sorting.	Source/ZombieAreaManager.cs	not_applicable	AreaManager_Patches.SortAreas	zombieland/area_workflow_state	AreaManager.SortAreas	unknown	Preserve Zombieland-managed area order across AreaManager.SortAreas calls.	E.HOSTILITY.TARGETING	S-Hostility-Area-Workflow;S-Settings-Persistence;S-Defense-Room	SOURCE_AUDIT;RW16_TARGET_AUDIT;CONTRACT_RUNTIME;VISUAL_UI;LOG_CLEAN	contract_runtime	resolved	TEST_PATCH_AUDIT.md area workflow;TEST_COVERAGE.md area workflow;decompiler 2026-05-31	No open area-sort ordering gap remains; rerun only if RimWorld changes AreaManager.SortAreas or custom risk-area ordering.	Patch row owns target shape and hook intent only; player flow belongs to S-Hostility-Area-Workflow.	Current decompiler shows RimWorld 1.6 SortAreas still sorts by ListPriority; live area workflow evidence captured custom area order before and after SortAreas and returned sortPreserved=true.
PATCH.Dialog_ManageAreas_Constructor_Patch	patch	ui	Opening Manage Areas resets stale selected area UI state before rendering Zombieland risk rows.	Source/ZombieAreaManager.cs	not_applicable	Dialog_ManageAreas_Patches.Constructor	zombieland/area_workflow_state	Dialog_ManageAreas..ctor(Map)	unknown	Clear selected area, selected index and scroll state when the real manage-areas dialog is constructed.	E.HOSTILITY.TARGETING	S-Hostility-Area-Workflow;S-Settings-Persistence;S-Defense-Room	SOURCE_AUDIT;RW16_TARGET_AUDIT;CONTRACT_RUNTIME;VISUAL_UI;LOG_CLEAN	contract_runtime	resolved	TEST_PATCH_AUDIT.md area workflow;TEST_COVERAGE.md area workflow;decompiler 2026-05-31	No open manage-areas constructor reset gap remains; rerun only if RimWorld changes Dialog_ManageAreas construction or Zombieland dialog state.	Patch row owns target shape and hook intent only; player flow belongs to S-Hostility-Area-Workflow.	Current decompiler shows RimWorld 1.6 Dialog_ManageAreas..ctor(Map) still initializes the map and window flags; live area workflow evidence dirtied selected area, selected index and scroll position before construction and proved constructorReset=true.
PATCH.Dialog_ManageAreas_DoWindowContents_Patch	patch	ui	The real Manage Areas dialog renders Zombieland risk rows, selection and mode/color controls.	Source/ZombieAreaManager.cs	not_applicable	Dialog_ManageAreas_Patches.Prefix	zombieland/area_workflow_state;rimworld/get_ui_layout;rimworld/take_screenshot	Dialog_ManageAreas.DoWindowContents	unknown	Replace the vanilla mutable-area row listing with Zombieland risk-management UI while keeping real dialog construction and close behavior.	E.HOSTILITY.TARGETING	S-Hostility-Area-Workflow;S-Settings-Persistence;S-Defense-Room	SOURCE_AUDIT;RW16_TARGET_AUDIT;CONTRACT_RUNTIME;VISUAL_UI;LOG_CLEAN	contract_runtime	resolved	TEST_PATCH_AUDIT.md area workflow;TEST_COVERAGE.md area workflow;coverage/ZL_UI_SURFACE_INDEX.tsv;decompiler 2026-05-31	No open Manage Areas rendering gap remains; rerun only if RimWorld changes Dialog_ManageAreas.DoWindowContents or Zombieland area-row UI.	Patch row owns target shape and hook intent only; player flow belongs to S-Hostility-Area-Workflow.	Current decompiler shows RimWorld 1.6 DoWindowContents still iterates mutable map areas and calls DoAreaRow/NewArea; live area workflow opened the real dialog and screenshot zl_area_workflow_manage_areas__clip.png showed custom Zombieland rows, selected ZL_Area_ZombieInside, color sliders and Show Zombie Risk mode text.
PATCH.Messages_MessagesDoGUI_Patch	patch	ui	Dangerous-area warning UI must draw before ordinary live RimWorld messages.	Source/Patches.cs	not_applicable	Messages_MessagesDoGUI_Patch	zombieland/area_workflow_state actionMode:warning-ui;rimworld/take_screenshot	Messages.MessagesDoGUI()	unknown	Draw Zombieland dangerous-area alerts before vanilla iterates live messages.	E.HOSTILITY.TARGETING	S-Hostility-Area-Workflow;S-Settings-Persistence;S-Defense-Room	SOURCE_AUDIT;RW16_TARGET_AUDIT;CONTRACT_RUNTIME;VISUAL_UI;LOG_CLEAN	contract_runtime	resolved	TEST_PATCH_AUDIT.md warning UI row;TEST_COVERAGE.md warning UI evidence;TEST_SCENARIOS.md warning UI evidence;decompiler rimworld-1.6 2026-06-01	No open warning ordering gap remains; rerun only if RimWorld changes Messages.MessagesDoGUI layout or Zombieland dangerous-area alert drawing.	Patch row owns target shape and hook intent only; player flow belongs to S-Hostility-Area-Workflow.	Runtime warning UI evidence created colonist-inside and zombie-inside danger entries plus a real live message; screenshot zl_area_warning_ui.png placed the warning immediate window at y=3 and the normal message at y=43. Decompiler confirms 1.6 MessagesDoGUI still starts from MessagesTopLeftStandard, applies lesson offset, calls each live message Draw, and increments y by 26.
PATCH.Message_Draw_Patch	patch	ui	Ordinary live RimWorld messages must shift down while a Zombieland dangerous-area warning is showing.	Source/Patches.cs	not_applicable	Message_Draw_Patch	zombieland/area_workflow_state actionMode:warning-ui;rimworld/take_screenshot	Message.Draw(Int32, Int32)	unknown	Increase the incoming message y offset by 29 only while ZombieAreaManager.warningShowing is true.	E.HOSTILITY.TARGETING	S-Hostility-Area-Workflow;S-Settings-Persistence;S-Defense-Room	SOURCE_AUDIT;RW16_TARGET_AUDIT;CONTRACT_RUNTIME;VISUAL_UI;LOG_CLEAN	contract_runtime	resolved	TEST_PATCH_AUDIT.md warning UI row;TEST_COVERAGE.md warning UI evidence;TEST_SCENARIOS.md warning UI evidence;decompiler rimworld-1.6 2026-06-01	No open message-offset gap remains; rerun only if RimWorld changes Message.Draw y-offset semantics.	Patch row owns target shape and hook intent only; player flow belongs to S-Hostility-Area-Workflow.	Runtime direct installed-prefix probe proved no shift while warningShowing=false (16 -> 16) and the expected 29-pixel shift while true (16 -> 45), with screenshot evidence placing the live message below the warning strip. Decompiler confirms 1.6 Message.Draw still calculates its rect from the supplied x/y offsets before drawing the ImmediateWindow.
PATCH.Assets_LoadAssetBundle_Patch	patch	startup	Harmony patch Assets_LoadAssetBundle_Patch must preserve its semantic hook intent.	Source/Assets.cs	not_applicable	Assets_LoadAssetBundle_Patch	see owning feature/scenario row	asset bundle loading;MacOS Resources/MacOS/zombieland	unknown	Load shaders/materials/effects under 1.6 platform folders.	A.STARTUP.LOAD	S-Source-Patch-Audit	SOURCE_AUDIT;RW16_TARGET_AUDIT;CONTRACT_RUNTIME;SCENARIO_RUNTIME;LOG_CLEAN	contract_runtime	resolved	EV.STATIC.RENDER_UI_ASSET_TAIL;TEST_PATCH_AUDIT.md startup/assets row;zombieland/startup_support_state	No open asset-bundle startup hook gap remains; rerun only if platform resource layout or UIRoot_Entry.Init startup timing changes.	Patch row owns target shape and hook intent only; player flow belongs to primary scenario.	Decompiler confirms UIRoot_Entry.Init still runs the entry startup path after base.Init, MainMenuDrawer.Init and quick-start/version checks; source selects Resources/Win64, Linux or MacOS/zombieland and runtime startup evidence proves asset/shader support.
PATCH.TimeControlService	patch	startup	Time-control UI changes dispatch exactly one service notification to Zombieland subscribers when current speed changes.	Source/Service.cs	not_applicable	TimeControlService	zombieland/startup_support_state	TimeControls.DoTimeControlsGUI(Rect)	unknown	Postprocess RimWorld time-control GUI after vanilla updates CurTimeSpeed and notify subscribers only on changed speed.	A.STARTUP.LOAD	S-Startup-ColdLoad;S-Defense-Room	SOURCE_AUDIT;RW16_TARGET_AUDIT;CONTRACT_RUNTIME;LOG_CLEAN	contract_runtime	resolved	TEST_PATCH_AUDIT.md row Source/Service.cs:12;TEST_COVERAGE.md startup evidence;decompiler rimworld-1.6 2026-06-01	No open time-control service dispatch gap remains; rerun only if RimWorld changes TimeControls.DoTimeControlsGUI or service subscribers change.	Patch row owns target shape and service dispatch only; player-facing subscriber behavior belongs to thumper/defense rows.	Runtime startup_support_state proved a temporary subscriber received exactly one Paused notification and no duplicate while speed was unchanged; decompiler confirms 1.6 DoTimeControlsGUI still owns button and hotkey writes to Find.TickManager.CurTimeSpeed through the time-control UI.
PATCH.ClearMapsService	patch	startup	Map/world cleanup dispatches Zombieland cleanup subscribers before destructive vanilla map/world clearing.	Source/Service.cs	not_applicable	ClearMapsService	zombieland/startup_support_state	MemoryUtility.ClearAllMapsAndWorld()	unknown	Run cleanup subscribers from the Zombieland prefix before vanilla clears live maps/world state.	A.STARTUP.LOAD	S-Startup-ColdLoad;S-Core-Horde-Loop	SOURCE_AUDIT;RW16_TARGET_AUDIT;CONTRACT_RUNTIME;LOG_CLEAN	contract_runtime	resolved	TEST_PATCH_AUDIT.md row Source/Service.cs:40;TEST_COVERAGE.md startup evidence;decompiler rimworld-1.6 2026-06-01	No open cleanup-dispatch gap remains; runtime deliberately avoids invoking destructive vanilla clear in a loaded fixture.	Patch row owns target shape and service dispatch only; player-facing cleanup belongs to reload/thumper cleanup scenarios.	Runtime startup_support_state invoked only the Zombieland prefix and proved one temporary subscriber cleanup callback; decompiler confirms 1.6 ClearAllMapsAndWorld still nulls map/world class fields, clears Find.Maps, resets currentMapIndex, and clears downstream caches.
PATCH.ParseHelper_FromString_Patch	patch	startup	Harmony patch ParseHelper_FromString_Patch must preserve its semantic hook intent.	Source/Patches_Startup.cs	not_applicable	ParseHelper_FromString_Patch	see owning feature/scenario row	ParseHelper.FromString	unknown	Migrate legacy enum settings strings.	A.STARTUP.LOAD	S-Source-Patch-Audit	SOURCE_AUDIT;RW16_TARGET_AUDIT;RW14_RW16_SEMANTIC_DIFF;CONTRACT_RUNTIME;SCENARIO_RUNTIME;LOG_CLEAN	contract_runtime	resolved	EV.STATIC.STARTUP_SERVICE_LIFECYCLE;TEST_PATCH_AUDIT.md row Source/Patches.cs:104;TEST_COVERAGE.md	No open parse-migration gap remains; rerun only if RimWorld ParseHelper enum parsing or Zombieland legacy AreaRiskMode values change.	Patch row owns target shape and hook intent only; player flow belongs to primary scenario.	RimWorld 1.6 non-generic ParseHelper.FromString still unwraps nullable types and parses enums through BackCompatibility.BackCompatibleEnum then Enum.Parse; runtime startup evidence proves IfInside/IfOutside migration.
PATCH.MainMenuDrawer_Init_Patch	patch	startup	Harmony patch MainMenuDrawer_Init_Patch must preserve its semantic hook intent.	Source/Patches_Startup.cs	not_applicable	MainMenuDrawer_Init_Patch	see owning feature/scenario row	MainMenuDrawer.Init	unknown	Show grouped patch-failure dialog only when grouped startup or optional patch state has failures.	A.STARTUP.LOAD	S-Source-Patch-Audit	SOURCE_AUDIT;RW16_TARGET_AUDIT;RW14_RW16_SEMANTIC_DIFF;CONTRACT_RUNTIME;SCENARIO_RUNTIME;LOG_CLEAN	contract_runtime	resolved	EV.STATIC.STARTUP_SERVICE_LIFECYCLE;TEST_PATCH_AUDIT.md row Source/Patches.cs:121;TEST_COVERAGE.md	No open normal-path main-menu startup gap remains; injected grouped-failure dialog is source-backed and should be tested only if startup-error handling changes.	Patch row owns target shape and hook intent only; player flow belongs to primary scenario.	RimWorld 1.6 MainMenuDrawer.Init kept save detection, countdown reset and background setup with only an added Anomaly translated-text cache; runtime startup support proves no grouped patch-failure dialog opens on the clean path.
PATCH.GlobalControlsUtility_DoDate_Patch	patch	ui	The top-right date stack includes Zombieland zombie count and dynamic threat forecast without overlapping vanilla date layout.	Source/Patches.cs	not_applicable	GlobalControlsUtility_DoDate_Patch	zombieland/incident_threat_state;rimworld/take_screenshot	GlobalControlsUtility.DoDate	unknown	Draw zombie-count, ticking-percent and dynamic-threat readouts after RimWorld's vanilla date readout adjusts curBaseY.	H.QUESTS.INCIDENTS	S-Incident-Threat;S-Visual-Lineup	SOURCE_AUDIT;RW16_TARGET_AUDIT;CONTRACT_RUNTIME;VISUAL_UI;LOG_CLEAN	contract_runtime	resolved	TEST_PATCH_AUDIT.md incident threat;TEST_COVERAGE.md incident evidence;coverage/ZL_UI_SURFACE_INDEX.tsv;decompiler 2026-05-31	No open top-right readout gap remains; rerun only if RimWorld changes GlobalControlsUtility.DoDate or Zombieland forecast UI.	Patch row owns target shape and hook intent only; player flow belongs to H.QUESTS.INCIDENTS.	Current decompiler shows RimWorld 1.6 DoDate still draws the DateReadout rect and decrements curBaseY; live incident-threat evidence proved right-aligned 1 Zombies and 0% threat level rects, tooltip placement and screenshot rendering with clean logs.
PATCH.Verse_TickManager_TickManagerUpdate_Patch	patch	core_zombie	Real-time ticking prepares adaptive zombie tick budgets and feedback for normal-speed horde play.	Source/Patches.cs	not_applicable	Verse_TickManager_TickManagerUpdate_Patch	zombieland/zombie_ticking_feedback_contract;zombieland/zombie_ticking_budget_contract;zombieland/dense_performance_state	TickManager.TickManagerUpdate	unknown	Reset and size ZombieTicker work before RimWorld normal-speed tick loops, then feed back actual zombie ticks after the frame.	C.CORE.ZOMBIE_LOOP	S-Core-Horde-Loop;S-Dense-Performance	SOURCE_AUDIT;RW16_TARGET_AUDIT;CONTRACT_RUNTIME;SCENARIO_RUNTIME;PERFORMANCE_SMOKE;LOG_CLEAN	contract_runtime	resolved	TEST_PATCH_AUDIT.md tick manager;TEST_SCENARIOS.md ticking feedback;decompiler 2026-05-31	No open TickManagerUpdate budget gap remains; rerun only if RimWorld changes TickManagerUpdate loop timing or ZombieTicker budget math.	Patch row owns target shape and hook intent only; player flow belongs to C.CORE.ZOMBIE_LOOP.	Current decompiler shows RimWorld 1.6 TickManagerUpdate still advances realTimeToTickThrough and loops DoSingleTick under tickRateMultiplier limits; live feedback and dense-performance evidence proved PercentTicking budget prep, feedback and 80-zombie normal-speed baseline.
PATCH.TickManager_DoSingleTick_Patch	patch	core_zombie	Each real RimWorld game tick dispatches the Zombieland zombie ticker exactly once.	Source/Patches.cs	not_applicable	TickManager_DoSingleTick_Patch	zombieland/zombie_ticking_feedback_contract;zombieland/zombie_ticking_budget_contract	TickManager.DoSingleTick	unknown	Run ZombieTicker.DoSingleTick after RimWorld's map/world/scenario tick pipeline.	C.CORE.ZOMBIE_LOOP	S-Core-Horde-Loop;S-Dense-Performance	SOURCE_AUDIT;RW16_TARGET_AUDIT;CONTRACT_RUNTIME;SCENARIO_RUNTIME;LOG_CLEAN	contract_runtime	resolved	TEST_PATCH_AUDIT.md tick manager;TEST_SCENARIOS.md ticking feedback;decompiler 2026-05-31	No open DoSingleTick dispatch gap remains; rerun only if RimWorld changes DoSingleTick ownership of map/world ticks or ZombieTicker dispatch.	Patch row owns target shape and hook intent only; player flow belongs to C.CORE.ZOMBIE_LOOP.	Current decompiler shows RimWorld 1.6 DoSingleTick still owns map pre-tick, game tick increment, normal/rare/long tick lists, date/scenario/world tick and downstream systems; live feedback evidence proved one real DoSingleTick selected five live zombies at PercentTicking=0.25.
PATCH.Verse_TickManager_NothingHappeningInGame_Patch	patch	core_zombie	Pending zombie spawns prevent RimWorld from treating the game as idle.	Source/Patches.cs	not_applicable	Verse_TickManager_NothingHappeningInGame_Patch	zombieland/zombie_ticking_budget_contract	TickManager.NothingHappeningInGame	unknown	Force the private idle check false while ZombieGenerator has pending zombie spawns.	C.CORE.ZOMBIE_LOOP	S-Core-Horde-Loop;S-Incident-Threat	SOURCE_AUDIT;RW16_TARGET_AUDIT;CONTRACT_RUNTIME;SCENARIO_RUNTIME;LOG_CLEAN	contract_runtime	resolved	TEST_PATCH_AUDIT.md tick manager;TEST_COVERAGE.md ticking budget evidence;decompiler 2026-05-31	No open pending-spawn idle gate remains; rerun only if RimWorld changes NothingHappeningInGame or Zombieland spawn scheduling.	Patch row owns target shape and hook intent only; player flow belongs to C.CORE.ZOMBIE_LOOP.	Current decompiler shows RimWorld 1.6 NothingHappeningInGame still caches idle state after scanning player pawns and home-map danger; live ticking-budget evidence proved ZombiesSpawning=0 returned true in the quiet fixture and ZombiesSpawning=1 forced false.
PATCH.WorldPawns_ShouldMothball_Patch	patch	core_zombie	World-pawn cleanup does not mothball Zombieland zombies.	Source/Patches.cs	not_applicable	WorldPawns_ShouldMothball_Patch	zombieland/zombie_records_suppression	WorldPawns.ShouldMothball	unknown	Prevent Zombieland zombies from entering vanilla world-pawn mothballing while ordinary pawns keep vanilla behavior.	C.CORE.ZOMBIE_LOOP	S-Core-Horde-Loop	SOURCE_AUDIT;RW16_TARGET_AUDIT;CONTRACT_RUNTIME;SAVE_LOAD;LOG_CLEAN	contract_runtime	resolved	TEST_PATCH_AUDIT.md mothball evidence;TEST_COVERAGE.md records suppression;decompiler 2026-05-31	No open world-pawn mothball gap remains; rerun only if RimWorld changes WorldPawns.ShouldMothball or zombie world-pawn ownership.	Patch row owns target shape and hook intent only; player flow belongs to C.CORE.ZOMBIE_LOOP.	Current decompiler shows RimWorld 1.6 ShouldMothball still returns true when no def/caravan/transport-pod condition prevents mothballing; live records-suppression evidence proved human control true and normal zombie false.
PATCH.InfestationCellFinder_CalculateLocationCandidates_Patch	patch	buildings_items	Active ZombieThumpers remove infestation candidate cells inside their radius.	Source/Patches.cs	not_applicable	InfestationCellFinder_CalculateLocationCandidates_Patch.CalculateLocationCandidates_Prefix	zombieland/defense_room_state actionMode:infestationThumper	InfestationCellFinder.CalculateLocationCandidates	unknown	Cache active thumpers before RimWorld scans every map cell and calls GetScoreAt for infestation candidates.	J.BUILDINGS.ITEMS	S-Defense-Room;H.QUESTS.INCIDENTS	SOURCE_AUDIT;RW16_TARGET_AUDIT;CONTRACT_RUNTIME;SCENARIO_RUNTIME;LOG_CLEAN	contract_runtime	resolved	TEST_PATCH_AUDIT.md infestation thumper;TEST_SCENARIOS.md defense-room thumper;decompiler 2026-05-31	No open thumper candidate-list gap remains; full storyteller infestation firing remains additive.	Patch row owns target shape and hook intent only; player flow belongs to J.BUILDINGS.ITEMS.	Current decompiler shows RimWorld 1.6 CalculateLocationCandidates still recalculates grids then calls GetScoreAt for each map cell; live defense-room evidence proved active thumper reduced inside-radius candidates from 148 to 0.
PATCH.InfestationCellFinder_GetScoreAt_Patch	patch	buildings_items	Active ZombieThumpers zero vanilla-positive infestation cell scores inside their radius.	Source/Patches.cs	not_applicable	InfestationCellFinder_CalculateLocationCandidates_Patch.GetScoreAt_Prefix	zombieland/defense_room_state actionMode:infestationThumper	InfestationCellFinder.GetScoreAt	unknown	Return score 0 before vanilla positive-score logic for cells inside an active thumper radius.	J.BUILDINGS.ITEMS	S-Defense-Room;H.QUESTS.INCIDENTS	SOURCE_AUDIT;RW16_TARGET_AUDIT;CONTRACT_RUNTIME;SCENARIO_RUNTIME;LOG_CLEAN	contract_runtime	resolved	TEST_PATCH_AUDIT.md infestation thumper;TEST_SCENARIOS.md defense-room thumper;decompiler 2026-05-31	No open thumper GetScoreAt gap remains; full storyteller infestation firing remains additive.	Patch row owns target shape and hook intent only; player flow belongs to J.BUILDINGS.ITEMS.	Current decompiler shows RimWorld 1.6 GetScoreAt still gates by colony distance, walkability, fog, thick roof, region, temperature and mountainousness before positive score; live defense-room evidence used cell (110,99), scoring 13.9857321 inactive and 0 active.
PATCH.Pawn_Tick_Patch	patch	core_zombie	Human infection state and contamination effectiveness are synchronized through the real pawn tick path.	Source/Patches.cs	not_applicable	Pawn_Tick_Patch	zombieland/infection_medical_state;zombieland/contamination_core_contract	Pawn.Tick	unknown	After ThingWithComps.Tick, update human zombie-bite infection state and optionally throttle post-base pawn ticking by contamination effectiveness.	I.INFECTION.MEDICAL	S-Infection-Medical;C0-state-serializer;S-Core-Horde-Loop	SOURCE_AUDIT;RW16_TARGET_AUDIT;CONTRACT_RUNTIME;SCENARIO_RUNTIME;SAVE_LOAD;LOG_CLEAN	contract_runtime	resolved	TEST_PATCH_AUDIT.md pawn tick;TEST_SCENARIOS.md infection-medical pawn tick;decompiler 2026-05-31	No open Pawn.Tick infection/contamination gate remains; rerun only if RimWorld changes Pawn.Tick base-call position or post-base tick ordering.	Patch row owns target shape and hook intent only; player flows belong to I.INFECTION.MEDICAL and contamination rows.	Current decompiler shows RimWorld 1.6 Pawn.Tick still calls base.Tick() before rare ticks, pather, verbs, jobs, health, equipment, inventory and render effecters; live infection-medical evidence proved final-stage bite state sync and contamination-throttled chainsaw fuel consumption over 40 real Pawn.Tick calls.
PATCH.PathFinder_CreateRequest_Patch	patch	pathing	Async path requests for pawns that avoid zombies receive a Zombieland avoid-grid customizer when no caller customizer exists.	Source/Patches.cs	not_applicable	PathFinder_CreateRequest_Patch	zombieland/avoid_grid_costs_route_new_path	PathFinder.CreateRequest	unknown	Inject ZombieAvoidGridPathCustomizer into the exact RimWorld 1.6 PathRequest construction overload without replacing caller-provided customizers.	D.PATHING.DOOR_AVOIDANCE	S-Hostility-Area-Workflow;S-Core-Horde-Loop	SOURCE_AUDIT;RW16_TARGET_AUDIT;CONTRACT_RUNTIME;LOG_CLEAN	contract_runtime	resolved	TEST_PATCH_AUDIT.md avoid-grid pathing;TEST_COVERAGE.md pathing evidence;decompiler 2026-05-31 exact overload	No open async path-request injection gap remains; rerun only if RimWorld changes PathFinder.CreateRequest overloads or customizer ownership.	Patch row owns target shape and hook intent only; player flow belongs to D.PATHING.DOOR_AVOIDANCE.	Current decompiler resolved exact overload 060025A2: it constructs new PathRequest(..., customizer); live avoid-grid evidence proved no-caller-customizer requests receive ZombieAvoidGridPathCustomizer while caller customizers are preserved.
PATCH.PathFinder_FindPathNow_Patch	patch	pathing	Synchronous pawn paths account for Zombieland avoid-grid costs and dispose temporary customizers.	Source/Patches.cs	not_applicable	PathFinder_FindPathNow_Patch	zombieland/avoid_grid_costs_route_new_path	PathFinder.FindPathNow	unknown	Add a temporary avoid-grid customizer to synchronous pathfinding when appropriate, then dispose it after the path call.	D.PATHING.DOOR_AVOIDANCE	S-Hostility-Area-Workflow;S-Core-Horde-Loop	SOURCE_AUDIT;RW16_TARGET_AUDIT;CONTRACT_RUNTIME;LOG_CLEAN	contract_runtime	resolved	TEST_PATCH_AUDIT.md avoid-grid pathing;TEST_COVERAGE.md pathing evidence;decompiler 2026-05-31 exact overload	No open synchronous avoid-grid path gap remains; rerun only if RimWorld changes FindPathNow customizer flow.	Patch row owns target shape and hook intent only; player flow belongs to D.PATHING.DOOR_AVOIDANCE.	Current decompiler resolved exact overload 060025A6: it creates a PathRequest with the customizer, validates it, runs grid/path jobs and resolves not-found paths; live evidence routed a colonist path away from a tracking zombie and reduced avoid cells from 11 to 0.
PATCH.PathRequest_Resolve_Patch	patch	pathing	Injected async avoid-grid customizers are disposed when path requests resolve.	Source/Patches.cs	not_applicable	PathRequest_Resolve_Patch	zombieland/avoid_grid_costs_route_new_path	PathRequest.Resolve	unknown	Dispose Zombieland-owned customizer grids after request completion because vanilla Resolve stores path/found state only.	D.PATHING.DOOR_AVOIDANCE	S-Hostility-Area-Workflow;S-Core-Horde-Loop	SOURCE_AUDIT;RW16_TARGET_AUDIT;CONTRACT_RUNTIME;LOG_CLEAN	contract_runtime	resolved	TEST_PATCH_AUDIT.md avoid-grid pathing;TEST_COVERAGE.md pathing evidence;decompiler 2026-05-31 exact method	No open async Resolve cleanup gap remains; rerun only if RimWorld changes PathRequest.Resolve lifecycle.	Patch row owns target shape and hook intent only; player flow belongs to D.PATHING.DOOR_AVOIDANCE.	Current decompiler resolved exact method 06002602: Resolve records found/path or disposes the supplied path and never disposes customizer; live evidence proved injected customizer grid was created before Resolve(null) and disposed afterward.
PATCH.PathRequest_Dispose_Patch	patch	pathing	Injected async avoid-grid customizers are disposed when path requests are cancelled or disposed.	Source/Patches.cs	not_applicable	PathRequest_Dispose_Patch	zombieland/avoid_grid_costs_route_new_path	PathRequest.Dispose	unknown	Dispose Zombieland-owned customizer grids when RimWorld disposes a request, without disposing caller-owned customizers.	D.PATHING.DOOR_AVOIDANCE	S-Hostility-Area-Workflow;S-Core-Horde-Loop	SOURCE_AUDIT;RW16_TARGET_AUDIT;CONTRACT_RUNTIME;LOG_CLEAN	contract_runtime	resolved	TEST_PATCH_AUDIT.md avoid-grid pathing;TEST_COVERAGE.md pathing evidence;decompiler 2026-05-31 exact method	No open async Dispose cleanup gap remains; rerun only if RimWorld changes PathRequest.Dispose lifecycle.	Patch row owns target shape and hook intent only; player flow belongs to D.PATHING.DOOR_AVOIDANCE.	Current decompiler resolved exact method 06002606: Dispose only marks cancelled and disposes path; live evidence proved injected customizer disposed on request Dispose while caller customizer remained caller-owned.
PATCH.Pawn_PathFollower_NeedNewPath_Patch	patch	pathing	Colonists recalculate an already-started path when zombie danger appears ahead on the path.	Source/Patches.cs	not_applicable	Pawn_PathFollower_NeedNewPath_Patch	zombieland/avoid_grid_interrupts_existing_path	Pawn_PathFollower.NeedNewPath	unknown	Return true early when an avoid-grid danger cell is found far enough ahead on the current path.	D.PATHING.DOOR_AVOIDANCE	S-Hostility-Area-Workflow;S-Core-Horde-Loop	SOURCE_AUDIT;RW16_TARGET_AUDIT;CONTRACT_RUNTIME;LOG_CLEAN	contract_runtime	resolved	TEST_PATCH_AUDIT.md avoid-grid interruption;TEST_COVERAGE.md pathing evidence;decompiler 2026-05-31	No open existing-path interruption gap remains; broader endurance reruns should be named separately.	Patch row owns target shape and hook intent only; player flow belongs to D.PATHING.DOOR_AVOIDANCE.	Current decompiler shows RimWorld 1.6 NeedNewPath still checks destination validity, reachability, path nodes and collision; live evidence spawned danger beside the fourth lookahead cell and observed NeedNewPath false -> true with avoidCost=972.
PATCH.GenSpawn_SpawningWipes_Patch	patch	buildings_items	Zombie shockers can be placed over walls and doors without wiping their support building.	Source/Patches.cs	not_applicable	GenSpawn_SpawningWipes_Patch	zombieland/defense_room_state	GenSpawn.SpawningWipes	unknown	Block vanilla edifice-wiping behavior for ZombieShocker placement over existing buildings while preserving ordinary wipe behavior.	J.BUILDINGS.ITEMS	S-Defense-Room	SOURCE_AUDIT;RW16_TARGET_AUDIT;CONTRACT_RUNTIME;SCENARIO_RUNTIME;LOG_CLEAN	contract_runtime	resolved	TEST_PATCH_AUDIT.md defense-room placement;TEST_COVERAGE.md defense-room evidence;decompiler 2026-05-31	No open shocker placement wipe gap remains; rerun only if RimWorld changes GenSpawn.SpawningWipes or shocker placement rules.	Patch row owns target shape and hook intent only; player flow belongs to J.BUILDINGS.ITEMS.	Current decompiler shows RimWorld 1.6 SpawningWipes still compares new and old buildable defs across categories, frames and edifices; live defense-room evidence proved ZombieShocker over Wall/Door returned false while Wall over Wall control returned true.
PATCH.Building_Door_Tick_Patch	patch	pathing	Albino zombies do not hold open doors through vanilla pawn-occupancy auto-close checks.	Source/Patches.cs	not_applicable	Building_Door_Tick_Patch	zombieland/albino_does_not_hold_door_open	Building_Door.Tick	unknown	Replace the door tick's ThingGrid.CellContains pawn check so albino zombies do not reset auto-close delay.	D.PATHING.DOOR_AVOIDANCE	S-Hostility-Area-Workflow;S-Defense-Room	SOURCE_AUDIT;RW16_TARGET_AUDIT;CONTRACT_RUNTIME;LOG_CLEAN	contract_runtime	resolved	TEST_PATCH_AUDIT.md door tick;TEST_COVERAGE.md door evidence;decompiler 2026-05-31	No open albino door auto-close gap remains; visual door animation evidence remains optional.	Patch row owns target shape and hook intent only; player flow belongs to D.PATHING.DOOR_AVOIDANCE.	Current decompiler shows RimWorld 1.6 Building_Door.Tick still checks each occupied cell with map.thingGrid.CellContains(..., Pawn); live evidence proved a normal zombie reset auto-close 10->109 while an albino door ticked 10->9.
PATCH.Building_Door_StartManualCloseBy_Patch	patch	pathing	Zombies cannot trigger manual door close requests.	Source/Patches.cs	not_applicable	Building_Door_StartManualCloseBy_Patch	zombieland/zombie_manual_door_close_ignored	Building_Door.StartManualCloseBy	unknown	Suppress manual close initiation when the closer is a Zombieland zombie while ordinary pawns use vanilla behavior.	D.PATHING.DOOR_AVOIDANCE	S-Hostility-Area-Workflow;S-Defense-Room	SOURCE_AUDIT;RW16_TARGET_AUDIT;CONTRACT_RUNTIME;LOG_CLEAN	contract_runtime	resolved	TEST_PATCH_AUDIT.md manual close;TEST_COVERAGE.md door evidence;decompiler 2026-05-31	No open zombie manual-close gap remains; rerun only if RimWorld changes Building_Door.StartManualCloseBy.	Patch row owns target shape and hook intent only; player flow belongs to D.PATHING.DOOR_AVOIDANCE.	Current decompiler shows RimWorld 1.6 StartManualCloseBy still sets ticksUntilClose to CloseDelayAdjusted; live evidence proved a normal zombie left sentinel 12345 unchanged while colonist changed it to 110.
PATCH.JobDriver_DriverTick_Patch	patch	pathing	Undrafted colonist jobs are interrupted into flee jobs when active zombie danger catches them, while drafted and disabled-setting cases remain stable.	Source/Patches.cs	not_applicable	JobDriver_DriverTick_Patch	zombieland/area_workflow_state actionMode:behavior;zombieland/settings_state actionMode:behavior	JobDriver.DriverTick	unknown	After each driver tick, convert eligible active-colony jobs in avoid danger into player-forced Flee, honoring drafted, forced, downed, mental-state and setting gates.	D.PATHING.DOOR_AVOIDANCE	S-Hostility-Area-Workflow;S-Settings-Persistence	SOURCE_AUDIT;RW16_TARGET_AUDIT;CONTRACT_RUNTIME;PLAYER_FLOW;LOG_CLEAN	contract_runtime	resolved	TEST_PATCH_AUDIT.md job interruption;TEST_COVERAGE.md settings behavior;decompiler 2026-05-31	No open ordinary job-interruption gap remains; mental-state/downed/vomit exemptions are lower-priority named variants only.	Patch row owns target shape and hook intent only; player flow belongs to D.PATHING.DOOR_AVOIDANCE and B.SETTINGS.WORLD_DEFAULTS.	Current decompiler shows RimWorld 1.6 DriverTick still runs current-toil tick actions and job-transition checks for the driver pawn; live evidence proved drafted exemption, Wait_Combat/AttackMelee interruption and autoAvoidZombies=false negative gate.
PATCH.JobGiver_ConfigurableHostilityResponse_TryGetAttackNearbyEnemyJob_Patch	patch	hostility	Colonists in forced flee do not auto-attack zombies, while active electrifiers can be treated as reachable by the nearby-enemy job logic.	Source/Patches.cs	not_applicable	JobGiver_ConfigurableHostilityResponse_TryGetAttackNearbyEnemyJob_Patch	zombieland/area_workflow_state actionMode:behavior	JobGiver_ConfigurableHostilityResponse.TryGetAttackNearbyEnemyJob	unknown	Block nearby auto-attack while fleeing and replace melee reach checks for active electrifier handling.	E.HOSTILITY.TARGETING	S-Hostility-Area-Workflow;S-Special-Gauntlet	SOURCE_AUDIT;RW16_TARGET_AUDIT;CONTRACT_RUNTIME;LOG_CLEAN	contract_runtime	resolved	TEST_PATCH_AUDIT.md hostility response;TEST_COVERAGE.md behavior evidence;decompiler 2026-05-31	No open forced-flee auto-attack or active-electrifier reach gap remains; rerun only if RimWorld changes the private nearby-enemy job method.	Patch row owns target shape and hook intent only; player flow belongs to E.HOSTILITY.TARGETING.	Current decompiler shows RimWorld 1.6 TryGetAttackNearbyEnemyJob still finds nearby threats, checks melee/CanReachImmediate and returns AttackMelee/AttackStatic jobs; live evidence proved forced-flee prefix block and active-electrifier reach override against far normal-zombie control.
PATCH.JobGiver_ConfigurableHostilityResponse_TryGetFleeJob_Patch	patch	hostility	FleeAndCower jobs caused by Zombieland threats should retarget into assigned allowed areas when possible.	Source/Patches.cs	not_applicable	JobGiver_ConfigurableHostilityResponse_TryGetFleeJob_Patch	zombieland/area_workflow_state actionMode:behavior	JobGiver_ConfigurableHostilityResponse.TryGetFleeJob	unknown	Retarget configurable-hostility flee-and-cower destinations for Zombieland threats.	E.HOSTILITY.TARGETING	S-Hostility-Area-Workflow	SOURCE_AUDIT;RW16_TARGET_AUDIT;CONTRACT_RUNTIME;SCENARIO_RUNTIME;LOG_CLEAN	contract_runtime	resolved	TEST_SCENARIOS.md behavior evidence 2026-06-01;TEST_COVERAGE.md area behavior evidence	No open FleeAndCower assigned-area retargeting gap remains; rerun only if RimWorld changes the private TryGetFleeJob target or assigned-area flee policy.	Patch row owns target shape and hook intent only; player flow belongs to E.HOSTILITY.TARGETING.	Runtime behavior evidence proved JobGiver_ConfigurableHostilityResponse.TryGetFleeJob/FleeUtility.FleeJob retargeting for Zombieland threats: vanilla chose an outside-area flee destination, while the patched FleeAndCower job used an inside-area cell and an already-running old outside target was retargeted after one tick.
PATCH.DangerUtility_GetDangerFor_Patch	patch	pathing	Avoid-grid danger can escalate cell danger for colony pawns and is suppressed for player-forced jobs.	Source/Patches.cs	not_applicable	DangerUtility_GetDangerFor_Patch	zombieland/area_workflow_state actionMode:behavior	DangerUtility.GetDangerFor	unknown	Return Deadly danger for cells in Zombieland avoid danger unless the pawn's current job is player-forced.	D.PATHING.DOOR_AVOIDANCE	S-Hostility-Area-Workflow	SOURCE_AUDIT;RW16_TARGET_AUDIT;CONTRACT_RUNTIME;LOG_CLEAN	contract_runtime	resolved	TEST_PATCH_AUDIT.md danger utility;TEST_COVERAGE.md area behavior;decompiler 2026-05-31	No open avoid-grid danger escalation gap remains; mixed-faction negatives can be sampled in future combat variants.	Patch row owns target shape and hook intent only; player flow belongs to D.PATHING.DOOR_AVOIDANCE.	Current decompiler shows RimWorld 1.6 DangerUtility.GetDangerFor still returns region danger for the pawn's held map; live evidence proved avoidCost=972 yielded Deadly and player-forced job yielded None.
PATCH.Pawn_PathFollower_StartPath_Patch	patch	pathing	Zombieland downed-display semantics do not force health-downed zombies into vanilla standing posture or destroyed-target errors.	Source/Patches.cs	not_applicable	Pawn_PathFollower_StartPath_Patch	zombieland/avoid_grid_costs_route_new_path	Pawn_PathFollower.StartPath	unknown	Suppress destroyed-zombie target warnings and keep health-downed zombie posture laying when public Pawn.Downed is hidden for double-tap behavior.	D.PATHING.DOOR_AVOIDANCE	S-Core-Horde-Loop;S-Hostility-Area-Workflow	SOURCE_AUDIT;RW16_TARGET_AUDIT;RW14_RW16_SEMANTIC_DIFF;CONTRACT_RUNTIME;LOG_CLEAN	contract_runtime	resolved	TEST_PATCH_AUDIT.md StartPath;TEST_COVERAGE.md StartPath evidence;decompiler 2026-05-31	No open StartPath posture/destroyed-target gap remains; rerun only if RimWorld changes StartPath posture assignment or destroyed-target handling.	Patch row owns target shape and hook intent only; player flow belongs to D.PATHING.DOOR_AVOIDANCE.	Current decompiler shows RimWorld 1.6 StartPath still has destroyed-target logging and pawn.jobs.posture = Standing; live evidence fixed the stale transpiler anchor and proved destroyed zombie targets emitted no warning while health-downed zombie pathing kept posture LayingMask.
PATCH.FactionGenerator_GenerateFactionsIntoWorldLayer_Patch	patch	startup	New worlds include the hidden zombie faction exactly once in the generated faction-def list.	Source/Patches.cs	not_applicable	FactionGenerator_GenerateFactionsIntoWorldLayer_Patch	zombieland/zombie_faction_world_contract	FactionGenerator.GenerateFactionsIntoWorldLayer	unknown	Add ZombieDefOf.Zombies to supplied faction-def lists before RimWorld initializes factions for a world layer.	A.STARTUP.LOAD	S-Startup-ColdLoad;S-Incident-Threat	SOURCE_AUDIT;RW16_TARGET_AUDIT;CONTRACT_RUNTIME;LOG_CLEAN	contract_runtime	resolved	TEST_PATCH_AUDIT.md faction world;TEST_COVERAGE.md faction evidence;decompiler 2026-05-31	No open new-world zombie-faction list gap remains; rerun only if RimWorld changes faction generation list flow.	Patch row owns target shape and hook intent only; player flow belongs to startup/world scenario rows.	Current decompiler shows RimWorld 1.6 GenerateFactionsIntoWorldLayer still calls InitializeFactions(layer, factions); runtime proved empty list -> Zombies, existing Zombies stayed single, null list accepted, and loaded EMPTY has exactly one zombie faction with clean logs.
PATCH.FactionManager_ExposeData_Patch	patch	save_load	Existing saves gain the zombie faction with symmetric hostile relations if it is missing.	Source/Patches.cs	not_applicable	FactionManager_ExposeData_Patch	zombieland/zombie_faction_world_contract;zombieland/zombie_faction_pawn_generation_contract	FactionManager.ExposeData	unknown	After load-time faction scribing, add the Zombies faction and hostile reciprocal relations when absent.	A.STARTUP.LOAD	S-Startup-ColdLoad;S-Incident-Threat;S-Core-Horde-Loop	SOURCE_AUDIT;RW16_TARGET_AUDIT;CONTRACT_RUNTIME;SAVE_LOAD;LOG_CLEAN	contract_runtime	resolved	TEST_PATCH_AUDIT.md faction manager;TEST_COVERAGE.md faction evidence;decompiler 2026-05-31	No open existing-save zombie-faction availability gap remains; save-after-load duplicate prevention is additive if a faction-specific fixture is created.	Patch row owns target shape and hook intent only; player flow belongs to startup/world scenario rows.	Current decompiler shows RimWorld 1.6 FactionManager.ExposeData still scribes allFactions and recaches on load phases; runtime proved one hidden non-temporary Zombies faction and hostile relations with all 11 non-zombie factions including player.
PATCH.Thing_Position_Patch	patch	core_zombie	Pawn movement updates zombie pheromone trails, special zombie ground effects, avoid-contact timestamps, attraction trails and dependency-gated vehicle hooks without disrupting vanilla position registration.	Source/Patches.cs	not_applicable	Thing_Position_Patch	zombieland/position_side_effects_contract;zombieland/core_pheromone_senses_state	Thing.Position setter	unknown	Add Zombieland movement side effects around RimWorld's position setter while preserving registration/reachability semantics.	C.CORE.ZOMBIE_LOOP	S-Core-Horde-Loop;S-Hostility-Area-Workflow;S-Optional-Compat	SOURCE_AUDIT;RW16_TARGET_AUDIT;CONTRACT_RUNTIME;SCENARIO_RUNTIME;SAVE_LOAD;LOG_CLEAN	contract_runtime	resolved	TEST_PATCH_AUDIT.md Thing.Position;TEST_COVERAGE.md position side effects;decompiler 2026-05-31;EV.RUNTIME.VEHICLES.ACTIVE_FRAMEWORK	No open base-mod Thing.Position side-effect gap remains. Vehicle Framework BumpTimestamps movement is covered by the local ZLTestVehicle fixture; direct VehicleDamager flee behavior is additive only if it becomes a named player-facing scenario.	Patch row owns target shape and hook intent only; player flow belongs to C.CORE.ZOMBIE_LOOP and optional-integration rows.	Current decompiler shows RimWorld 1.6 Thing.Position still does same-cell early return, deregister/register, gas notification, region update, mesh dirtying and reachability clear; runtime covered spitter trail, clogging, colonist contact, OnlyColonists gating, fresh/stale pheromone tracking, and clean logs. Active Vehicle Framework fixture evidence spawned ZLTestScoutVehicle and proved the optional timestamp hook through the same contract with moveSpeed=10, changedCount=709, and timestampAfter=320039000.
PATCH.CompRefuelable_ConsumeFuel_Patch	patch	buildings_items	Turrets consume reduced fuel according to Zombieland settings while non-turret fuel users keep vanilla consumption and clamping.	Source/Patches.cs	not_applicable	CompRefuelable_ConsumeFuel_Patch	zombieland/defense_room_state actionMode:turretFuel	CompRefuelable.ConsumeFuel	unknown	Scale fuel amount for Building_Turret parents before vanilla fuel subtraction and ran-out notification.	J.BUILDINGS.ITEMS	S-Defense-Room;S-Settings-Persistence	SOURCE_AUDIT;RW16_TARGET_AUDIT;CONTRACT_RUNTIME;LOG_CLEAN	contract_runtime	resolved	TEST_PATCH_AUDIT.md turret fuel;TEST_COVERAGE.md defense-room evidence;decompiler 2026-05-31	No open turret fuel reduction gap remains; rerun only if RimWorld changes CompRefuelable.ConsumeFuel or turret fuel settings.	Patch row owns target shape and hook intent only; player flow belongs to J.BUILDINGS.ITEMS.	Current decompiler shows RimWorld 1.6 ConsumeFuel subtracts amount, clamps to zero and notifies ran out of fuel; runtime proved turret input 4 consumed 2 under reducedTurretConsumption=0.5, thumper control consumed 4, and low fuel clamped to 0.
PATCH.DamageWorker_Scratch_ChooseHitPart_Patch	patch	combat	Downed zombies scratch bottom outside body parts instead of arbitrary body regions.	Source/Patches.cs	not_applicable	DamageWorker_Scratch_ChooseHitPart_Patch	zombieland/area_workflow_state actionMode:smart-melee	DamageWorker_Scratch.ChooseHitPart	unknown	Force DamageInfo height/depth to bottom outside for scratches made by health-downed zombies.	C.SPECIAL.ZOMBIES	S-Hostility-Area-Workflow;S-Core-Horde-Loop	SOURCE_AUDIT;RW16_TARGET_AUDIT;CONTRACT_RUNTIME;LOG_CLEAN	contract_runtime	resolved	TEST_PATCH_AUDIT.md smart-melee;TEST_COVERAGE.md smart-melee evidence;decompiler 2026-05-31	No open downed-zombie scratch targeting gap remains; rerun only if RimWorld changes scratch hit-part selection.	Patch row owns target shape and hook intent only; player flow belongs to special/hostility scenarios.	Current decompiler shows RimWorld 1.6 scratch ChooseHitPart still uses dinfo.Height and BodyPartDepth.Outside; runtime proved standing zombie left height Undefined and health-downed zombie returned a leg at Bottom/Outside.
PATCH.DamageWorker_Bite_ChooseHitPart_Patch	patch	combat	Downed zombies bite bottom outside body parts instead of arbitrary body regions.	Source/Patches.cs	not_applicable	DamageWorker_Bite_ChooseHitPart_Patch	zombieland/area_workflow_state actionMode:smart-melee	DamageWorker_Bite.ChooseHitPart	unknown	Force DamageInfo height/depth to bottom outside for bites made by health-downed zombies.	C.SPECIAL.ZOMBIES	S-Hostility-Area-Workflow;S-Core-Horde-Loop	SOURCE_AUDIT;RW16_TARGET_AUDIT;CONTRACT_RUNTIME;LOG_CLEAN	contract_runtime	resolved	TEST_PATCH_AUDIT.md smart-melee;TEST_COVERAGE.md smart-melee evidence;decompiler 2026-05-31	No open downed-zombie bite targeting gap remains; rerun only if RimWorld changes bite hit-part selection.	Patch row owns target shape and hook intent only; player flow belongs to special/hostility scenarios.	Current decompiler shows RimWorld 1.6 bite ChooseHitPart still uses dinfo.Height and BodyPartDepth.Outside; runtime proved standing zombie left height Undefined and health-downed zombie returned a leg at Bottom/Outside.
PATCH.Need_CurLevel_Patch	patch	infection	Tracked infected colonists keep needs clamped to an average level.	Source/Patches.cs	not_applicable	Need_CurLevel_Patch	zombieland/zombie_health_needs_upkeep_suppression	Need.CurLevel setter	unknown	Replace incoming need level assignments with 0.5 for pawns tracked by the infection alert set.	I.INFECTION.MEDICAL	S-Infection-Medical;C5-player-effects	SOURCE_AUDIT;RW16_TARGET_AUDIT;CONTRACT_RUNTIME;LOG_CLEAN	contract_runtime	resolved	TEST_PATCH_AUDIT.md infected needs;TEST_COVERAGE.md infected-colonist health evidence;decompiler 2026-05-31 live property	No open infected-colonist need clamp gap remains; rerun only if RimWorld changes Need.CurLevel setter shape.	Patch row owns target shape and hook intent only; player flow belongs to I.INFECTION.MEDICAL.	Current decompiler resolved live Steam property 17001EAB: CurLevel stores Mathf.Clamp(value,0,MaxLevel); runtime proved tracked infected assignments 0.13 and 0.93 both read back 0.5 while untracked control kept 0.13.
PATCH.Pawn_JobTracker_ShouldStartJobFromThinkTree_Patch	patch	contamination	Active contamination mental-effect jobs survive normal think-tree replacement.	Source/Patches.cs	not_applicable	Pawn_JobTracker_ShouldStartJobFromThinkTree_Patch	zombieland/contamination_c5_player_effects_contract;ZL_Contamination_Persistence_30_c5_combined.rws	Pawn_JobTracker.ShouldStartJobFromThinkTree	unknown	Block think-tree replacement for the known contamination job/driver pairs while allowing ordinary job decisions.	G.CONTAMINATION.C5_PLAYER_EFFECTS	C5-player-effects;S-Core-Horde-Loop	SOURCE_AUDIT;RW16_TARGET_AUDIT;CONTRACT_RUNTIME;SAVE_LOAD;LOG_CLEAN	contract_runtime	resolved	TEST_PATCH_AUDIT.md C5 jobs;TEST_COVERAGE.md C5 combined evidence;decompiler 2026-05-31	No open contamination mental-job replacement gap remains; rerun only if RimWorld changes ShouldStartJobFromThinkTree or C5 job drivers.	Patch row owns target shape and hook intent only; player flow belongs to G.CONTAMINATION.C5_PLAYER_EFFECTS.	Current decompiler shows RimWorld 1.6 ShouldStartJobFromThinkTree compares curJob, queued result, job def and continuation state; runtime proved hallucination, mimic, sleepwalk, breakdown and hoard jobs survived focused windows and combined save-load plus 270 post-reload ticks.
PATCH.MentalStateHandler_TryStartMentalState_Patch	patch	infection	Tracked infected colonists cannot start mental states, and successful ordinary mental states drop equipped chainsaws.	Source/Patches.cs	not_applicable	MentalStateHandler_TryStartMentalState_Patch	zombieland/zombie_health_needs_upkeep_suppression	MentalStateHandler.TryStartMentalState	unknown	Return false before vanilla mental-state setup for tracked infected colonists and drop chainsaws after successful ordinary mental-state starts.	I.INFECTION.MEDICAL	S-Infection-Medical;J.BUILDINGS.ITEMS	SOURCE_AUDIT;RW16_TARGET_AUDIT;CONTRACT_RUNTIME;LOG_CLEAN	contract_runtime	resolved	TEST_PATCH_AUDIT.md mental-state suppression;TEST_COVERAGE.md infected-colonist health evidence;decompiler 2026-05-31 live method	No open infected mental-state suppression gap remains; rerun only if RimWorld changes TryStartMentalState setup or chainsaw equipment behavior.	Patch row owns target shape and hook intent only; player flow belongs to I.INFECTION.MEDICAL and J.BUILDINGS.ITEMS.	Current decompiler resolved live Steam method 060061AE: TryStartMentalState still checks blockers, creates state, PreStart and records tales; runtime proved forced Berserk succeeded for control and dropped chainsaw, while tracked infected returned false.
PATCH.HediffSet_CalculatePain_Patch	patch	infection	Tracked infected colonists feel no pain while controls keep vanilla pain.	Source/Patches.cs	not_applicable	HediffSet_CalculatePain_Patch	zombieland/zombie_health_needs_upkeep_suppression	HediffSet.PainTotal	unknown	Return zero from PainTotal for pawns tracked by the infection alert set.	I.INFECTION.MEDICAL	S-Infection-Medical	SOURCE_AUDIT;RW16_TARGET_AUDIT;CONTRACT_RUNTIME;LOG_CLEAN	contract_runtime	resolved	TEST_PATCH_AUDIT.md pain suppression;TEST_COVERAGE.md infected-colonist health evidence;decompiler 2026-05-31 live property	No open infected-colonist pain suppression gap remains; rerun only if RimWorld changes HediffSet.PainTotal caching semantics.	Patch row owns target shape and hook intent only; player flow belongs to I.INFECTION.MEDICAL.	Current decompiler resolved live Steam property 1700087A: PainTotal caches CalculatePain; runtime applied real Cut hediffs and proved control PainTotal=0.1 while tracked infected pawn PainTotal=0.
PATCH.PawnCapacitiesHandler_GetLevel_Patch	patch	infection	Tracked living infected colonists keep full capacities, while dead tracked pawns fall back to zero.	Source/Patches.cs	not_applicable	PawnCapacitiesHandler_GetLevel_Patch	zombieland/zombie_health_needs_upkeep_suppression	PawnCapacitiesHandler.GetLevel	unknown	Return capacity level 1 for tracked living infected pawns before vanilla capacity calculation.	I.INFECTION.MEDICAL	S-Infection-Medical	SOURCE_AUDIT;RW16_TARGET_AUDIT;CONTRACT_RUNTIME;LOG_CLEAN	contract_runtime	resolved	TEST_PATCH_AUDIT.md capacity override;TEST_COVERAGE.md infected-colonist health evidence;decompiler 2026-05-31 live method	No open infected-colonist capacity override gap remains; rerun only if RimWorld changes PawnCapacitiesHandler.GetLevel caching semantics.	Patch row owns target shape and hook intent only; player flow belongs to I.INFECTION.MEDICAL.	Current decompiler resolved live Steam method 06002F98: GetLevel returns 0 if dead and otherwise caches PawnCapacityUtility.CalculateCapacityLevel; runtime proved anesthetized tracked infected Consciousness=1 and Moving=1, anesthetized control Consciousness=0.01, and dead tracked pawn Consciousness=0.
PATCH.IncidentWorker_TryExecute_Patch	patch	quests	Incident-generated humanlike pawns can have instant zombie infections reduced after incident execution.	Source/Patches.cs	not_applicable	IncidentWorker_TryExecute_Patch	zombieland/incident_threat_state	IncidentWorker.TryExecute	unknown	After successful incident execution, make selected generated zombie bites harmless according to difficulty for incident pawn groups.	H.QUESTS.INCIDENTS	S-Incident-Threat;S-Infection-Medical	SOURCE_AUDIT;RW16_TARGET_AUDIT;CONTRACT_RUNTIME;LOG_CLEAN	contract_runtime	resolved	TEST_PATCH_AUDIT.md incident infection;TEST_COVERAGE.md incident evidence;decompiler 2026-05-31	No open incident bite-reduction patch-boundary gap remains; broader storyteller execution is additive.	Patch row owns target shape and hook intent only; player flow belongs to H.QUESTS.INCIDENTS.	Current decompiler shows RimWorld 1.6 IncidentWorker.TryExecute still calls TryExecuteWorker before tale/codex side effects; runtime proved generated human incident pawn bite became harmless while generated animals remained unbitten.
PATCH.IncidentWorker_Raid_TryExecuteWorker_Patch	patch	quests	Zombie-faction raids route through Zombieland spawn modes instead of vanilla raid execution.	Source/Patches.cs	not_applicable	IncidentWorker_Raid_TryExecuteWorker_Patch	zombieland/incident_threat_state	IncidentWorker_Raid.TryExecuteWorker	unknown	Intercept zombie-faction raid worker calls, map raid arrival mode to Zombieland spawn mode, call ZombiesRising, then restore previous setting.	H.QUESTS.INCIDENTS	S-Incident-Threat	SOURCE_AUDIT;RW16_TARGET_AUDIT;CONTRACT_RUNTIME;LOG_CLEAN	contract_runtime	resolved	TEST_PATCH_AUDIT.md zombie raid worker;TEST_COVERAGE.md incident evidence;decompiler 2026-05-31	No open zombie raid worker patch-boundary gap remains; full storyteller raid firing remains additive.	Patch row owns target shape and hook intent only; player flow belongs to H.QUESTS.INCIDENTS.	Current decompiler shows RimWorld 1.6 IncidentWorker_Raid.TryExecuteWorker still generates raid info, letters and lords; runtime probe intercepted ZombiesRising and proved EdgeWalkIn->FromTheEdges, CenterDrop->AllOverTheMap, both returned false and restored sentinel spawn mode.
PATCH.PawnGroupKindWorker_GeneratePawns_Patch	patch	quests	Humanlike incident pawns can receive zombie infection while animal incident pawns are skipped.	Source/Patches.cs	not_applicable	IncidentWorker_Patches	zombieland/incident_threat_state	PawnGroupKindWorker.GeneratePawns	unknown	After pawn-group generation, add zombie infection to humanlike generated pawns under infected-raid settings, threat, or ship-reactor launch state.	H.QUESTS.INCIDENTS	S-Incident-Threat;S-Infection-Medical	SOURCE_AUDIT;RW16_TARGET_AUDIT;CONTRACT_RUNTIME;LOG_CLEAN	contract_runtime	resolved	TEST_PATCH_AUDIT.md pawn group infection;TEST_COVERAGE.md incident evidence;decompiler 2026-05-31	No open pawn-group incident infection gap remains; ship-reactor launch state remains a separate incident edge case.	Patch row owns target shape and hook intent only; player flow belongs to H.QUESTS.INCIDENTS.	Current decompiler shows RimWorld 1.6 PawnGroupKindWorker.GeneratePawns still builds and returns a generated list; runtime generated incident human and animal pawns under infected-raid settings and proved human got one zombie bite while animal got none.
PATCH.PawnGenerator_GenerateNewPawnInternal_Patch	patch	quests	Zombie-faction normal pawn generation returns a spawned Zombieland zombie, while spitter/symbiant stay on their vanilla kind paths.	Source/Patches.cs	not_applicable	PawnGenerator_GenerateNewPawnInternal_Patch	zombieland/incident_threat_state;zombieland/zombie_faction_pawn_generation_contract	PawnGenerator.GenerateNewPawnInternal	unknown	Short-circuit normal zombie-faction pawn generation through ZombieGenerator while allowing special zombie pawn kinds to continue.	H.QUESTS.INCIDENTS	S-Incident-Threat;S-Core-Horde-Loop	SOURCE_AUDIT;RW16_TARGET_AUDIT;CONTRACT_RUNTIME;LOG_CLEAN	contract_runtime	resolved	TEST_PATCH_AUDIT.md pawn generation;TEST_COVERAGE.md incident evidence;decompiler 2026-05-31	No open zombie-faction normal pawn generation gap remains; special kind visual/behavior paths are owned by special scenarios.	Patch row owns target shape and hook intent only; player flow belongs to H.QUESTS.INCIDENTS and C.CORE.ZOMBIE_LOOP.	Current decompiler shows RimWorld 1.6 GenerateNewPawnInternal still retries TryGenerateNewPawnInternal and logs after failure thresholds; runtime proved normal Zombie returned spawned Zombieland zombie while ZombieSymbiant and ZombieSpitter stayed on vanilla generation path.
PATCH.WorkGiver_Haul_JobOnThing_Patch	patch	infection	Zombie corpses and live zombies do not become ordinary haul jobs through vanilla haul workgivers.	Source/Patches.cs	not_applicable	WorkGiver_Haul_JobOnThing_Patch	zombieland/zombie_corpse_alert_forbid_contract	WorkGiver_Haul.JobOnThing	unknown	Block haul jobs for zombie corpse/live zombie surfaces through existing storage/filter/reservation boundaries.	I.INFECTION.MEDICAL	S-Infection-Medical;S-Core-Horde-Loop	SOURCE_AUDIT;RW16_TARGET_AUDIT;CONTRACT_RUNTIME;PLAYER_FLOW;LOG_CLEAN	contract_runtime	resolved	TEST_PATCH_AUDIT.md corpse haul;TEST_COVERAGE.md corpse alert/forbid evidence;decompiler 2026-05-31 live method	No open vanilla corpse-haul boundary gap remains; mouse-driven hauling UI is additive if named.	Patch row owns target shape and hook intent only; player flow belongs to I.INFECTION.MEDICAL.	Current decompiler resolved live Steam method 06008431: JobOnThing calls PawnCanAutomaticallyHaulFast then HaulToStorageJob; runtime proved human corpse produced HaulToCell, zombie corpse unforced/forced haul returned null through storage/filter layer.
PATCH.ReservationManager_CanReserve_Patch	patch	infection	Ordinary pawns cannot reserve non-former live zombies, while controls and former-map-pawn zombies keep intended behavior.	Source/Patches.cs	not_applicable	ReservationManager_CanReserve_Patch	zombieland/zombie_corpse_alert_forbid_contract	ReservationManager.CanReserve	unknown	Block CanReserve for live non-former zombies so vanilla interaction jobs do not target them.	I.INFECTION.MEDICAL	S-Infection-Medical;S-Core-Horde-Loop	SOURCE_AUDIT;RW16_TARGET_AUDIT;CONTRACT_RUNTIME;PLAYER_FLOW;LOG_CLEAN	contract_runtime	resolved	TEST_PATCH_AUDIT.md reservation;TEST_COVERAGE.md corpse alert/forbid evidence;decompiler 2026-05-31 live method	No open live-zombie CanReserve gate remains; rerun only if RimWorld changes ReservationManager.CanReserve signature or former-pawn semantics.	Patch row owns target shape and hook intent only; player flow belongs to I.INFECTION.MEDICAL.	Current decompiler resolved live Steam method 06006407: CanReserve validates claimant, target, stack count and existing reservations; runtime proved steel control true, non-former zombie false and former-map-pawn zombie true.
PATCH.ReservationManager_Reserve_Patch	patch	infection	Hard reservation calls cannot reserve live zombies even when CanReserve would otherwise be bypassed.	Source/Patches.cs	not_applicable	ReservationManager_Reserve_Patch	zombieland/zombie_corpse_alert_forbid_contract	ReservationManager.Reserve	unknown	Block Reserve for live zombie targets at the final reservation insertion boundary.	I.INFECTION.MEDICAL	S-Infection-Medical;S-Core-Horde-Loop	SOURCE_AUDIT;RW16_TARGET_AUDIT;CONTRACT_RUNTIME;PLAYER_FLOW;LOG_CLEAN	contract_runtime	resolved	TEST_PATCH_AUDIT.md reservation;TEST_COVERAGE.md corpse alert/forbid evidence;decompiler 2026-05-31 live method	No open live-zombie Reserve gate remains; rerun only if RimWorld changes ReservationManager.Reserve signature or reservation insertion semantics.	Patch row owns target shape and hook intent only; player flow belongs to I.INFECTION.MEDICAL.	Current decompiler resolved live Steam method 0600640A: Reserve validates job/target, calls CanReserve, can interrupt forced reservations, and adds Reservation; runtime proved steel reserved successfully while non-former and former-map-pawn zombie reserve calls returned false with clean logs.
PATCH.Pawn_AnythingToStrip_Patch	patch	infection	Zombieland pawns do not advertise strip jobs even when they carry equipment, apparel or inventory payloads.	Source/Patches.cs	not_applicable	Pawn_AnythingToStrip_Patch	zombieland/zombie_corpse_alert_forbid_contract	Pawn.AnythingToStrip	unknown	Return false for Zombie, ZombieSpitter and ZombieSymbiant before vanilla strip checks.	I.INFECTION.MEDICAL	S-Infection-Medical;S-Core-Horde-Loop	SOURCE_AUDIT;RW16_TARGET_AUDIT;CONTRACT_RUNTIME;PLAYER_FLOW;LOG_CLEAN	contract_runtime	resolved	TEST_PATCH_AUDIT.md strip suppression;TEST_COVERAGE.md corpse alert/forbid evidence;decompiler 2026-05-31 live method	No open zombie strip suppression gap remains; rerun only if RimWorld changes Pawn.AnythingToStrip or zombie inventory/apparel behavior.	Patch row owns target shape and hook intent only; player flow belongs to I.INFECTION.MEDICAL.	Current decompiler resolved live Steam method 0600308C: AnythingToStrip checks canStrip, equipment, inventory and apparel; runtime proved payloaded human true while payloaded normal zombie, spitter and symbiant all returned false.
PATCH.MemoryUtility_ClearAllMapsAndWorld_Patch	patch	startup	Harmony patch MemoryUtility_ClearAllMapsAndWorld_Patch must preserve its semantic hook intent.	Source/Service.cs	not_applicable	MemoryUtility_ClearAllMapsAndWorld_Patch	see owning feature/scenario row	MemoryUtility.ClearAllMapsAndWorld	unknown	Map/world cleanup callback dispatch.	A.STARTUP.LOAD	S-Source-Patch-Audit	SOURCE_AUDIT;RW16_TARGET_AUDIT;RW14_RW16_SEMANTIC_DIFF;CONTRACT_RUNTIME;SCENARIO_RUNTIME;LOG_CLEAN	contract_runtime	resolved	EV.STATIC.STARTUP_SERVICE_LIFECYCLE;TEST_PATCH_AUDIT.md row Source/Service.cs:40;TEST_COVERAGE.md	No open cleanup-dispatch gap remains; runtime deliberately avoids invoking destructive vanilla clear in a loaded fixture.	Patch row owns target shape and service dispatch only; player-facing cleanup belongs to reload/thumper cleanup scenarios.	RimWorld 1.6 ClearAllMapsAndWorld still clears map/world fields and downstream caches, adding gravship mask and world-terrain cache cleanup; startup_support_state proves one Zombieland prefix subscriber callback without calling vanilla clear.
PATCH.TimeControls_DoTimeControlsGUI_Patch	patch	startup	Harmony patch TimeControls_DoTimeControlsGUI_Patch must preserve its semantic hook intent.	Source/Service.cs	not_applicable	TimeControls_DoTimeControlsGUI_Patch	see owning feature/scenario row	TimeControls.DoTimeControlsGUI	unknown	Dispatch time-control service notifications.	A.STARTUP.LOAD	S-Source-Patch-Audit	SOURCE_AUDIT;RW16_TARGET_AUDIT;RW14_RW16_SEMANTIC_DIFF;CONTRACT_RUNTIME;SCENARIO_RUNTIME;LOG_CLEAN	contract_runtime	resolved	EV.STATIC.STARTUP_SERVICE_LIFECYCLE;TEST_PATCH_AUDIT.md row Source/Service.cs:12;TEST_COVERAGE.md	No open time-control service dispatch gap remains; rerun only if RimWorld changes TimeControls.DoTimeControlsGUI or service subscribers change.	Patch row owns target shape and service dispatch only; player-facing subscriber behavior belongs to thumper/defense rows.	RimWorld 1.6 DoTimeControlsGUI keeps button and hotkey writes to Find.TickManager.CurTimeSpeed, adding tooltip and ForcePaused UI handling; startup_support_state proves one Paused subscriber notification and no duplicate while speed is unchanged.
PATCH.CETools_Patch1	patch	optional_integrations	Combat Extended surgical-cut damage must bypass CE armor reroute when CE is active, and remain inert when CE is absent.	Source/CETools.cs	not_applicable	CETools_Patch1	zombieland/startup_support_state optionalIntegrations;zombieland/area_workflow_state actionMode:ce-compat	CombatExtended.HarmonyCE.Harmony_DamageWorker_AddInjury_ApplyDamageToPart.ArmorReroute	unknown	Skip CE ArmorReroute for SurgicalCut damage while allowing ordinary CE damage to continue.	K.OPTIONAL.INTEGRATIONS	S-Optional-Mod-Compat;S-Source-Patch-Audit	SOURCE_AUDIT;OPTIONAL_MOD_COMPAT;CONTRACT_RUNTIME;LOG_CLEAN	contract_runtime	resolved	TEST_PATCH_AUDIT.md optional integration rows;TEST_COVERAGE.md L evidence;startup_support_state 2026-06-01 active CE;area_workflow_state ce-compat 2026-06-01	No open CE surgical-cut behavior gap remains; rerun only if CE ArmorReroute or Zombieland surgical-cut handling changes.	Patch row owns optional target disposition only; active compatibility belongs to K.OPTIONAL.INTEGRATIONS and S-Optional-Mod-Compat.	Upstream CE commit 6380aeed moved the target to CombatExtended.HarmonyCE; active startup support resolved ArmorReroute and installed the prefix. ce-compat invoked patched ArmorReroute with SurgicalCut and null pawn; it returned SurgicalCut amount 7 with deflected/diminished false and no error.
PATCH.CETools_Patch2	patch	optional_integrations	Combat Extended projectile launches must feed Zombieland weapon-noise pheromone timestamps when CE is active, and remain inert when CE is absent.	Source/CETools.cs	not_applicable	CETools_Patch2	zombieland/startup_support_state optionalIntegrations;zombieland/area_workflow_state actionMode:ce-compat;zombieland/area_workflow_state actionMode:ce-ranged-projectiles	CombatExtended.ProjectileCE.Launch plus declared ProjectileCE physics-launch overrides	unknown	Postprocess CE projectile launch parameters into distance-scaled Zombieland noise-grid bumps.	K.OPTIONAL.INTEGRATIONS	S-Optional-Mod-Compat;S-Source-Patch-Audit	SOURCE_AUDIT;OPTIONAL_MOD_COMPAT;CONTRACT_RUNTIME;LOG_CLEAN	contract_runtime	resolved	TEST_PATCH_AUDIT.md optional integration rows;TEST_COVERAGE.md L evidence;startup_support_state 2026-06-01 active CE;area_workflow_state ce-compat 2026-06-01;EV.RUNTIME.CE.REAL_VERB_SHOT	No open CE projectile-noise behavior gap remains for the current CE base, declared override launch surface, and real Verb_ShootCE shot path; rerun if CE ProjectileCE.Launch, CE Verb_ShootCE/Verb_LaunchProjectileCE, declared CE launch overrides, or Zombieland CE projectile handling changes.	Patch row owns optional target disposition only; active compatibility belongs to K.OPTIONAL.INTEGRATIONS and S-Optional-Mod-Compat.	Current CE base Launch keeps the typed eight-argument shape and inserts shotRotation before shotHeight; CE source audit found ProjectileCE_Bursting declares the same eight-argument override, so CETools_Patch2 now targets both methods. ce-compat launched Bullet_303British_FMJ through CombatExtended.BulletCE: human shooter changed 797 pheromone cells while spitter changed 0 after the spitter exclusion fix; it also launched Bullet_25x40mmGrenade_HE_TFuzed through CombatExtended.ProjectileCE_Bursting and changed 797 pheromone cells. ce-ranged-projectiles then fired a real Gun_BoltActionRifle through CombatExtended.Verb_ShootCE.TryCastShot, recorded that the vanilla Zombieland Verb_LaunchProjectile forced-miss helper does not apply to CE verbs, consumed ammo 8 -> 7, spawned CombatExtended.BulletCE with intendedTarget set to the zombie, changed 797 pheromone cells, and produced no warning-or-higher logs.
PATCH.CETools_Patch3	patch	optional_integrations	Combat Extended after-armor damage must preserve Zombieland spitter and tanky damage semantics when CE is active, and remain inert when CE is absent.	Source/CETools.cs	not_applicable	CETools_Patch3	zombieland/startup_support_state optionalIntegrations;zombieland/damage_tanky_armor;zombieland/area_workflow_state actionMode:ce-compat	CombatExtended.ArmorUtilityCE.GetAfterArmorDamage(DamageInfo, Pawn, BodyPartRecord, Boolean& armorDeflected, Boolean& armorReduced, Boolean& shieldAbsorbed)	unknown	Bridge CE after-armor damage through Zombieland spitter deflection and tanky armor reduction rules.	K.OPTIONAL.INTEGRATIONS	S-Optional-Mod-Compat;S-Source-Patch-Audit	SOURCE_AUDIT;OPTIONAL_MOD_COMPAT;CONTRACT_RUNTIME;LOG_CLEAN	contract_runtime	resolved	TEST_PATCH_AUDIT.md optional integration rows;TEST_COVERAGE.md L evidence;startup_support_state 2026-06-01 active CE;damage_tanky_armor active CE 2026-06-01;area_workflow_state ce-compat 2026-06-01	No open CE spitter after-armor behavior gap remains; rerun only if CE ArmorUtilityCE.GetAfterArmorDamage or Zombieland CE damage handling changes.	Patch row owns optional target disposition only; active compatibility belongs to K.OPTIONAL.INTEGRATIONS and S-Optional-Mod-Compat.	Active CE damage_tanky_armor reduced tanky shield from 1 to 0.752475262 while pawn injury stayed 0. ce-compat invoked CE after-armor on a spitter with Bullet amount 22 and returned amount 2 with armorReduced=true, proving reduced DamageInfo propagation.
PATCH.CETools_Patch4	patch	optional_integrations	Combat Extended turret ammo reduction must honor Zombieland reduced-turret-consumption settings when CE is active, and remain inert when CE is absent.	Source/CETools.cs	not_applicable	CETools_Patch4	zombieland/startup_support_state optionalIntegrations;zombieland/area_workflow_state actionMode:ce-compat	CombatExtended.CompAmmoUser.Notify_ShotFired(Int32 ammoConsumedPerShot)	unknown	Short-circuit CE turret ammo consumption according to reducedTurretConsumption chance.	K.OPTIONAL.INTEGRATIONS	S-Optional-Mod-Compat;S-Source-Patch-Audit	SOURCE_AUDIT;OPTIONAL_MOD_COMPAT;CONTRACT_RUNTIME;LOG_CLEAN	contract_runtime	resolved	TEST_PATCH_AUDIT.md optional integration rows;TEST_COVERAGE.md L evidence;startup_support_state 2026-06-01 active CE;area_workflow_state ce-compat 2026-06-01	No open CE turret ammo-consumption behavior gap remains; rerun only if CE CompAmmoUser.Notify_ShotFired or Zombieland turret ammo handling changes.	Patch row owns optional target disposition only; active compatibility belongs to K.OPTIONAL.INTEGRATIONS and S-Optional-Mod-Compat.	Current CE removed TryReduceAmmoCount; active startup support resolved and installed Notify_ShotFired(int). ce-compat invoked the current CE turret ammo comp: reducedTurretConsumption=1 kept ammo 8 -> 8, and setting 0 consumed 8 -> 7.
PATCH.RimConnection_Settings_CommandOptionSettings_Patch	patch	optional_integrations	RimConnect command-option settings UI must make room for Zombieland command options when RimConnect is active, and remain inert when RimConnect is absent.	Source/RimConnectSupport.cs	not_applicable	RimConnection_Settings_CommandOptionSettings_Patch	zombieland/startup_support_state optionalIntegrations;zombieland/rimconnect_* if active	RimConnection.Settings.CommandOptionSettings.DoWindowContents	unknown	Transpile RimConnect settings window layout constants so Zombieland command options have extra vertical space.	K.OPTIONAL.INTEGRATIONS	S-Optional-Mod-Compat;S-Source-Patch-Audit	SOURCE_AUDIT;OPTIONAL_MOD_COMPAT;CONTRACT_RUNTIME;VISUAL_UI;LOG_CLEAN	contract_runtime	resolved	TEST_PATCH_AUDIT.md optional integration rows;TEST_COVERAGE.md L evidence;startup_support_state 2026-06-01;EV.RUNTIME.RIMCONNECT.ACTIVE_CURRENT;EV.RUNTIME.RIMCONNECT.CONNECTED_STUB	No known RimConnect settings-window target or connected command-option UI gap remains for Zombieland; production RimConnect backend availability is external to Zombieland.	Patch row owns optional target disposition only; active compatibility belongs to K.OPTIONAL.INTEGRATIONS and S-Optional-Mod-Compat.	Current local RimConnect source/decompiler resolves RimConnection.Settings.CommandOptionSettings.DoWindowContents(UnityEngine.Rect), and the method still uses header/list constants 180/198 and main-list height subtraction that the Zombieland transpiler shifts by 30. Active startup support reports the Zombieland transpiler installed on this method. A connected follow-up used the local backend stub and a temporary DEBUG localhost RimConnect assembly; RimConnect showed Connected, the Items button opened RimConnection.Settings.CommandOptionSettings, get_ui_layout saw the Loyalty Store command-option window with category tabs, shifted header row, scroll view, item labels, and numeric cost/cooldown fields, and warning-or-higher logs stayed empty.
PATCH.RimWorld_ShipCombatManager_GenerateShip_Patch	patch	optional_integrations	Save Our Ship 2 hostile ship generation can seed converted pawns and zombies when SoS2 is active, and remains inert when SoS2 is absent.	Source/SoSTools.cs	not_applicable	RimWorld_ShipCombatManager_GenerateShip_Patch	zombieland/startup_support_state optionalIntegrations;zombieland/sos2_ship_hologram_state	current SaveOurShip2.ShipInteriorMod2.GenerateShip; legacy RimWorld.ShipCombatManager.GenerateShip fallback	unknown	Postprocess hostile non-player ship generation into infected pawn conversion and extra wandering zombies under Zombieland threat settings.	K.OPTIONAL.INTEGRATIONS	S-Optional-Mod-Compat;S-Source-Patch-Audit	SOURCE_AUDIT;OPTIONAL_MOD_COMPAT;CONTRACT_RUNTIME;SCENARIO_RUNTIME;LOG_CLEAN	contract_runtime	resolved_runtime	EV.STATIC.SOS2.CURRENT_TARGETS;TEST_PATCH_AUDIT.md optional integration rows;TEST_COVERAGE.md L evidence;EV.RUNTIME.SOS2.SHIP_HOLOGRAM	Current SoS2 ship-generation target exists, Zombieland resolves it, and active runtime exercised the current GenerateShip path through a reflected fixture: 8 hostile pawn shapes produced 18 new zombies, including 3 converted ship pawns and 15 generated event zombies, with warning-or-higher logs limited to the pre-existing external translation warning.	Patch row owns optional target disposition only; active compatibility belongs to K.OPTIONAL.INTEGRATIONS and S-Optional-Mod-Compat.	Source TargetMethod now prefers SaveOurShip2.ShipInteriorMod2:GenerateShip and keeps the legacy RimWorld.ShipCombatManager:GenerateShip fallback. The postfix uses object[] argument parsing so it does not compile-reference SoS2 types. Decompiler resolved the current method signature with ShipDef, Map, PassingShip, Faction, Lord, out cores, and optional flags; runtime fixture used that signature against ZL_SOS2_SPACE_00 with seed 76231.
PATCH.SaveOurShip2_GenerateSpaceSubMesh_GenerateMesh_Patch	patch	optional_integrations	Save Our Ship 2 space background mesh must render below floating zombies when SoS2 is active, and remain inert when SoS2 is absent.	Source/SoSTools.cs	not_applicable	SaveOurShip2_GenerateSpaceSubMesh_GenerateMesh_Patch	zombieland/startup_support_state optionalIntegrations;rimworld/screenshot_cell_rect	current SaveOurShip2.GenerateSpaceSubMesh.Prefix(SectionLayer, MeshParts); legacy SaveOurShip2.GenerateSpaceSubMesh.GenerateMesh fallback	unknown	Replace SoS2 space submesh PrintMesh calls with a lower-altitude transform so floating zombies draw above the background.	K.OPTIONAL.INTEGRATIONS	S-Optional-Mod-Compat;S-Source-Patch-Audit	SOURCE_AUDIT;OPTIONAL_MOD_COMPAT;CONTRACT_RUNTIME;VISUAL_UI;LOG_CLEAN	contract_runtime	resolved_runtime	EV.STATIC.SOS2.CURRENT_TARGETS;EV.RUNTIME.SOS2.SPACE_FLOATERS;TEST_PATCH_AUDIT.md optional integration rows;TEST_COVERAGE.md L evidence	Current SoS2 space-mesh target exists and Zombieland resolves it; active visual runtime screenshot shows SoS2 space background/planet and Zombieland floating zombies rendered above it in the generated outer-space map.	Patch row owns optional target disposition and the visual mesh-order smoke; broader SoS2 ship/hologram compatibility belongs to K.OPTIONAL.INTEGRATIONS and S-Optional-Mod-Compat.	Source TargetMethod now prefers SaveOurShip2.GenerateSpaceSubMesh:Prefix and keeps the legacy GenerateMesh fallback. Decompiler confirmed current Prefix contains the Printer_Mesh.PrintMesh call for EmptySpace planet material, and active runtime installed the transpiler on Prefix before the screenshot smoke.
INT.CombatExtended	integration	optional_integrations	Optional integration CombatExtended should be inert when absent and correct when active.	Source/CETools.cs	not_applicable	CETools.Init dynamic Harmony/reflection targets	zombieland/startup_support_state optionalIntegrations;zombieland/damage_tanky_armor;zombieland/active_electrifier_bullet_absorption_contract;zombieland/area_workflow_state actionMode:ce-compat;zombieland/area_workflow_state actionMode:ce-ranged-projectiles;rimbridge/list_logs	ceteam.combatextended	unknown	Detect optional mod safely and avoid hard dependency crashes.	K.OPTIONAL.INTEGRATIONS	S-Optional-Mod-Compat	SOURCE_AUDIT;RW16_TARGET_AUDIT;OPTIONAL_MOD_COMPAT;CONTRACT_RUNTIME;SCENARIO_RUNTIME;LOG_CLEAN	contract_runtime	resolved	TEST_COVERAGE.md L evidence;About.xml optional load order;TEST_PATCH_AUDIT dynamic summary;active CE clean fixture runtime 2026-06-01;EV.RUNTIME.CE.REAL_VERB_SHOT	No open CE/Zombieland compatibility gap remains for the installed CE 16.7.2.0 build. Re-run only if CE targets, Zombieland CE code, CE verb/projectile semantics, or the CE fixture save changes.	Owns CombatExtended compatibility only; base Zombieland behavior remains in its feature rows.	CE is installed from upstream commit 6380aeed as a Git-backed local Mods checkout with the playable CE assembly present, enabled before Zombieland, and active runtime reports packageActive=true, runtimeState=active, missingMemberCount=0, and ce-compat reports five active Zombieland CE patch targets after widening CETools_Patch2 to base ProjectileCE.Launch plus ProjectileCE_Bursting.Launch. Active tanky/electrifier damage-stack smokes pass; ce-compat proves surgical-cut ArmorReroute skip, base projectile noise with spitter exclusion, bursting override projectile noise, spitter after-armor reduction, and turret ammo reduction. The real CE verb follow-up proves Gun_BoltActionRifle through CombatExtended.Verb_ShootCE.TryCastShot consumes ammo 8 -> 7, spawns CombatExtended.BulletCE with intendedTarget set to the zombie, and changes 797 pheromone cells while documenting that Zombieland's vanilla Verb_LaunchProjectile forced-miss override does not apply to CE ballistics. The old EMPTY save caused CE migration noise because it contained stuffless flak apparel and saved vanilla equipment verbs; the CE-specific fixture ZL_CE_EMPTY_00 was repaired and game-saved under CE, then reloaded and ran ce-compat plus ce-ranged-projectiles with warning-or-higher logs empty.
INT.SimpleSidearms	integration	optional_integrations	Simple Sidearms compatibility is metadata-only in Zombieland: load after Simple Sidearms when present, with no code/reflection/Harmony hooks to retarget for RimWorld 1.6.	About/About.xml;About/Manifest.xml	not_applicable	not_applicable	not_applicable	loadAfter petetimessix.simplesidearms	unknown	Preserve optional load order without treating Simple Sidearms as a hard dependency or Zombieland code integration.	K.OPTIONAL.INTEGRATIONS	S-Optional-Mod-Compat	SOURCE_AUDIT;OPTIONAL_MOD_COMPAT	source_only	resolved	EV.STATIC.SIMPLESIDEARMS.METADATA_ONLY;EV.RUNTIME.STARTUP.CE_STACK_RECHECK;EV.GH.ABOUT	No runtime obligation exists unless Zombieland adds Simple Sidearms-specific code or a named player-facing compatibility issue appears.	Metadata-only row; do not add bridge contracts or active-mod runtime smokes merely because About.xml has loadAfter.	2026-06-01 source sweep found only About/Manifest loadAfter entries; no Source/Defs/Patches/Languages references, no dynamic patch row, no installed mod folder, and no ModsConfig entry.
INT.AlienRace	integration	optional_integrations	Optional integration AlienRace should be inert when absent and correct when active.	Source/AlienTools.cs	not_applicable	AlienTools.Init reflection detection	zombieland/startup_support_state optionalIntegrations;zombieland/zombie_eats_corpse_contract;zombieland/zombie_eats_downed_pawn_contract;rimbridge/list_logs	erdelf.humanoidalienraces or type detection	unknown	Detect optional mod safely and avoid hard dependency crashes.	K.OPTIONAL.INTEGRATIONS	S-Optional-Mod-Compat	SOURCE_AUDIT;RW16_TARGET_AUDIT;OPTIONAL_MOD_COMPAT;CONTRACT_RUNTIME;SCENARIO_RUNTIME;LOG_CLEAN	contract_runtime	resolved	EV.RUNTIME.HAR.ACTIVE_FRAMEWORK;EV.RUNTIME.HAR.HUMAN_EATING_SEMANTICS;EV.RUNTIME.HAR.NON_FLESH_ALIEN_EATING_SEMANTICS;TEST_COVERAGE.md L evidence;TEST_PATCH_AUDIT dynamic summary	Active HAR runtime resolves AlienRace.ThingDef_AlienRace, alienRace, compatibility, and CompatibilityInfo.IsFleshPawn with missingMemberCount=0, loads the clean fixture log-clean, proves HAR-patched Human targets keep downed-pawn eating semantics with targetAlienFlesh=true, and proves a local custom non-flesh HAR pawn kind is rejected by corpse and downed-pawn eating despite RaceProps.IsFlesh=true.	Owns AlienRace compatibility only; base Zombieland behavior remains in its feature rows.	Framework-level active smoke is covered for local Mods/AlienRaces commit 3ef0a5f, HAR HumansAreAliensToo Human semantics are covered through the existing downed-pawn eating contract, and local ZLTestAlienRace proves explicit HAR compatibility isFlesh=false semantics through the existing corpse/downed eating contracts with warning-or-higher logs empty.
INT.Vehicles	integration	optional_integrations	Optional integration Vehicles should be inert when absent and correct when active.	Source/VehicleTools.cs	not_applicable	VehicleTools.Init;BumpTimestamps	zombieland/startup_support_state optionalIntegrations;zombieland/position_side_effects_contract	SmashPhil.VehicleFramework or type detection;Vehicles.VehiclePawn;Vehicles.VehicleStatDefOf;Vehicles.VehicleDamager.TryFindDirectFleeDestination	unknown	Detect optional mod safely, skip unsupported generic Harmony targets, and avoid hard dependency crashes.	K.OPTIONAL.INTEGRATIONS	S-Optional-Mod-Compat	SOURCE_AUDIT;RW16_TARGET_AUDIT;OPTIONAL_MOD_COMPAT;CONTRACT_RUNTIME;SCENARIO_RUNTIME;LOG_CLEAN	contract_runtime	resolved	EV.RUNTIME.VEHICLES.ACTIVE_FRAMEWORK;TEST_COVERAGE.md L evidence;TEST_PATCH_AUDIT dynamic summary	No open Vehicle Framework startup or BumpTimestamps movement gap remains for the current local VF build. Direct VehicleDamager flee-destination behavior around live vehicle/zombie actors is not separately exercised; add only if it becomes a named player-facing scenario.	Owns Vehicles compatibility only; base Zombieland behavior remains in its feature rows.	Active VF startup found and fixed the broad WorkGiver_Scanner open-generic Harmony crash; startup_support_state now resolves the VF type/member surface and one Zombieland vehicle patch target. The local ZLTestVehicle fixture supplies concrete ZLTestScoutVehicle; the existing position side-effects contract spawned it, moved it through Thing.Position, and proved BumpTimestamps on a live VehiclePawn with moveSpeed=10, changedCount=709, timestampAfter=320039000, and clean warning-or-higher logs.
INT.Dubs	integration	optional_integrations	Optional integration Dubs should be inert when absent and correct when active.	Source/DubsTools.cs;Source/BridgeTools/ZombielandBridgeTools.Core.cs	not_applicable	DubsTools.Init legacy patch plus startup target-family probe	zombieland/startup_support_state optionalIntegrations;rimworld/list_main_tabs;rimworld/get_ui_layout;rimworld/take_screenshot	Dubwise.DubsPerformanceAnalyzer.steam;Analyzer.Profiling.H_ThingOverlaysOnGUI.GetPatchMethods;legacy Analyzer.Fixes.H_DrawNamesFix:Prefix	unknown	Detect optional mod safely and avoid hard dependency crashes.	K.OPTIONAL.INTEGRATIONS	S-Optional-Mod-Compat	SOURCE_AUDIT;RW16_TARGET_AUDIT;OPTIONAL_MOD_COMPAT;CONTRACT_RUNTIME;SCENARIO_RUNTIME;LOG_CLEAN	contract_runtime	resolved	TEST_COVERAGE.md L evidence;local workshop scan;TEST_PATCH_AUDIT dynamic summary;Dubs installed-source/decompiler audit 2026-06-01;Dubs active runtime smoke 2026-06-01;EV.RUNTIME.DUBS.ANALYZER_UI	No open Dubs/Zombieland compatibility gap remains for the installed 1.6 Dubs build. Re-run if Dubs target-family APIs, Dubs main-button/window code, or Zombieland Dubs integration changes.	Owns Dubs compatibility only; base Zombieland behavior remains in its feature rows.	Installed 1.6 source/decompiler contains current Analyzer.Profiling.H_ThingOverlaysOnGUI.GetPatchMethods (member 06000140 yields Pawn.DrawGUIOverlay) and lacks old Analyzer.Fixes.H_DrawNamesFix:Prefix. Active runtime with Dubs enabled loaded EMPTY, startup_support_state reported packageActive=true, targetFamily=current_overlay_entry, missingMemberCount=0, patchTargetCount=0, spawned Thing_Zombie6898, captured zl_dubs_active_overlay_smoke_zombie__cell_rect.png, advanced it into Stumble, and warning-or-higher logs were empty. A follow-up minimal Harmony/Core/Dubs/Zombieland/RimBridgeServer UI pass loaded EMPTY, confirmed main-tab:DubsOptimizer is visible, used a real click on the custom-drawn Dubs magnifier button because the direct bridge main-tab activation path fails inside WindowStack.Add, opened Analyzer.Window_Analyzer, captured zl_dubs_analyzer_window_smoke__clip.png, saw Settings/Tick/Update/GUI tabs plus analyzer controls in get_ui_layout, and warning-or-higher logs after the click were empty.
INT.SoS2	integration	optional_integrations	Optional integration SoS2 should be inert when absent and correct when active.	Source/SoSTools.cs;Source/BridgeTools/ZombielandBridgeTools.SoS2.cs	not_applicable	SoSTools.isInstalled;late init;map update gates	zombieland/startup_support_state optionalIntegrations;zombieland/create_sos_space_map_fixture;zombieland/get_status;zombieland/sos2_ship_hologram_state	kentington.saveourship2;SaveOurShip2.ShipInteriorMod2.IsHologram;SaveOurShip2.ShipInteriorMod2.GenerateShip;SaveOurShip2.GenerateSpaceSubMesh.Prefix;OuterSpaceBiome;ShipOrbiting	unknown	Detect optional mod safely and avoid hard dependency crashes.	K.OPTIONAL.INTEGRATIONS	S-Optional-Mod-Compat	SOURCE_AUDIT;RW16_TARGET_AUDIT;OPTIONAL_MOD_COMPAT;CONTRACT_RUNTIME;SCENARIO_RUNTIME;VISUAL_UI;LOG_CLEAN	contract_runtime	resolved_runtime	EV.STATIC.SOS2.CURRENT_TARGETS;EV.RUNTIME.SOS2.SPACE_FLOATERS;TEST_COVERAGE.md L evidence;About.xml optional load order;TEST_PATCH_AUDIT dynamic summary;EV.RUNTIME.SOS2.SHIP_HOLOGRAM	SoS2 is installed locally from Bqr1s/SaveOurShip2 commit 7c9e1ec3 and current Zombieland SoS targets are source/decompiler-aligned. Active runtime covers the local optional-integration tails currently named for SoS2: space-map floater/render behavior, current ship-generation pawn conversion/event-zombie generation, and hologram attraction/conversion exclusion.	Owns SoS2 compatibility only; base Zombieland behavior remains in its feature rows. The active runtime proof uses a local compatibility/content fixture and should be rerun if SoS2 target APIs, ZLTestSoS2Content, or the CE SOS2Compat packaging changes.	EV.RUNTIME.SOS2.SPACE_FLOATERS proves the space-map/floater/render path. EV.RUNTIME.SOS2.SHIP_HOLOGRAM loads ZL_SOS2_SPACE_00, invokes current ShipInteriorMod2.GenerateShip through the named fixture, observes 3 converted hostile ship pawns plus 15 generated zombies, then verifies a hostile SoSHologram pawn reports IsHologram before/after ConvertToZombie, DoesAttractsZombies=false, converted=false. Post-run warning-or-higher logs contain only the known external English translation warning.
INT.RimConnect	integration	optional_integrations	Optional integration RimConnect should be inert when absent and correct when active.	Source/RimConnectSupport.cs;Source/BridgeTools/ZombielandBridgeTools.RimConnect.cs	not_applicable	loadBefore and support hooks	zombieland/startup_support_state optionalIntegrations;zombieland/rimconnect_* if active	betterscenes.rimconnect	unknown	Detect optional mod safely and avoid hard dependency crashes.	K.OPTIONAL.INTEGRATIONS	S-Optional-Mod-Compat	SOURCE_AUDIT;RW16_TARGET_AUDIT;OPTIONAL_MOD_COMPAT;CONTRACT_RUNTIME;SCENARIO_RUNTIME;LOG_CLEAN	contract_runtime	resolved	TEST_COVERAGE.md L evidence;560065a;1143ea7;TEST_PATCH_AUDIT dynamic summary;local About.xml scan 2026-06-01;EV.RUNTIME.RIMCONNECT.ACTIVE_CURRENT;EV.RUNTIME.RIMCONNECT.CONNECTED_STUB	No known RimConnect/Zombieland compatibility gap remains in the local connected harness; production RimConnect service availability remains an external integration concern.	Owns RimConnect compatibility only; base Zombieland behavior remains in its feature rows.	Local Better-Scenes/RimConnect-mod checkout commit 6b9c0a0 was manually built into Mods/RimConnect/1.6/Assemblies with RestSharp and 0MultiplayerAPI dependencies. Active startup support reports packageActive=true, runtimeState=active, missingMemberCount=0, and patchTargetCount=2 for ActionList.GenerateActionList and CommandOptionSettings.DoWindowContents. ZL_CE_EMPTY_00 passed special zombie queueing, rage/kill-all, and super zombie drop contracts. A connected follow-up temporarily rebuilt the external RimConnect DLL with DEBUG localhost BASE_URL and used scripts/rimconnect-local-backend.py; the backend recorded 643 valid commands and world Diphda II, RimConnect settings showed Connected, the Items command-option window opened and rendered, all three RimConnect contracts passed again, and warning-or-higher logs were empty. The release external DLL, normal ModsConfig.xml, RimWorld stopped state, and stopped backend were restored after the pass.
INT.CameraPlus	integration	optional_integrations	Optional integration CameraPlus should be inert when absent and correct when active.	Source/CameraPlusSupport.cs;Source/BridgeTools/ZombielandBridgeTools.Core.cs	not_applicable	CameraPlus render/camera compatibility	zombieland/startup_support_state optionalIntegrations;rimworld/screenshot_cell_rect	CameraPlus.CameraDelegates;CameraPlus.Caches.GetCachedCameraDelegate;CameraPlus.DotTools.GetMarkerColors;CameraPlus.DotTools.GetMarkerTextures	unknown	Detect optional mod safely and avoid hard dependency crashes.	K.OPTIONAL.INTEGRATIONS	S-Optional-Mod-Compat	SOURCE_AUDIT;RW16_TARGET_AUDIT;OPTIONAL_MOD_COMPAT;CONTRACT_RUNTIME;SCENARIO_RUNTIME;VISUAL_UI;LOG_CLEAN	contract_runtime	resolved	TEST_COVERAGE.md L evidence;CameraPlus decompiler 2026-06-01;Camera+ active runtime smoke 2026-06-01;EV.RUNTIME.STARTUP.CE_STACK_RECHECK	Installed Camera+ 1.6 decompiler confirms CameraDelegates searches the pawn assembly for CameraPlusSupport.Methods and DotTools consumes GetCameraPlusColors/GetCameraPlusMarkers. Active runtime with Camera+ enabled loaded EMPTY, startup_support_state reported packageActive=true, CameraDelegates/Caches/DotTools and Zombieland support methods/textures resolved with missingMemberCount=0, spawned Thing_Zombie6898, captured zl_cameraplus_active_marker_smoke_zombie__cell_rect.png at furthest zoom, advanced it into Stumble, and warning-or-higher logs were empty.	Owns CameraPlus compatibility only; base Zombieland behavior remains in its feature rows.	No open Camera+ active-runtime or inactive-classification gap remains; rerun only if Camera+ marker/delegate APIs, Zombieland marker support methods, or optional-member classification changes.
INT.CustomizationSkinBody	integration	optional_integrations	Optional integration CustomizationSkinBody should be inert when absent and correct when active.	Source/Customization.cs	not_applicable	Customization.Init;DoesAttractsZombies;custom render paths	zombieland/startup_support_state optionalIntegrations;zombieland/position_side_effects_contract	custom body/skin systems via type/reflection checks;global ZombielandSupport delegates	unknown	Detect optional mod safely and avoid hard dependency crashes.	K.OPTIONAL.INTEGRATIONS	S-Optional-Mod-Compat	SOURCE_AUDIT;RW16_TARGET_AUDIT;OPTIONAL_MOD_COMPAT;CONTRACT_RUNTIME;SCENARIO_RUNTIME;LOG_CLEAN	contract_runtime	resolved	TEST_COVERAGE.md L evidence;startup_support_state optionalIntegrations;EV.RUNTIME.CUSTOM_SUPPORT.ACTIVE_REGISTRATION	Local ZLTestSupport fixture registered one CanBecomeZombie and one AttractsZombies evaluator while loaded before Zombieland, loaded ZL_CE_EMPTY_00 visual-ready, and passed the reusable position side-effects contract. The active behavior cases prove custom false suppresses attraction trail, null keeps fallback trail behavior, custom true changes DoesAttractsZombies for an infecting pawn while Thing.Position still applies its later isNotInfected trail guard, and custom CanBecomeZombie false makes CannotBecomeZombie true; warning-or-higher logs stayed empty.	Owns the generic ZombielandSupport compatibility contract only; base Zombieland behavior and real third-party skin/body rendering remain in their feature rows.	Generic custom support registration and return-value semantics are active-runtime covered with a local fixture outside the repo.
SRC.BrainzThought	supporting_infra	supporting_infra	BrainzThought is the custom Thought payload used by the BRRAINZ thought-bubble path; behavior is owned by social/thought hygiene and the core bridge contract.	Source/BrainzThought.cs;Source/ZombieStateHandler.cs;Source/Tools.cs	Defs/Zombie_Thoughts.xml	not_applicable	zombieland/brainz_thought_bubble_contract	Thought;Thought.CurStageIndex;Thought.MoodOffset;Thought.ExposeData;MoteBubble;ThingMaker.MakeThing	unknown	Return a stable custom thought stage/mood value so ZombieStateHandler can emit the BRRAINZ thought/mote path without ordinary pawn thought side effects.	K.SOCIAL.SELECTION	S-Social-Selection;S-Core-Horde-Loop	SOURCE_AUDIT;RW16_TARGET_AUDIT;CONTRACT_RUNTIME;LOG_CLEAN	source_only	resolved	EV.STATIC.BRAINZ_THOUGHT_SUPPORT;zombieland/brainz_thought_bubble_contract documented in BRIDGE.Core	No open source-backstop gap; rerun only if BrainzThought, ZombieStateHandler.CastBrainzThought, Tools.CastThoughtBubble, ZombieThought def binding, or RimWorld Thought base surfaces change.	Backstop only; do not duplicate social/thought coverage already owned by K.SOCIAL.SELECTION.	BrainzThought changed from the baseline by returning CurStageIndex 0 instead of throwing; RimWorld 1.4 and 1.6 Thought surfaces are unchanged, and existing bridge code proves a real ZombieThought mote with Constants.BRRAINZ through the reusable thought-bubble contract.
SRC.ColonyEvaluation	supporting_infra	quests	ColonyEvaluation scores combat-capable colonists, carried gear and visible map armoury for dynamic zombie threat and debug inspector reporting.	Source/ColonyEvaluation.cs;Source/Tools.cs;Source/TickManager.cs;Source/Patches.cs	not_applicable	not_applicable	zombieland/incident_threat_state	PawnCapacityDefOf;ThingRequestGroup.Apparel;ThingRequestGroup.Weapon;Building_Turret;EditWindow_DebugInspector.CurrentDebugString	unknown	Feed colony/armoury/defense point totals into TickManager threat calculations and the debug inspector without owning incident execution directly.	H.QUESTS.INCIDENTS	S-Incident-Threat	SOURCE_AUDIT;CONTRACT_RUNTIME;SCENARIO_RUNTIME	source_only	resolved	EV.STATIC.COLONY_THREAT_SUPPORT_SURFACE;H.QUESTS.INCIDENTS and S-Incident-Threat runtime evidence already own threat behavior	No open source-backstop gap; broader storyteller firing remains on H.QUESTS.INCIDENTS rather than this helper.	Backstop only; do not duplicate incident/threat coverage already owned by H.QUESTS.INCIDENTS.	Current source shows this is only consumed through Tools.ColonyPoints, TickManager.RecalculateColonyPoints and the debug inspector colony-point readout.
SRC.ColorData	supporting_infra	rendering	ColorData is the pixel-buffer helper behind graphics recoloring, texture atlases and variable zombie/item materials.	Source/ColorData.cs;Source/GraphicsDatabase.cs;Source/GraphicToolbox.cs;Source/TextureAtlas.cs;Source/VariableGraphic.cs;Source/VariableMaterial.cs	Textures/*;Resources/*	not_applicable	zombieland/spawn_reference_lineup;zombieland/area_workflow_state actionMode:render-node-graphics	Texture2D.GetPixels;Texture2D.SetPixels;Color[];Graphic.Init;GraphicRequest;MaterialRequest;MaterialPool.MatFrom	unknown	Keep recolored/generated textures deterministic while feature rows own the visible graphics behavior.	F.RENDERING.VISUALS	S-Visual-Lineup;S-Special-Gauntlet	SOURCE_AUDIT;RW16_TARGET_AUDIT;VISUAL_UI;SCENARIO_RUNTIME	source_only	resolved	EV.STATIC.COLORDATA_GENERATED_TEXTURE_SUPPORT;EV.STATIC.BASELINE_UNCHANGED_ZOMBIE_STAINS;F.RENDERING.VISUALS visual runtime evidence	No open source-backstop gap; changed texture algorithms, atlas dimensions, stain placement or generated material lifecycle should create named visual rows.	Backstop only; do not duplicate rendering coverage already owned by F.RENDERING.VISUALS.	Helper has no independent player workflow; static pass verified unchanged generated-texture code/assets, row-major crop/paste path, square current zombie base frames, and compatible RimWorld Graphic/MaterialRequest lifecycle.
SRC.Constants.AdvancedSettings	supporting_infra	settings	Constants advanced settings define versioned debug/tuning values, merge `ZombielandAdvancedSettings.json`, coerce JSON scalar/array types, and apply field updates through Harmony Traverse.	Source/Constants.cs;Source/Dialog_AdvancedSettings.cs;Source/SettingsDialog.cs	ZombielandAdvancedSettings.json	not_applicable	zombieland/settings_state actionMode:modal	JsonSerializer;JsonTextReader;JsonTextWriter;JArray;Traverse.Field;ConstantAttribute;GenFilePaths.ConfigFolderPath;Window.PreClose	unknown	Keep advanced constants migration/persistence assigned to the settings scenario instead of hiding it in a broad helper row.	B.SETTINGS.WORLD_DEFAULTS	S-Settings-Persistence	SOURCE_AUDIT;RW16_TARGET_AUDIT;SCENARIO_RUNTIME;SAVE_LOAD;LOG_CLEAN	source_only	resolved	EV.STATIC.ADVANCED_SETTINGS_CONSTANTS_SUPPORT;TEST_SCENARIOS.md S-Settings-Persistence modal evidence	No source-backstop gap; default-settings restart persistence remains tracked on B.SETTINGS.WORLD_DEFAULTS. Add runtime only if constants migration code, advanced settings controls, or a named setting/effect pair changes.	Backstop only; do not duplicate settings persistence coverage already owned by B.SETTINGS.WORLD_DEFAULTS.	Static pass verified Current/Load/Save/Apply merge, version upgrade, stale-key ignore, double/long/JArray coercion, Traverse application and Dialog_AdvancedSettings PreClose persistence. Decompiler confirmed the RimWorld config path and window lifecycle APIs still exist; live config had DEBUG_MAX_ZOMBIE_COUNT restored after earlier modal evidence.
SRC.Constants.VisualAssets	supporting_infra	rendering	Constants initializes shared static materials, textures, meshes, body overlays, button icons, contamination overlays, electric/glow assets, scream pairs, tar slimes and chainsaw icons.	Source/Constants.cs;Source/GraphicsDatabase.cs;Source/GraphicToolbox.cs	Textures/*;Resources/*;Sounds/*	not_applicable	zombieland/startup_support_state;zombieland/spawn_reference_lineup;zombieland/special_gauntlet_state	MaterialPool.MatFrom;ContentFinder.Get;ShaderDatabase;BodyTypeDefOf.Child;MeshMakerPlanes.NewPlaneMesh	unknown	Keep visual/asset constants tied to cold-load and rendering evidence while feature rows own visible behavior.	F.RENDERING.VISUALS	S-Startup-ColdLoad;S-Visual-Lineup;S-Special-Gauntlet;S-Defense-Room	SOURCE_AUDIT;DEF_RESOLUTION;VISUAL_UI;LOG_CLEAN	source_only	resolved	EV.STATIC.CONSTANTS_VISUAL_ASSETS_SUPPORT;EV.STATIC.BASELINE_UNCHANGED_ZOMBIE_STAINS;EV.STATIC.COLORDATA_GENERATED_TEXTURE_SUPPORT;TEST_COVERAGE.md visual/static evidence	No open source-backstop gap; changed asset constants should create named visual or cold-load rows only when they affect behavior.	Backstop only; do not duplicate rendering/cold-load coverage already owned by A.DEFS.COLDLOAD and F.RENDERING.VISUALS.	Static pass confirms the 1.6 material, texture, mesh and BodyTypeDefOf.Child surfaces remain valid; runtime output remains owned by startup, visual-lineup, special-gauntlet, defense-room, contamination UI, rubble, generated-texture and audio evidence.
SRC.Constants.RuntimeTuning	supporting_infra	core_zombie	Constants runtime tuning fields gate contamination, sounds, spawn hours, pheromone radii, attack distances, zombie clogging, rubble animation, ambient sounds and debug overlays.	Source/Constants.cs;Source/TickManager.cs;Source/Tools.cs;Source/ContaminationPatchesMisc.cs	not_applicable	not_applicable	multiple owning feature rows and bridge contracts	GenDate;GenTicks;PheromoneGrid;DebugViewSettings;Prefs.VolumeAmbient	unknown	Expose cross-feature tuning constants as a source-owned surface while runtime behavior stays with core, contamination, incident and visual rows.	C.CORE.ZOMBIE_LOOP	S-Core-Horde-Loop;S-Dense-Performance;C0-state-serializer;S-Incident-Threat	SOURCE_AUDIT;SCENARIO_RUNTIME;SAVE_LOAD;LOG_CLEAN	source_only	resolved	EV.STATIC.CONSTANTS_RUNTIME_TUNING_SUPPORT;EV.STATIC.BASELINE_UNCHANGED_PHEROMONE_GRID;EV.STATIC.RUBBLE_SAVE_RENDER_SUPPORT;TEST_COVERAGE.md core/static evidence	No helper-only runtime gap; changed tuning semantics should be tested through the affected feature row.	Backstop only; do not duplicate core/contamination/incident behavior already owned by those rows.	Static pass splits runtime tuning from advanced-settings persistence and visual assets; 1.6 keeps GenDate, GenTicks, Prefs.VolumeAmbient and DebugViewSettings surfaces needed by current consumers.
SRC.CountingCache	supporting_infra	rendering	CountingCache throttles regenerated pawn head textures for dangerous-area overlays; the visual/area workflow owns the player-visible behavior.	Source/CountingCache.cs;Source/ZombieAreaManager.cs	not_applicable	not_applicable	zombieland/area_workflow_state actionMode:dangerous-area-overlays	Texture2D;Area.Color;Area.MarkForDraw;Find.PawnCacheRenderer;PawnCacheRenderer.RenderPawn;Pawn head overlay textures	unknown	Prevent repeated texture allocation while drawing dangerous-area pawn head overlays.	F.RENDERING.VISUALS	S-Hostility-Area-Workflow	SOURCE_AUDIT;RW16_TARGET_AUDIT;VISUAL_UI;SCENARIO_RUNTIME	source_only	resolved	EV.STATIC.COUNTINGCACHE_DANGEROUS_AREA_SUPPORT;F.RENDERING.VISUALS and S-Hostility-Area-Workflow own overlay evidence	No open source-backstop gap; rerun only if dangerous-area head rendering, Zombieland pawn classification, PawnCacheRenderer.RenderPawn, or Area draw APIs change.	Backstop only; do not duplicate visual/area coverage already owned by F.RENDERING.VISUALS.	CountingCache remains local; maxAccessCount=120 for ZombieAreaManager pawn head textures, replacement clears old textures through UnityEngine.Object.Destroy, only non-Zombieland pawns generate cached head textures, and current source uses the RimWorld 1.6 PawnCacheRenderer.RenderPawn call shape.
SRC.Debouncer	supporting_infra	contamination	Debouncer delays contamination grid redraw work through a low-priority Game.UpdatePlay postfix; contamination state/drawing owns the behavior.	Source/Debouncer.cs;Source/ContaminationManager.cs	not_applicable	brrainz.debouncer Game.UpdatePlay postfix	not_applicable	Game.UpdatePlay;Find.TickManager.Paused;CellBoolDrawer.SetDirty;CellBoolDrawer.CellBoolDrawerUpdate;CellBoolDrawer.MarkForDraw	unknown	Throttle dirty redraw execution without changing contamination values or standalone gameplay.	G.CONTAMINATION.C0_STATE	C0-state-serializer;C6-ui-quest	SOURCE_AUDIT;RW16_TARGET_AUDIT;VISUAL_UI	source_only	resolved	EV.STATIC.DEBOUNCER_CONTAMINATION_DRAW_SUPPORT;G.CONTAMINATION.C0_STATE and C6 runtime evidence	No open source-backstop gap; if Game.UpdatePlay, CellBoolDrawer, Debouncer or contamination drawer cadence changes, rerun a focused static pass and only add runtime if overlay evidence regresses.	Backstop only; do not duplicate contamination state/overlay coverage already owned by G.CONTAMINATION.C0_STATE and G.CONTAMINATION.C6_UI_QUEST.	The helper patches Game.UpdatePlay once, runs at most one queued action per update, and is currently consumed only by ContaminationGrid.SetDirty; active-map overlay dirtiness remains direct in ContaminationManager.DrawerUpdate.
SRC.DebugActions	supporting_infra	supporting_infra	Zombieland debug actions provide developer map tools for spawning zombies/incidents, conversion, infection, contamination edits, decontamination quest creation, and contamination-effect setup.	Source/Dialog_ZombieDebugActionMenu.cs;Source/ZombieRuntimeActions.cs	not_applicable	not_applicable	zombieland/spawn_zombie;zombieland/write_contamination_state;zombieland/infection_medical_state;zombieland/incident_threat_state;zombieland/contamination_ui_quest_contract	LudeonTK.DebugActionAttribute;DebugTabMenu_Actions.GenerateCacheForMethod;DebugActionType.ToolMap;UI.MouseCell;FloodFiller	unknown	Keep development debug menu actions attached to already-owned runtime behavior without making every debug action a standalone scenario.	B.SETTINGS.WORLD_DEFAULTS	H.QUESTS.INCIDENTS;G.CONTAMINATION.C0_STATE;G.CONTAMINATION.C6_UI_QUEST;I.INFECTION.MEDICAL;C.SPECIAL.ZOMBIES	SOURCE_AUDIT;RW16_TARGET_AUDIT;CONTRACT_RUNTIME	source_only	resolved	EV.STATIC.DEBUG_ACTIONS_DISPOSITION;TEST_COVERAGE.md B debug-action disposition	No open debug-action runtime gap; add runtime evidence only if the debug menu itself becomes a named supported scenario or a specific action regresses outside its owning feature row.	Backstop only; do not add bespoke bridge endpoints for every debug action.	Decompiler confirms RimWorld 1.6 still creates delegates for static void DebugAction methods, preserves ToolMap, keeps UI.MouseCell and keeps FloodFiller's bounded FloodFill overload. Current actions fan into covered owners: ZombieRuntimeActions, ZombiesRising, contamination grid/extension helpers, decontamination quest creation, infection helpers, and ContaminationManager effect setup.
SRC.Dialog_ErrorMessage	supporting_infra	startup	Dialog_ErrorMessage is the legacy scrollable startup failure modal retained after grouped patch failures moved to Dialog_PatchGroupFailures.	Source/Dialog_ErrorMessage.cs;Source/Patches.cs	not_applicable	legacy startup error collection	zombieland/startup_support_state	Window;Window.InitialSize;Window.DoWindowContents;Find.WindowStack;WindowStack.Add;Widgets.Label;Widgets.BeginScrollView;Text.CalcHeight;MainMenuDrawer.Init	unknown	Keep the legacy force-pausing error dialog source assigned while active grouped failure reporting uses PatchGroups.	A.STARTUP.LOAD	S-Startup-ColdLoad	SOURCE_AUDIT;RW16_TARGET_AUDIT;CONTRACT_RUNTIME;LOG_CLEAN	source_only	resolved	EV.STATIC.DIALOG_ERROR_MESSAGE_SUPPORT;startup_support_state normal path recorded errorCount=0 and no legacy Dialog_ErrorMessage	No open source-backstop gap; positive forced-error UI remains optional unless legacy startup-error handling is revived.	Backstop only; do not duplicate startup cold-load coverage already owned by A.STARTUP.LOAD.	The window itself is simple UI plumbing over RimWorld Window and widget APIs; current startup handling uses the grouped-failure dialog instead.
SRC.Dialog_PatchGroupFailures	supporting_infra	startup	Dialog_PatchGroupFailures is the compact start-screen modal that reports grouped patch failures after Zombieland disables failed feature groups.	Source/Dialog_PatchGroupFailures.cs;Source/PatchGroups.cs;Source/Patches.cs	not_applicable	MainMenuDrawer_Init_Patch;PatchGroups.TryShowFailureDialogAtStartScreen	zombieland/startup_support_state	Window;Window.InitialSize;Window.DoWindowContents;Find.WindowStack;WindowStack.Add;Widgets.Label;Widgets.BeginScrollView;Widgets.ButtonText;TooltipHandler;MainMenuDrawer.Init	unknown	Show a small Done-only patch-group status dialog only when grouped patch application records failures and the game is back at the entry screen.	A.STARTUP.LOAD	S-Startup-ColdLoad	SOURCE_AUDIT;RW16_TARGET_AUDIT;CONTRACT_RUNTIME;LOG_CLEAN	source_only	resolved	current source build and consistency reconciliation 2026-06-09	No open source-backstop gap; a forced failure UI fixture is optional unless patch-group reporting changes or a reported issue names the dialog branch.	Backstop only; do not duplicate startup cold-load coverage already owned by A.STARTUP.LOAD.	The dialog is UI plumbing over PatchGroups.Current; normal runtime coverage should prove no failed groups and no dialog, while deliberate failure injection should stay separate from ordinary startup diagnostics.
SRC.DisposableMaterial	supporting_infra	rendering	DisposableMaterial owns temporary generated material cleanup for variable graphics/materials; visual rows own player-visible behavior.	Source/DisposableMaterial.cs;Source/VariableMaterial.cs;Source/VariableGraphic.cs	Textures/*;Resources/*	not_applicable	zombieland/spawn_reference_lineup	Material;Texture2D;UnityEngine.Object.Destroy;MaterialRequest;MaterialPool.MatFrom	unknown	Destroy generated material textures when variable graphics replace them, without creating a separate player workflow.	F.RENDERING.VISUALS	S-Visual-Lineup;S-Special-Gauntlet	SOURCE_AUDIT;RW16_TARGET_AUDIT;VISUAL_UI	source_only	resolved	EV.STATIC.DISPOSABLE_MATERIAL_CLEANUP_SUPPORT;F.RENDERING.VISUALS owns generated graphics evidence	No open source-backstop gap; memory/perf regressions in variable graphics should become named visual/performance rows.	Backstop only; do not duplicate rendering coverage already owned by F.RENDERING.VISUALS.	Current source shows this is only used by VariableMaterial.GetMaterial; VariableGraphic owns disposal fanout and RimWorld MaterialRequest/MaterialPool surfaces remain compatible.
SRC.Rubble	supporting_infra	rendering	Rubble is the zombie wall-smash rubble animation/save payload used by Zombie.HandleRubble and Zombie.RenderRubble.	Source/Rubble.cs;Source/Zombie.cs	Resources/Rubble texture	not_applicable	not_applicable	IExposable;Scribe_Values.Look;MaterialPool.MatFrom	unknown	Preserve and render transient rubble particles during zombie wall pressure without owning the core zombie loop.	F.RENDERING.VISUALS	S-Core-Horde-Loop;S-Defense-Room	SOURCE_AUDIT;VISUAL_UI;SAVE_LOAD	source_only	resolved	EV.STATIC.RUBBLE_SAVE_RENDER_SUPPORT	No open baseline source-backstop gap; direct mid-wall-smash save-load remains additive if wall destruction becomes a named branch row.	Backstop only; do not duplicate core/defense coverage already owned by C.CORE.ZOMBIE_LOOP and S-Defense-Room.	Source audit found and fixed destY being serialized through destX, which would corrupt rubble animation state across save-load.
SRC.Tools.SettingsUi	supporting_infra	settings	Tools settings/UI helpers cover reset defaults, Twinkie replacement, translated labels, custom sliders/buttons/search, mod menu icon/background, doctor/hunt checks and workgiver-facing settings predicates.	Source/Tools.cs;Source/DialogExtensions.cs;Source/ZombieAreaManager.cs;Source/Gizmos.cs;Source/WorkGivers.cs	not_applicable	Root_Play_SetupForQuickTestPlay_Patch;WorkGiver_Scanner_*	zombieland/settings_state;rimworld/list_selected_gizmos	RimWorld.QuickSearchWidget;Verse.Widgets.HorizontalSlider;ThingDefOf.MealSurvivalPack;PawnCapacityDefOf.Manipulation;WorkTypeDefOf.Doctor	unknown	Keep settings support helpers assigned to settings/player-flow evidence without creating helper-only runtime contracts.	B.SETTINGS.WORLD_DEFAULTS	S-Settings-Persistence	SOURCE_AUDIT;SCENARIO_RUNTIME;PLAYER_FLOW;VISUAL_UI	source_only	resolved	EV.STATIC.TOOLS_SETTINGS_UI_SUPPORT;TEST_COVERAGE.md settings evidence	No open source-backstop gap; remaining settings gaps stay on named B.SETTINGS.WORLD_DEFAULTS setting/effect rows, not this helper row.	Backstop only; do not duplicate settings UI and workgiver coverage already owned by B.SETTINGS.WORLD_DEFAULTS.	Source/decompiler reread confirms ResetSettings, EnableTwinkie, SafeTranslate, HorizontalSlider, ButtonText, OnGUISimple, CanDoctor and CanHunt still route into already-evidenced settings, gizmo and WorkGiver behavior; QuickSearchWidget lives in RimWorld in 1.4 and 1.6.
SRC.Tools.CorePathing	supporting_infra	core_zombie	Tools core/pathing helpers cover pheromone grid access, player-reachable regions, random spawn cells, zombie avoidance rules, avoid radii, adjacent-thing iteration, chain reaction timestamps, move costs and wall/door checks.	Source/Tools.cs;Source/PheromoneGrid.cs;Source/ZombieStateHandler.cs;Source/TickManager.cs;Source/ZombieAvoider.cs	not_applicable	Pawn_PathFollower_*;Building_Door_PawnCanOpen_Patch;GenClamor_DoClamor_Patch;Pawn_HearClamor_Patch	zombieland/zombie_ticking_feedback_contract;zombieland/area_workflow_state;zombieland/defense_room_state;zombieland/wait_for_semantic_change;zombieland/zombie_clamor_suppression	Region;Room;RCellFinder.TryFindRandomPawnEntryCell;PheromoneGrid;ThingGrid;Building_Door;Pawn.HearClamor	unknown	Keep zombie movement and avoid-grid support assigned to core/pathing scenarios.	C.CORE.ZOMBIE_LOOP	S-Core-Horde-Loop;S-Defense-Room;S-Hostility-Area-Workflow	SOURCE_AUDIT;RW16_TARGET_AUDIT;SCENARIO_RUNTIME;SAVE_LOAD;LOG_CLEAN	source_only	resolved	EV.STATIC.BASELINE_UNCHANGED_PHEROMONE_GRID;TEST_COVERAGE.md core/pathing runtime evidence	No open source-backstop gap; direct wall-smash/destruction remains additive feature work, not a helper gap.	Backstop only; do not duplicate core/pathing behavior already owned by C.CORE.ZOMBIE_LOOP and D.PATHING.DOOR_AVOIDANCE.	PheromoneGrid lifecycle and Tools.GetGrid were rechecked against RimWorld 1.6 map component lifecycle; ChainReact bounds safety relies on PheromoneGrid.GetPheromone bounds checks before BumpTimestamp, and direct zombie-hearer suppression is covered by the clamor contract.
SRC.Tools.SpawnThreat	supporting_infra	quests	Tools spawn/threat helpers cover spawn timing, difficulty, spitter timing, room spawns, blacklisted biomes, colony point aggregation and visible-value room selection.	Source/Tools.cs;Source/ColonyEvaluation.cs;Source/TickManager.cs;Source/ZombieIncidents.cs	not_applicable	GlobalControlsUtility_DoDate_Patch;IncidentWorker_Raid_TryExecuteWorker_Patch	zombieland/incident_threat_state;zombieland/fogged_door_spawns_room_zombies	Storyteller;Room;BiomeDef;Building_Turret;IAttackTargetSearcher;PawnCapacityDefOf	unknown	Keep incident/spawn support helpers assigned to the incident/threat scenario.	H.QUESTS.INCIDENTS	S-Incident-Threat;S-Core-Horde-Loop	SOURCE_AUDIT;SCENARIO_RUNTIME;SAVE_LOAD;LOG_CLEAN	source_only	resolved	EV.STATIC.COLONY_THREAT_SUPPORT_SURFACE;TEST_COVERAGE.md incident/threat evidence	No open source-backstop gap; future full storyteller end-to-end firing remains on H.QUESTS.INCIDENTS.	Backstop only; do not duplicate incident/threat coverage already owned by H.QUESTS.INCIDENTS.	ColonyPoints now has its own source row; this row owns the broader Tools-side spawn/threat glue, and the colony-threat static pass rechecked current Tools/TickManager/ZombieIncidents consumers against RimWorld 1.6 threat inputs.
SRC.Tools.InfectionConversion	supporting_infra	save_load	Tools infection/conversion helpers queue corpse/pawn conversion, add forced infection hediffs, convert pawns/corpses into zombies, preserve appearance/history, send letters and drop loot/extract amounts.	Source/Tools.cs;Source/HediffComp_Zombie_Infecter.cs;Source/JobDriver_DoubleTap.cs;Source/JobDriver_ExtractZombieSerum.cs;Source/ZombieCorpse.cs	Defs/Zombie_Hediffs.xml;Defs/Zombie_Recipes.xml;Defs/Zombie_Letter.xml	Corpse_RotStageChanged_Patch;Corpse_TickRare_Patch;Pawn_Kill_Patch	zombieland/infection_workflow_state;zombieland/infection_medical_state	ThingWithComps;Corpse.InnerPawn;Pawn.Kill;LetterStack.ReceiveLetter;Scribe	unknown	Keep infection/conversion support assigned to the infection medical scenario.	I.INFECTION.MEDICAL	S-Infection-Medical;S-Core-Horde-Loop	SOURCE_AUDIT;SCENARIO_RUNTIME;SAVE_LOAD;LOG_CLEAN	source_only	resolved	EV.STATIC.INFECTION_MEDICAL_SUPPORT_SURFACE;TEST_COVERAGE.md infection runtime evidence	No helper-only gap; additive infection polish belongs in I.INFECTION.MEDICAL.	Backstop only; do not duplicate infection/corpse conversion coverage already owned by I.INFECTION.MEDICAL.	Current live infection workflow covered infection alerts, corpse conversion queue state, double-tap corpse, extraction tracking and clean logs; the infection-medical static pass rechecked hediff, recipe, job, filter, alert and workgiver hooks against RimWorld 1.6 surfaces.
SRC.Tools.RenderingAudio	supporting_infra	rendering	Tools rendering/audio helpers load textures, blend recolors, emit thought/block/bump motes, play tanky/electric/smash sounds, create fake zombie render textures and draw debug positions.	Source/Tools.cs;Source/GraphicsDatabase.cs;Source/ZombieAreaManager.cs;Source/TickManager.cs	Textures/*;Sounds/*;Defs/Zombie_Sounds.xml	not_applicable	zombieland/spawn_reference_lineup;zombieland/special_gauntlet_state;zombieland/brainz_thought_bubble_contract;zombieland/defense_room_state	ContentFinder;Texture2D.LoadImage;SoundInfo.InMap;ThingMaker.MakeThing;Find.PawnCacheRenderer.RenderPawn;RenderTexture	unknown	Keep rendering/audio support helpers assigned to visual and item/special scenarios.	F.RENDERING.VISUALS	S-Visual-Lineup;S-Special-Gauntlet;S-Defense-Room	SOURCE_AUDIT;VISUAL_UI;SCENARIO_RUNTIME;LOG_CLEAN	contract_runtime	resolved	TEST_COVERAGE.md visual/audio evidence;Source read 2026-05-31;EV.RUNTIME.SOS2.SPACE_FLOATERS	Changed audio/visual helper behavior should become a named visual/audio row. Static SoS floater render textures must not be released with RenderTexture.ReleaseTemporary.	Backstop only; do not duplicate visual/audio coverage already owned by F.RENDERING.VISUALS and J.BUILDINGS.ITEMS.	Defense-room and special-gauntlet evidence cover visible/sound-producing consumers; sound trigger index tracks remaining sound-specific surfaces.
SRC.Tools.SerializationPersistence	supporting_infra	save_load	Tools serialization helpers encode/decode Bson hex settings, auto-expose settings with defaults, serialize arrays of IExposable entries and repair lister-things references.	Source/Tools.cs;Source/ZombieSettings.cs;Source/ColonistSettings.cs;Source/ContaminationSerializer.cs;Source/PheromoneGrid.cs	not_applicable	not_applicable	zombieland/settings_state;zombieland/contamination_core_contract;zombieland/uninstall_hygiene_state	Scribe;Scribe_Collections;Scribe_Values;Scribe_Deep;ScribeExtractor;BsonWriter;BsonReader;Region.ListerThings	unknown	Keep persistence helper behavior assigned to save-load scenarios instead of treating it as standalone gameplay.	B.SETTINGS.WORLD_DEFAULTS	S-Settings-Persistence;C0-state-serializer;S-Uninstall-Hygiene	SOURCE_AUDIT;RW16_TARGET_AUDIT;SAVE_LOAD;SCENARIO_RUNTIME;LOG_CLEAN	source_only	resolved	EV.STATIC.TOOLS_SERIALIZATION_PERSISTENCE_SUPPORT;TEST_COVERAGE.md settings and contamination save-load evidence	No helper-only source gap; rerun if AutoExposeDataWithDefaults, SettingsGroup persistence, Bson copy/paste, Tools.Look<T[]>, ContaminationSerializer, or RimWorld Scribe overloads change.	Backstop only; do not duplicate persistence coverage already owned by settings, contamination and uninstall rows.	AutoExposeDataWithDefaults current consumers are settings/state persistence surfaces already represented in scenarios; static pass verified the 1.6 Scribe_Collections overload drift and current strict string-label overload selection for List<>/HashSet<>.
SRC.Tools.HarmonyIL	supporting_infra	startup	Tools Harmony/IL helpers build extra-argument transpilers, closure call-site discovery, method-body call searches, Downed replacement and method discovery for contamination dynamic patches and two downed-pawn transpilers.	Source/Tools.cs;Source/Patches.cs;Source/ContaminationPatchesBuilding.cs;Source/ContaminationPatchesFilth.cs;Source/ContaminationPatchesMisc.cs;Source/ContaminationPatchesPlants.cs;Source/ContaminationPatchesPollutionSnow.cs	not_applicable	ThingComp_MakeThing_Patch;Jobdriver_ClearPollution_Spawn_Patch;MedicalRecipesUtility_GenSpawn_Spawn_Patches;JobDriver_PlantWork_MakeNewToils_Patch;JobDriver_ClearSnow_MakeNewToils_Patch;JobDriver_RepairMech_MakeNewToils_Patch;Pawn_MeleeVerbs_GetUpdatedAvailableVerbsList_Patch;Pawn_PathFollower_StartPath_Patch	scripts/coverage-inventory.sh;TEST_PATCH_AUDIT.md;decompiler RimWorld 1.6 representative closure check	CodeInstruction;ILGenerator;PatchProcessor.ReadMethodBody;AccessTools;HarmonyMethod;MethodBase;JobDriver_ClearPollution.MakeNewToils	unknown	Keep patch infrastructure source ownership mapped while patch-row granularity remains governed by A.HARMONY.INVENTORY.	A.HARMONY.INVENTORY	S-Source-Patch-Audit;contamination patch rows;pathing/hostility patch rows	SOURCE_AUDIT;RW16_TARGET_AUDIT;RW14_RW16_SEMANTIC_DIFF;BRIDGE_TOOL_REVIEW	source_only	resolved	EV.STATIC.TOOLS_HARMONY_IL_SUPPORT;TEST_PATCH_AUDIT.md;current local patch inventory	No remaining source-backstop gap; explicit row expansion for audit-only helper consumers remains under A.HARMONY.INVENTORY and UNASSIGNED_SURFACES patch_inventory.	Backstop only; do not create helper-only runtime tests for IL utilities.	Consumer reconciliation found every Tools Harmony/IL helper consumer either has an explicit PATCH row or a TEST_PATCH_AUDIT target/semantic row; current decompiler evidence confirms representative closure/call-site assumptions for ClearPollution, ClearSnowAndSand, Pawn_MeleeVerbs, Pawn_PathFollower and Pawn.Downed.
SRC.PatchGroups	supporting_infra	startup	PatchGroups applies Zombieland Harmony patch classes in ordered feature groups, rolls back a failing group, exposes group results, and records late optional integration failures.	Source/PatchGroups.cs;Source/Patches.cs;Source/CETools.cs	not_applicable	all Zombieland Harmony patch classes;CETools_Patch1;CETools_Patch2;CETools_Patch3;CETools_Patch4	scripts/coverage-inventory.sh;zombieland/startup_support_state	HarmonyLib.HarmonyPatch;HarmonyLib.PatchClassProcessor.Patch;HarmonyLib.PatchClassProcessor.Unpatch;HarmonyLib.Harmony;LongEventHandler;ProgramState.Entry;WindowStack	unknown	Replace one-shot PatchAll with grouped all-or-off patch application and a small queryable result API for future feedback plumbing.	A.HARMONY.INVENTORY	S-Source-Patch-Audit;S-Startup-ColdLoad	SOURCE_AUDIT;RW16_TARGET_AUDIT;CONTRACT_RUNTIME;LOG_CLEAN	source_only	resolved	current source build and consistency reconciliation 2026-06-09	No open source-backstop gap; positive rollback/failure injection is optional unless patch grouping logic changes or a startup regression is reported.	Backstop only; feature behavior remains owned by the existing PATCH and feature rows, not this infrastructure row.	The normal-path evidence should prove all expected groups succeed and no dialog is shown; grouped failure rows expose label, state, failed patch types, summary, detail and timestamp for later feedback integration.
SRC.Tools.OptionalIntegration	supporting_infra	optional_integrations	Tools optional-integration helpers detect Combat Extended, respect AlienRace/SoS2/Customization filters, and provide support calls used by CE/Vehicle/SoS/custom-body compatibility paths.	Source/Tools.cs;Source/CETools.cs;Source/AlienTools.cs;Source/VehicleTools.cs;Source/SoSTools.cs;Source/Customization.cs;Source/BridgeTools/ZombielandBridgeTools.SoS2.cs	not_applicable	optional dynamic patches	zombieland/startup_support_state optionalIntegrations;zombieland/sos2_ship_hologram_state	external type-name reflection;CombatExtended.Controller;SoS2 biome/world object defs;Vehicles.VehiclePawn	unknown	Keep optional-mod helper behavior assigned to the optional integration matrix.	K.OPTIONAL.INTEGRATIONS	S-Optional-Mod-Compat	SOURCE_AUDIT;OPTIONAL_MOD_COMPAT;CONTRACT_RUNTIME;LOG_CLEAN	contract_runtime	resolved_runtime	TEST_COVERAGE.md L evidence;startup_support_state optionalIntegrations;Source read 2026-05-31;local About.xml scan 2026-06-01;active CE clean fixture runtime 2026-06-01;EV.RUNTIME.STARTUP.CE_STACK_RECHECK;EV.RUNTIME.HAR.ACTIVE_FRAMEWORK;EV.RUNTIME.HAR.HUMAN_EATING_SEMANTICS;EV.RUNTIME.HAR.NON_FLESH_ALIEN_EATING_SEMANTICS;EV.RUNTIME.CUSTOM_SUPPORT.ACTIVE_REGISTRATION;EV.RUNTIME.VEHICLES.ACTIVE_FRAMEWORK;EV.STATIC.SOS2.CURRENT_TARGETS;EV.RUNTIME.SOS2.SPACE_FLOATERS;EV.RUNTIME.RIMCONNECT.ACTIVE_CURRENT;EV.RUNTIME.RIMCONNECT.CONNECTED_STUB;EV.RUNTIME.SOS2.SHIP_HOLOGRAM;EV.RUNTIME.DUBS.ANALYZER_UI	No known active local optional-helper runtime gap remains for the installed named optional integrations. Future helper evidence should be tied to a named optional-mod scenario instead of this backstop row.	Backstop only; do not claim full optional compatibility until unavailable dependencies get runtime evidence when installed.	CE resolves current targets and passes tanky/electrifier damage-stack smokes plus surgical-cut, base and current bursting-override projectile-noise, spitter after-armor, turret ammo behavior, and clean fixture reload/log smokes; HAR framework resolves the AlienRace member surface, loads ZL_CE_EMPTY_00 log-clean, preserves downed-pawn eating semantics for HAR-patched Human targets, and rejects local ZLTestNonFleshAlienKind corpse/downed targets through AlienTools.IsFleshPawn=false; local ZLTestSupport registers both generic delegates and proves custom support false/null/true return semantics through the attraction side-effects contract; Vehicle Framework has a local playable 1.6 assembly build and concrete ZLTestScoutVehicle movement evidence through Thing.Position/BumpTimestamps with moveSpeed=10, changedCount=709, and timestampAfter=320039000; current SoS2 target audit is source/decompiler-covered against local Bqr1s commit 7c9e1ec3, the local SoS2 runtime fixtures prove the OuterSpaceBiome floater path with 100/10 floaters plus ship-generation pawn conversion and hologram exclusion with clean Zombieland logs; RimConnect is now connected-runtime covered through the local backend stub: action contracts pass, settings patch target is installed, the command-option window opens, and logs are clean. Dubs analyzer UI also opens through a real click on the current local Dubs build with clean logs. The startup-support optional integration probe now treats internal support methods separately from external optional dependencies, keeping inactive Camera+ absent/successful while preserving active-mod member checks.
SRC.VictimHead	supporting_infra	ui	VictimHead renders the temporary severed-head visual effect after chainsaw slaughter.	Source/VictimHead.cs;Source/Chainsaw.cs;Source/TickManager.cs	not_applicable	not_applicable	zombieland/chainsaw_slaughter_zombie	Find.PawnCacheRenderer.RenderPawn;RenderTexture;MaterialPool;MaterialRequest;MeshPool.GetMeshSetForWidth;MapComponentUpdate	unknown	Create, animate, fade and clean up chainsaw victim head visuals while J.BUILDINGS.ITEMS owns the player item flow.	J.BUILDINGS.ITEMS	S-Defense-Room;S-Visual-Lineup	SOURCE_AUDIT;RW16_TARGET_AUDIT;VISUAL_UI;PLAYER_FLOW	source_only	resolved	EV.STATIC.VICTIM_HEAD_RENDER_SUPPORT;J.BUILDINGS.ITEMS chainsaw runtime evidence	No open source-backstop gap; rerun only if VictimHead, Chainsaw.Slaughter victim-head creation, TickManager victim-head drawing/cleanup, MeshPool head mesh APIs, MaterialRequest/MaterialPool, or PawnCacheRenderer.RenderPawn changes.	Backstop only; do not duplicate chainsaw coverage already owned by J.BUILDINGS.ITEMS.	Current source shows Chainsaw adds VictimHead to TickManager.victimHeads and TickManager.MapComponentUpdate draws the fading mesh; static pass verified the current 1.6 MeshPool replacement for removed humanlikeHeadSet plus the PawnCacheRenderer and MaterialRequest surfaces used by the portrait texture path.
SRC.ZombieRemover	supporting_infra	save_load	Source file Source/ZombieRemover.cs is assigned to the uninstall hygiene feature and scenario.	Source/ZombieRemover.cs	not_applicable	not_applicable	zombieland/uninstall_hygiene_state;save XML scan	GameDataSaveLoader.SaveGame;WorldPawns.ExposeData;FactionManager.ExposeData;BattleLog.Battles	unknown	Source ownership backstop for coverage consistency checks.	M.UNINSTALL.HYGIENE	S-Uninstall-Hygiene	SOURCE_AUDIT;RW16_TARGET_AUDIT;SCENARIO_RUNTIME;SAVE_LOAD;LOG_CLEAN	save_load	resolved	TEST_COVERAGE.md M uninstall evidence;TEST_SCENARIOS.md S-Uninstall-Hygiene;current save XML scan 2026-05-31;no-Zombieland load proof 2026-06-01	No open source-backstop gap; rerun through M.UNINSTALL.HYGIENE if remover behavior changes.	Backstop only; behavior is owned by M.UNINSTALL.HYGIENE and SCENARIO.S.UNINSTALL.HYGIENE.	Current scan found ZL_Uninstall_Hygiene_source.rws still has Zombieland refs while ZL_Uninstall_Hygiene_no_zl.rws has zero matches for the scrub pattern; the output save also loads and ticks for 30 ticks with Zombieland disabled and warning-or-higher logs empty.
BRIDGE.AwarenessCues	bridge_contract	bridge_tools	Scenario fixture mapped to B.SETTINGS.WORLD_DEFAULTS and F.RENDERING.VISUALS for awareness cue setting gates.	Source/BridgeTools/ZombielandBridgeTools.AwarenessCues.cs	not_applicable	not_applicable	zombieland/awareness_cues_contract;zombieland/awareness_cues_translation_state	RimBridgeServer.Annotations ToolAttribute;LetterStack;SoundDef;Sustainer;Mote	unknown	Provide controlled evidence for awareness cue letters, sounds, sustainers, thought bubbles and translation keys without owning player behavior directly.	B.SETTINGS.WORLD_DEFAULTS	S-Settings-Persistence;F.RENDERING.VISUALS	SOURCE_AUDIT;BRIDGE_TOOL_REVIEW;CONTRACT_RUNTIME;LOG_CLEAN	contract_runtime	resolved_runtime	TEST_COVERAGE.md awareness cue runtime evidence;TEST_SCENARIOS.md S-Settings-Persistence awareness cue evidence;op_afff80382cda4452abbe197f45d29aef;op_4032ac9dfb2d48c88d81e073e87fca59	No open awareness cue bridge source gap remains; future cue behavior belongs in named setting/effect rows.	Bridge row owns evidence production only; settings and visual rows own behavior.	Runtime awareness cue and translation contracts passed with clean logs and cover the bridge family source path.
SRC.ZombieAwarenessCues	supporting_infra	settings	Central setting gates for Zombieland letters, sirens, special ambient sounds, action sounds, wall/sabotage sounds and thought bubbles.	Source/ZombieAwarenessCues.cs	not_applicable	not_applicable	zombieland/awareness_cues_contract;zombieland/awareness_cues_translation_state	ZombieSettings.Values;Prefs.VolumeAmbient;Constants.USE_SOUND	unknown	Keep cue-setting checks centralized while behavior remains owned by settings and visual/audio scenarios.	B.SETTINGS.WORLD_DEFAULTS	S-Settings-Persistence;F.RENDERING.VISUALS	SOURCE_AUDIT;CONTRACT_RUNTIME;LOG_CLEAN	contract_runtime	resolved_runtime	TEST_COVERAGE.md awareness cue runtime evidence;TEST_SCENARIOS.md S-Settings-Persistence awareness cue evidence;op_afff80382cda4452abbe197f45d29aef	No open source-backstop gap; rerun awareness cue contracts if cue gates or consumers change.	Backstop only; do not duplicate settings and audio/visual behavior rows.	Runtime awareness cue contract proves each public gate suppresses and allows its representative downstream effect while preserving default-on behavior.
SRC.AnomalyTargeting	supporting_infra	hostility	Anomaly targeting helper classifies ghouls, shamblers, other entities and Nociosphere, applies tri-state attraction overrides and reverse zombie-hostility overrides.	Source/AnomalyTargeting.cs	not_applicable	GenHostility_HostileTo_Patch;AttackTargetFinder_BestAttackTarget_Patch	zombieland/anomaly_zombie_matrix;zombieland/anomaly_targeting_overrides;zombieland/anomaly_zombie_hostility_overrides;zombieland/anomaly_engagement_matrix	ModsConfig.AnomalyActive;Pawn.activity;CompCanBeDormant;Faction;Pawn.IsShambler;Pawn.IsSubhuman	unknown	Keep Anomaly helper policy assigned to the Anomaly hostility matrix instead of treating it as a separate gameplay surface.	E.HOSTILITY.TARGETING	S-Hostility-Area-Workflow	SOURCE_AUDIT;RW16_TARGET_AUDIT;CONTRACT_RUNTIME;LOG_CLEAN	contract_runtime	resolved_runtime	TEST_SCENARIOS.md Anomaly targeting override evidence;TEST_SCENARIOS.md Anomaly zombie-hostility override evidence;TEST_SCENARIOS.md Anomaly matrix evidence	No open source-backstop gap; future changes should rerun the named Anomaly matrix or override contracts.	Backstop only; Anomaly player-facing behavior remains owned by E.HOSTILITY.TARGETING.	Runtime Anomaly matrix and override evidence covers the helper's category, forced attraction, dormant/deactivated hard gates, and reverse-hostility decisions.
SRC.ZombieCorpseAppearance	supporting_infra	save_load	ZombieCorpseAppearance snapshots Zombieland corpse age, story graphics and special-type flags for corpse persistence and Death Pall resurrection support.	Source/ZombieCorpseAppearance.cs;Source/ZombieCorpse.cs	not_applicable	MutantUtility_CanResurrectAsShambler_Patch;MutantUtility_ResurrectAsShambler_Patch	zombieland/death_pall_zombie_corpse_contract	IExposable;Scribe_Values;Scribe_Defs;BodyTypeDef;HeadTypeDef;HairDef	unknown	Preserve enough zombie corpse appearance state for resurrection support without owning general corpse gameplay.	C.SPECIAL.ZOMBIES	S-Special-Gauntlet	SOURCE_AUDIT;SAVE_LOAD	source_only	resolved	Source audit 2026-06-06;Death Pall bridge contract source present	No open source-backstop gap; runtime Death Pall behavior should be a named Anomaly/content slice if it becomes active test work.	Backstop only; special zombie behavior remains owned by C.SPECIAL.ZOMBIES.	Source audit shows the helper captures and reapplies type flags, story appearance, age ticks and tanky/special state through ordinary Scribe fields.
SRC.ZombieDeathPallUtility	supporting_infra	core_zombie	ZombieDeathPallUtility gates Anomaly Death Pall raising of Zombieland corpses and converts eligible zombie corpses into fresh former-pawn Zombieland zombies.	Source/ZombieDeathPallUtility.cs;Source/ZombieCorpseAppearance.cs	not_applicable	MutantUtility_CanResurrectAsShambler_Patch;MutantUtility_ResurrectAsShambler_Patch	zombieland/death_pall_zombie_corpse_contract	ModsConfig.AnomalyActive;MutantUtility;Corpse;Room;ApparelUtility;ZombieGenerator.SpawnZombieIterativ	unknown	Integrate Death Pall resurrection with Zombieland corpse identity while leaving broad Anomaly gameplay to named scenario rows.	C.SPECIAL.ZOMBIES	S-Hostility-Area-Workflow;S-Special-Gauntlet	SOURCE_AUDIT;RW16_TARGET_AUDIT	source_only	resolved	Source audit 2026-06-06;Death Pall bridge contract source present	No open source-backstop gap; run the Death Pall bridge contract if this content branch is promoted from source support to runtime evidence.	Backstop only; do not duplicate C.SPECIAL.ZOMBIES or Anomaly scenario behavior.	Source audit shows the utility rejects inactive Anomaly, non-zombie corpses, destroyed/unspawned/dead-invalid and indoor corpses, then respawns a Zombieland zombie from the stored appearance snapshot and transfers compatible apparel defensively.
PATCH.HealthUtility_DamageUntilDowned_Patch	patch	core_zombie	HealthUtility.DamageUntilDowned should make self-healing zombies health-downed without fighting the public Pawn.Downed display override.	Source/Patches.cs	not_applicable	HealthUtility_DamageUntilDowned_Patch	see owning feature/scenario row	HealthUtility.DamageUntilDowned	unknown	Redirect debug/dev downing helper through Pawn_HealthTracker.MakeDowned for zombies when double-tap self-healing is enabled.	E.HOSTILITY.TARGETING	S-Source-Patch-Audit	SOURCE_AUDIT	source_only	resolved	Source audit 2026-06-06;TEST_SCENARIOS.md downed combat continuation;TEST_COVERAGE.md UI-state/downed evidence	No open player-flow gap; rerun only if HealthUtility.DamageUntilDowned or double-tap downed display behavior changes.	Patch row owns target shape and hook intent only; player combat downed behavior belongs to E.HOSTILITY.TARGETING.	Source audit confirms the prefix only handles Zombie with doubleTapRequired enabled, invokes Pawn_HealthTracker.MakeDowned through reflection, and otherwise passes through vanilla.
PATCH.MutantUtility_CanResurrectAsShambler_Patch	patch	core_zombie	Death Pall eligibility should include eligible Zombieland zombie corpses while preserving vanilla shambler checks for other corpses.	Source/Patches.cs	not_applicable	MutantUtility_CanResurrectAsShambler_Patch	see owning feature/scenario row	MutantUtility.CanResurrectAsShambler(Corpse,bool)	unknown	Postprocess Anomaly Death Pall eligibility for Zombieland zombie corpses through ZombieDeathPallUtility.CanDeathPallRaise.	C.SPECIAL.ZOMBIES	S-Source-Patch-Audit	SOURCE_AUDIT;RW16_TARGET_AUDIT	source_only	resolved	Source audit 2026-06-06;Death Pall bridge contract source present	No open source-backstop gap; promote to runtime evidence if Death Pall zombie-corpse behavior is selected as a named active Anomaly content branch.	Patch row owns target shape and hook intent only; special/Anomaly player flow belongs to named scenario rows.	Source audit confirms Prepare gates on active Anomaly and target existence, and the postfix only flips a false vanilla result when ZombieDeathPallUtility accepts the corpse.
PATCH.MutantUtility_ResurrectAsShambler_Patch	patch	core_zombie	Death Pall resurrection should raise eligible Zombieland zombie corpses as fresh Zombieland zombies instead of vanilla shamblers.	Source/Patches.cs	not_applicable	MutantUtility_ResurrectAsShambler_Patch	see owning feature/scenario row	MutantUtility.ResurrectAsShambler(Pawn,int,Faction)	unknown	Intercept Anomaly shambler resurrection for ZombieCorpse-backed Zombieland zombies and delegate to ZombieDeathPallUtility.TryRaiseZombieCorpse.	C.SPECIAL.ZOMBIES	S-Source-Patch-Audit	SOURCE_AUDIT;RW16_TARGET_AUDIT	source_only	resolved	Source audit 2026-06-06;Death Pall bridge contract source present	No open source-backstop gap; promote to runtime evidence if Death Pall zombie-corpse behavior is selected as a named active Anomaly content branch.	Patch row owns target shape and hook intent only; special/Anomaly player flow belongs to named scenario rows.	Source audit confirms Prepare gates on active Anomaly and target existence, and the prefix only suppresses vanilla resurrection for Zombie pawns whose corpse is a ZombieCorpse.
C.SPECIAL.SYMBIANT_INFESTATION	feature	core_zombie	Symbiant symbiosis appears inside used colony rooms, links to an eligible colonist, spreads slowly, disrupts movement and standing work, can be fed with corpses, and is managed through host surgery rather than ordinary combat.	Source/ZombieSymbiant.cs;Source/Hediff_SymbiantSymbiosis.cs;Source/Hediff_Injury_ZombieBite.cs;Source/Recipe_SeverSymbiantSymbiosis.cs;Source/JobDriver_Symbiant.cs;Source/JobDriver_FeedZombieSymbiant.cs;Source/WorkGivers.cs;Source/TickManager.cs;Source/Patches.cs;Source/Patches_Startup.cs;Source/ZombieSettings.cs;Source/SettingsDialog.cs;Source/Dialog_ZombieDebugActionMenu.cs;Source/BridgeTools/ZombielandBridgeTools.Symbiant.cs;Source/BridgeTools/ZombielandBridgeTools.SymbiantStress.cs	1.6/Defs/Zombie_Race.xml;1.6/Defs/Zombie_Hediffs.xml;1.6/Defs/Zombie_Jobs.xml;1.6/Defs/Zombie_Workgivers.xml;1.6/Defs/Zombie_Things.xml;1.6/Defs/Zombie_Recipes.xml;1.6/Languages/*/Keyed/Text.xml;1.6/Languages/*/Keyed/Help.xml;1.6/Languages/*/DefInjected/RecipeDef/Zombie_Recipes.xml	GenUI_ThingsUnderMouse_Patch;FloatMenuUtility_GetRangedAttackAction_Patch;Pawn_FilthTracker_Notify_EnteredNewCell_SymbiantSplash_Patch;Pawn_PathFollower_CostToMoveIntoCell_Patch;Pawn_PathFollower_TryEnterNextPathCell_SymbiantDoor_Patch;StatExtension_GetStatValue_Patch;Need_CurLevel_Patch;MentalStateHandler_TryStartMentalState_Patch;HediffSet_CalculatePain_Patch;PawnCapacitiesHandler_GetLevel_Patch;SkillRecord_GetLevel_Patch;SkillRecord_GetLevelForUI_Patch;Pawn_PreApplyDamage_Patch;Pawn_HealthTracker_PreApplyDamage_Patch;Root_Shutdown_Patch;GameDataSaveLoader_LoadGame_Patch;Current_Notify_LoadedSceneChanged_Patch	zombieland/symbiant_infestation_state;zombieland/symbiant_settings_contract;zombieland/symbiant_map_cache_contract;zombieland/symbiant_host_availability_contract;zombieland/symbiant_feeding_contract;zombieland/symbiant_unsafe_damage_contract;zombieland/symbiant_combat_isolation_contract;zombieland/symbiant_severance_contract;zombieland/symbiant_benefit_contract;zombieland/symbiant_natural_spawn_contract;zombieland/symbiant_discovery_letter_contract;zombieland/symbiant_expansion_contract;zombieland/symbiant_relocation_contract;zombieland/symbiant_door_path_cost_contract;zombieland/symbiant_render_blob;zombieland/symbiant_pawn_stress_state;rimbridge/list_logs	Pawn_PathFollower.CostToMoveIntoCell;Pawn_PathFollower.TryEnterNextPathCell;Pawn_FilthTracker.Notify_EnteredNewCell;FloatMenuUtility.GetRangedAttackAction;GenUI.ThingsUnderMouse;Thing.CustomRectForSelector;StatExtension.GetStatValue;Need.CurLevel;MentalStateHandler.TryStartMentalState;HediffSet.PainTotal;PawnCapacitiesHandler.GetLevel;SkillRecord.GetLevel;SkillRecord.GetLevelForUI;Pawn.PreApplyDamage;Pawn_HealthTracker.PreApplyDamage;GameDataSaveLoader.LoadGame;Current.Notify_LoadedSceneChanged;Root.Shutdown;Room;Building_Door;WorkGiver_Scanner;Recipe_Surgery;JobDriver	not_applicable	Indoor non-combat slime symbiosis with one-cell expansion pulses, conservative door/wall spread, corpse feeding, same-map host zombie infection immunity and random benefits, dynamic surgery severance through RimWorld ingredients, host-death/severance retreat, click-anywhere selection, pawn-system isolation, difficulty-scaled positional work/tend penalties, movement and door slowdown, entry splash sounds, host aura, and GPU-fed metaball rendering.	S-Symbiant-Symbiosis	S-Special-Gauntlet;S-Startup-ColdLoad;D.PATHING.DOOR_AVOIDANCE	SOURCE_AUDIT;DEF_RESOLUTION;CONTRACT_RUNTIME;SCENARIO_RUNTIME;SAVE_LOAD;VISUAL_UI;LOG_CLEAN;PLAYER_FLOW	contract_runtime	resolved_additive	docs/features/symbiant.md;TEST_COVERAGE.md Zombie Symbiant Symbiosis;TEST_SCENARIOS.md S-Symbiant-Symbiosis;op_b71ff072d53740beaa65492c17d6c68b;op_62f6304761dd4856ab7b238e7f5249dc;op_ad90e439d0144a768e06a3c51c14b606;op_cd933d6f1a0344c195cf85f0a2ca31c3;op_dcf73c3cdec44689b76436c9e2d85531;op_4ec9a17a81904fdd9cb510286ddc9440;op_f89e3bf86b504f9eb4d011ab4926f4a6;op_66b3469fc8a84ff4aa5b342638c09143;op_13ffd847c5a140439ea61c69bf3caf2e;op_bd8b228709b74079881bc1416edc5c7b;op_f97d0452dbae4710b0e67ad373523ca8;op_fd84034099df4c45ae11b7348cedcf7f	Current simplified release surface is live-validated on SYMBIANT-TEST-MAP. Remaining additive gaps: full save/load matrix, true multi-map behavior, full host eligibility matrix, host deletion/real-caravan/gravship edges, corpse freshness/body-size feeding variants, natural-base item-reach behavior, long endurance stress, and fresh reruns of historical damage/feeding/relocation contracts after future changes in those areas.	Owns symbiant-specific behavior; general pathing remains D.PATHING.DOOR_AVOIDANCE and generic special zombie visuals remain F.RENDERING.VISUALS.	Simplified 2026-06-22 pass removed the reserve/maturity/feed-cap settings model, hidden coagulant legacy def, and selected status gizmo. Current settings are enable plus max cells; default max is 400 and technical max is 4000. Surgery visibility is simple same-map host availability, while extract cost is dynamic through RimWorld's ingredient path. Live GABS evidence covered settings, severance, door slowdown, map cache, event creation, expansion, click-anywhere selection, inspect text, no selected gizmos, and repeated load after restart. Old saves may log the removed SymbiantCoagulantPack def non-fatally.
PATCH.DropCellFinder_IsSafeDropSpot_Patch	patch	quests	Storyteller delivery safe-drop checks ignore Zombieland targets without changing the global hostile-target cache seen by ordinary AI.	Source/Patches.cs;Source/StorytellerEventFilterSupport.cs;Source/StorytellerEventFilters.cs	not_applicable	DropCellFinder_IsSafeDropSpot_Patch	zombieland/incident_threat_state actionMode:storyEventDelivery	DropCellFinder.IsSafeDropSpot;AttackTargetsCache.TargetsHostileToFaction	unknown	Replace the safe-drop call site's faction-hostile enumeration with a zombie-free local helper.	H.QUESTS.INCIDENTS	E.HOSTILITY.TARGETING;S-Incident-Threat	SOURCE_AUDIT;RW16_TARGET_AUDIT;CONTRACT_RUNTIME;LOG_CLEAN	contract_runtime	resolved	TEST_SCENARIOS.md raid-cadence event-delivery evidence;Source/BridgeTools/ZombielandBridgeTools.Incidents.cs;current source audit 2026-07-07	No open delivery-side target-filter gap remains; rerun only if DropCellFinder safe-drop target lookup changes.	Patch row owns target shape and hook intent only; raid cadence belongs to H.QUESTS.INCIDENTS.	The scoped transpiler keeps zombies out of drop-safety checks while allowing other callers of AttackTargetsCache.TargetsHostileToFaction to see zombies for ordinary targeting.
PATCH.WealthWatcher_CalculateWealthItems_Patch	patch	quests	Zombie corpses and related Zombieland residue do not inflate storyteller item wealth.	Source/Patches.cs;Source/StorytellerEventFilters.cs	not_applicable	WealthWatcher_CalculateWealthItems_Patch	zombieland/incident_threat_state actionMode:storyEventDelivery	WealthWatcher.CalculateWealthItems	unknown	Subtract Zombieland corpse wealth from the map item-wealth calculation.	H.QUESTS.INCIDENTS	S-Incident-Threat	SOURCE_AUDIT;RW16_TARGET_AUDIT;CONTRACT_RUNTIME;LOG_CLEAN	contract_runtime	resolved	TEST_SCENARIOS.md raid-cadence event-delivery evidence;Source/BridgeTools/ZombielandBridgeTools.Incidents.cs;current source audit 2026-07-07	No open zombie item-wealth gate remains; rerun if WealthWatcher.CalculateWealthItems changes.	Patch row owns target shape and hook intent only; broader incident cadence belongs to H.QUESTS.INCIDENTS.	Runtime incident readback samples wealth before and after controlled Zombieland targets and corpse cleanup; the row keeps this generated patch name explicit.
PATCH.WealthWatcher_WealthItemsFilter_Patch	patch	quests	Zombieland wealth holders are excluded from the vanilla item-wealth filter.	Source/Patches.cs;Source/StorytellerEventFilters.cs	not_applicable	WealthWatcher_WealthItemsFilter_Patch	zombieland/incident_threat_state actionMode:storyEventDelivery	WealthWatcher.WealthItemsFilter	unknown	Force the wealth item holder predicate false for Zombieland-owned wealth containers.	H.QUESTS.INCIDENTS	S-Incident-Threat	SOURCE_AUDIT;RW16_TARGET_AUDIT;CONTRACT_RUNTIME;LOG_CLEAN	contract_runtime	resolved	TEST_SCENARIOS.md raid-cadence event-delivery evidence;Source/BridgeTools/ZombielandBridgeTools.Incidents.cs;current source audit 2026-07-07	No open zombie wealth-holder filter gap remains; rerun if WealthWatcher.WealthItemsFilter changes.	Patch row owns target shape and hook intent only; broader item economy belongs to incident/quest rows.	Complements the item-wealth postfix by excluding Zombieland holders at the filter predicate.
PATCH.DangerWatcher_CalculateDangerRating_Patch	patch	hostility	Home-area zombie combat power can raise story danger while non-home or special-state zombies do not create global danger pressure.	Source/Patches.cs;Source/StorytellerEventFilterSupport.cs;Source/StorytellerEventFilters.cs	not_applicable	DangerWatcher_CalculateDangerRating_Patch	zombieland/incident_threat_state actionMode:storyEventDelivery;zombieland/area_workflow_state actionMode:danger-flee	DangerWatcher.CalculateDangerRating	unknown	Postprocess vanilla danger rating with Zombieland's home-area zombie danger model.	E.HOSTILITY.TARGETING	H.QUESTS.INCIDENTS;S-Hostility-Area-Workflow	SOURCE_AUDIT;RW16_TARGET_AUDIT;CONTRACT_RUNTIME;LOG_CLEAN	contract_runtime	resolved	TEST_COVERAGE.md danger-flee evidence;TEST_SCENARIOS.md raid-cadence event-delivery evidence;current source audit 2026-07-07	No open story-danger rating gap remains; rerun if DangerWatcher.CalculateDangerRating changes.	Patch row owns target shape and hook intent only; danger/flee behavior belongs to E.HOSTILITY.TARGETING.	Source and bridge probes keep this separate from the narrower AffectsStoryDanger row.
PATCH.WorldGenStep_Factions_GenerateFresh_Patch	patch	startup	World generation can recover the zombie faction when the vanilla faction generation step throws or is partially skipped.	Source/Patches.cs;Source/ZombieBootstrap.cs;Source/ChoiceLetter_ZombielandMapSetupFailed.cs;Source/BridgeTools/ZombielandBridgeTools.Bootstrap.cs	not_applicable	WorldGenStep_Factions_GenerateFresh_Patch	zombieland/bootstrap_recovery_contract	WorldGenStep_Factions.GenerateFresh	unknown	Run the bootstrap recovery finalizer around the faction world-gen step.	A.STARTUP.LOAD	S-Startup-ColdLoad;S-Source-Patch-Audit	SOURCE_AUDIT;RW16_TARGET_AUDIT;BRIDGE_TOOL_REVIEW	source_only	resolved	Source/BridgeTools/ZombielandBridgeTools.Bootstrap.cs;current source audit 2026-07-07	Runtime bootstrap recovery contract source exists but was not rerun for this bookkeeping change.	Patch row owns target shape and hook intent only; cold-load behavior belongs to A.STARTUP.LOAD.	Exact row reconciles the generated patch name and assigns the new bootstrap helper source surface.
PATCH.Pawn_HealthScale_Patch	patch	core_zombie	Symbiant health scales with occupied cell count.	Source/Patches.cs;Source/ZombieSymbiant.cs;Source/BridgeTools/ZombielandBridgeTools.Symbiant.cs	not_applicable	Pawn_HealthScale_Patch	zombieland/symbiant_benefit_contract	Pawn.HealthScale	unknown	Multiply symbiant health scale by the live symbiant cell multiplier.	C.SPECIAL.SYMBIANT_INFESTATION	S-Symbiant-Symbiosis	SOURCE_AUDIT;CONTRACT_RUNTIME;LOG_CLEAN	contract_runtime	resolved	TEST_COVERAGE.md symbiant evidence;Source/BridgeTools/ZombielandBridgeTools.Symbiant.cs;current source audit 2026-07-07	No separate health-scale player-flow gap remains; rerun symbiant contracts if health scaling changes.	Patch row owns target shape and hook intent only; symbiant player behavior belongs to C.SPECIAL.SYMBIANT_INFESTATION.	The existing symbiant bridge source reads HealthScaleCellMultiplier and checks the expected multiplier.
PATCH.SustainerAggregatorUtility_AggregateOrSpawnSustainerFor_Patch	patch	rendering	Burning zombies use the local Zombieland burn-silencer sound instead of adding vanilla fire crackle sustainers.	Source/Patches.cs;Source/ZombieDefs.cs	not_applicable	SustainerAggregatorUtility_AggregateOrSpawnSustainerFor_Patch	see owning feature/scenario row	SustainerAggregatorUtility.AggregateOrSpawnSustainerFor	unknown	Swap FireBurning sound defs for attached burning-zombie fire reporters.	F.RENDERING.VISUALS	C.SPECIAL.ZOMBIES;S-Special-Gauntlet	SOURCE_AUDIT;RW16_TARGET_AUDIT	source_only	resolved	current source audit 2026-07-07;Source/Patches.cs	No runtime audio rerun was done for this bookkeeping change.	Patch row owns target shape and hook intent only; broader visual/audio behavior belongs to F.RENDERING.VISUALS.	Explicit row keeps the burning-zombie audio hook represented in release inventory.
PATCH.DamageWorker_AddInjury_ApplyToPawn_Patch	patch	rendering	Burning-zombie fire damage suppresses duplicate hit flash and impact feedback while its injury is being applied.	Source/Patches.cs	not_applicable	DamageWorker_AddInjury_ApplyToPawn_Patch	see owning feature/scenario row	DamageWorker_AddInjury.ApplyToPawn	unknown	Open and close a scoped burning-zombie feedback suppression depth around fire injury application.	F.RENDERING.VISUALS	C.SPECIAL.ZOMBIES;S-Special-Gauntlet	SOURCE_AUDIT;RW16_TARGET_AUDIT	source_only	resolved	current source audit 2026-07-07;Source/Patches.cs	No runtime audio/flash rerun was done for this bookkeeping change.	Patch row owns target shape and hook intent only; visual/audio behavior belongs to F.RENDERING.VISUALS.	The paired draw-tracker, impact-sound, and lifestage-sound rows own the downstream suppression hooks.
PATCH.Pawn_DrawTracker_Notify_DamageApplied_Patch	patch	rendering	Burning-zombie fire damage can suppress pawn draw-tracker damage flashes during the scoped feedback window.	Source/Patches.cs	not_applicable	Pawn_DrawTracker_Notify_DamageApplied_Patch	see owning feature/scenario row	Pawn_DrawTracker.Notify_DamageApplied	unknown	Skip damage flash notification while burning-zombie fire feedback is suppressed.	F.RENDERING.VISUALS	C.SPECIAL.ZOMBIES;S-Special-Gauntlet	SOURCE_AUDIT;RW16_TARGET_AUDIT	source_only	resolved	current source audit 2026-07-07;Source/Patches.cs	No runtime audio/flash rerun was done for this bookkeeping change.	Patch row owns target shape and hook intent only; visual/audio behavior belongs to F.RENDERING.VISUALS.	Source row is tied to the scoped DamageWorker_AddInjury feedback suppression.
PATCH.ImpactSoundUtility_PlayImpactSound_Patch	patch	rendering	Burning-zombie fire damage uses the Zombieland burn damage sound instead of vanilla impact sounds during the scoped feedback window.	Source/Patches.cs;Source/ZombieDefs.cs	not_applicable	ImpactSoundUtility_PlayImpactSound_Patch	see owning feature/scenario row	ImpactSoundUtility.PlayImpactSound	unknown	Replace impact sounds with PlayBurningZombieDamageSound while fire feedback is suppressed.	F.RENDERING.VISUALS	C.SPECIAL.ZOMBIES;S-Special-Gauntlet	SOURCE_AUDIT;RW16_TARGET_AUDIT	source_only	resolved	current source audit 2026-07-07;Source/Patches.cs	No runtime audio rerun was done for this bookkeeping change.	Patch row owns target shape and hook intent only; visual/audio behavior belongs to F.RENDERING.VISUALS.	Complements the scoped burning-zombie feedback suppression family.
PATCH.LifeStageUtility_PlayNearestLifestageSound_Patch	patch	rendering	Burning-zombie fire damage suppresses nearest-lifestage impact sounds during the scoped feedback window.	Source/Patches.cs	not_applicable	LifeStageUtility_PlayNearestLifestageSound_Patch	see owning feature/scenario row	LifeStageUtility.PlayNearestLifestageSound	unknown	Skip pawn lifestage sounds while burning-zombie fire feedback is suppressed.	F.RENDERING.VISUALS	C.SPECIAL.ZOMBIES;S-Special-Gauntlet	SOURCE_AUDIT;RW16_TARGET_AUDIT	source_only	resolved	current source audit 2026-07-07;Source/Patches.cs	No runtime audio rerun was done for this bookkeeping change.	Patch row owns target shape and hook intent only; visual/audio behavior belongs to F.RENDERING.VISUALS.	Complements the scoped burning-zombie feedback suppression family.
PATCH.JobGiver_AIWaitAmbush_TryGiveJob_Patch	patch	hostility	Sightstealer ambush AI rejects doorless targets without logging vanilla missing-door errors while preserving valid door ambush jobs.	Source/Patches.cs;Source/BridgeTools/ZombielandBridgeTools.Anomaly.cs	not_applicable	JobGiver_AIWaitAmbush_TryGiveJob_Patch	zombieland/anomaly_sightstealer_ambush_contract	JobGiver_AIWaitAmbush.TryGiveJob	unknown	Replace sightstealer ambush job selection with a door-aware target search for the affected Anomaly pawn/duty.	E.HOSTILITY.TARGETING	S-Hostility-Area-Workflow	SOURCE_AUDIT;RW16_TARGET_AUDIT;BRIDGE_TOOL_REVIEW	source_only	resolved	Source/BridgeTools/ZombielandBridgeTools.Anomaly.cs;current source audit 2026-07-07	The dedicated ambush bridge contract source exists but was not rerun for this bookkeeping change.	Patch row owns target shape and hook intent only; broader Anomaly targeting belongs to E.HOSTILITY.TARGETING.	Exact row separates this Anomaly ambush edge from generic Zombieland hostile targeting.
PATCH.Pawn_HealthTracker_MakeUndowned_Patch	patch	pathing	Zombies that become undowned refresh avoid-grid influence when their affects-avoid-grid state changes.	Source/Patches.cs;Source/ZombieAvoider.cs;Source/BridgeTools/ZombielandBridgeTools.CorpsesAndAvoidance.cs	not_applicable	Pawn_HealthTracker_MakeUndowned_Patch	zombieland/avoid_grid_death_refresh_contract	Pawn_HealthTracker.MakeUndowned	unknown	Capture the previous avoid-grid state and request a refresh after zombie undowning if needed.	D.PATHING.DOOR_AVOIDANCE	S-Hostility-Area-Workflow;S-Core-Horde-Loop	SOURCE_AUDIT;RW16_TARGET_AUDIT;BRIDGE_TOOL_REVIEW	source_only	resolved	Source/BridgeTools/ZombielandBridgeTools.CorpsesAndAvoidance.cs;current source audit 2026-07-07	No live avoid-grid rerun was done for this bookkeeping change.	Patch row owns target shape and hook intent only; pathing behavior belongs to D.PATHING.DOOR_AVOIDANCE.	The bridge source reflects MakeDowned and MakeUndowned for the avoid-grid refresh fixture family.
PATCH.Map_FinalizeInit_Patch	patch	startup	Map finalization recovers essential Zombieland map state after partial vanilla map init or clean game-init sweeps.	Source/Patches.cs;Source/ZombieBootstrap.cs;Source/ChoiceLetter_ZombielandMapSetupFailed.cs;Source/BridgeTools/ZombielandBridgeTools.Bootstrap.cs	not_applicable	Map_FinalizeInit_Patch	zombieland/bootstrap_recovery_contract	Map.FinalizeInit	unknown	Run bootstrap map-state recovery as a finalizer around Map.FinalizeInit.	A.STARTUP.LOAD	S-Startup-ColdLoad;S-Source-Patch-Audit	SOURCE_AUDIT;RW16_TARGET_AUDIT;BRIDGE_TOOL_REVIEW	source_only	resolved	Source/BridgeTools/ZombielandBridgeTools.Bootstrap.cs;current source audit 2026-07-07	Runtime bootstrap recovery contract source exists but was not rerun for this bookkeeping change.	Patch row owns target shape and hook intent only; startup load behavior belongs to A.STARTUP.LOAD.	Exact row assigns the generated map-finalize bootstrap patch name.
PATCH.MapComponentUtility_FinalizeInit_Patch	patch	startup	Per-map-component finalization recovers essential Zombieland map state if vanilla component init is partial or throws.	Source/Patches.cs;Source/ZombieBootstrap.cs;Source/ChoiceLetter_ZombielandMapSetupFailed.cs;Source/BridgeTools/ZombielandBridgeTools.Bootstrap.cs	not_applicable	MapComponentUtility_FinalizeInit_Patch	zombieland/bootstrap_recovery_contract	MapComponentUtility.FinalizeInit	unknown	Run bootstrap map-state recovery as a finalizer around MapComponentUtility.FinalizeInit.	A.STARTUP.LOAD	S-Startup-ColdLoad;S-Source-Patch-Audit	SOURCE_AUDIT;RW16_TARGET_AUDIT;BRIDGE_TOOL_REVIEW	source_only	resolved	Source/BridgeTools/ZombielandBridgeTools.Bootstrap.cs;current source audit 2026-07-07	Runtime bootstrap recovery contract source exists but was not rerun for this bookkeeping change.	Patch row owns target shape and hook intent only; startup load behavior belongs to A.STARTUP.LOAD.	Exact row assigns the generated component-finalize bootstrap patch name.
PATCH.RecipeDef_PotentiallyMissingIngredients_Patch	patch	core_zombie	Symbiant severance surgery can be queued through the normal bill path even when ingredients are not immediately present at float-menu time.	Source/Patches.cs;Source/Recipe_SeverSymbiantSymbiosis.cs;Source/BridgeTools/ZombielandBridgeTools.Symbiant.cs	not_applicable	RecipeDef_PotentiallyMissingIngredients_Patch	zombieland/symbiant_severance_contract	RecipeDef.PotentiallyMissingIngredients	unknown	Clear float-menu missing-ingredient blockers only for the SeverSymbiantSymbiosis recipe.	C.SPECIAL.SYMBIANT_INFESTATION	S-Symbiant-Symbiosis	SOURCE_AUDIT;CONTRACT_RUNTIME;LOG_CLEAN	contract_runtime	resolved	TEST_COVERAGE.md symbiant evidence;TEST_SCENARIOS.md symbiant severance evidence;current source audit 2026-07-07	No separate ingredient UI gap remains; rerun severance contract if recipe ingredient policy changes.	Patch row owns target shape and hook intent only; symbiant surgery behavior belongs to C.SPECIAL.SYMBIANT_INFESTATION.	The bridge severance contract source enumerates PotentiallyMissingIngredients for the recipe.
PATCH.FloatMenuContext_Constructor_Patch	patch	ui	Symbiants are removed from cached float-menu clicked things and pawns before standard float-menu providers inspect the context.	Source/Patches.cs;Source/ZombieSymbiant.cs	not_applicable	FloatMenuContext_Constructor_Patch	zombieland/symbiant_infestation_state	FloatMenuContext..ctor(List<Pawn>,Vector3,Map)	unknown	Remove ZombieSymbiant entries from clicked thing and pawn caches after FloatMenuContext construction.	C.SPECIAL.SYMBIANT_INFESTATION	S-Symbiant-Symbiosis;S-Defense-Room	SOURCE_AUDIT;CONTRACT_RUNTIME;LOG_CLEAN	contract_runtime	resolved	TEST_COVERAGE.md symbiant evidence;TEST_SCENARIOS.md symbiant selection evidence;current source audit 2026-07-07	No separate float-menu context gap remains; rerun symbiant UI contracts if context filtering changes.	Patch row owns target shape and hook intent only; symbiant selection/interaction belongs to C.SPECIAL.SYMBIANT_INFESTATION.	This is distinct from the custom FloatMenuMakerMap option postfix already covered by defense-room evidence.
PATCH.Thing_Ingested_ZeroStackGuard_Patch	patch	contamination	Zero-stack transient ingestibles are removed instead of entering vanilla ingestion amount splitting and logging errors.	Source/ThingIngestionPatches.cs	not_applicable	Thing_Ingested_ZeroStackGuard_Patch	see owning feature/scenario row	Thing.Ingested(Pawn,float)	unknown	Return zero nutrition and remove invalid zero-stack ingestibles before vanilla ingestion continues.	G.CONTAMINATION.C1_STACKS	I.INFECTION.MEDICAL;S-Source-Patch-Audit	SOURCE_AUDIT;RW16_TARGET_AUDIT	source_only	resolved	current source audit 2026-07-07;Source/ThingIngestionPatches.cs	No ingestion runtime rerun was done for this bookkeeping change.	Patch row owns target shape and hook intent only; normal contamination ingestion belongs to G.CONTAMINATION.C1_STACKS.	This guard is separate from the contamination transfer ingestion patch row in ContaminationPatchesMisc.
PATCH.AreaManager_Patches.RemovePrefix	patch	ui	Removing mutable areas captures whether Zombieland risk state should be cleared after vanilla removal.	Source/ZombieAreaManager.cs	not_applicable	AreaManager_Patches.RemovePrefix	zombieland/area_workflow_state	AreaManager.Remove	unknown	Capture Area.Mutable before AreaManager.Remove mutates the area list.	E.HOSTILITY.TARGETING	S-Hostility-Area-Workflow;S-Settings-Persistence;S-Defense-Room	SOURCE_AUDIT;CONTRACT_RUNTIME;VISUAL_UI;LOG_CLEAN	contract_runtime	resolved	TEST_COVERAGE.md area workflow evidence;TEST_SCENARIOS.md area workflow evidence;current source audit 2026-07-07	No open area-removal cleanup gap remains; rerun area workflow if removal state changes.	Patch row owns target shape and hook intent only; dangerous-area UI belongs to S-Hostility-Area-Workflow.	Exact child-method row complements the existing AreaManager SortAreas and CanMakeNewAllowed rows.
PATCH.AreaManager_Patches.RemovePostfix	patch	ui	Removing mutable areas clears their Zombieland risk classification after vanilla removal.	Source/ZombieAreaManager.cs	not_applicable	AreaManager_Patches.RemovePostfix	zombieland/area_workflow_state	AreaManager.Remove	unknown	Clear zombie risk state for areas that were mutable when removal began.	E.HOSTILITY.TARGETING	S-Hostility-Area-Workflow;S-Settings-Persistence;S-Defense-Room	SOURCE_AUDIT;CONTRACT_RUNTIME;VISUAL_UI;LOG_CLEAN	contract_runtime	resolved	TEST_COVERAGE.md area workflow evidence;TEST_SCENARIOS.md area workflow evidence;current source audit 2026-07-07	No open area-removal cleanup gap remains; rerun area workflow if removal state changes.	Patch row owns target shape and hook intent only; dangerous-area UI belongs to S-Hostility-Area-Workflow.	Exact child-method row complements the existing AreaManager SortAreas and CanMakeNewAllowed rows.
PATCH.Dialog_ManageAreas_Patches.InitialSizePostfix	patch	ui	The Manage Areas window grows enough to fit Zombieland risk controls and footer text.	Source/ZombieAreaManager.cs	not_applicable	Dialog_ManageAreas_Patches.InitialSizePostfix	zombieland/area_workflow_state;rimworld/take_screenshot	Dialog_ManageAreas.InitialSize	unknown	Add the risk-column width and footer height to the vanilla dialog size.	E.HOSTILITY.TARGETING	S-Hostility-Area-Workflow;S-Settings-Persistence;S-Defense-Room	SOURCE_AUDIT;CONTRACT_RUNTIME;VISUAL_UI;LOG_CLEAN	contract_runtime	resolved	TEST_COVERAGE.md area workflow evidence;TEST_SCENARIOS.md area workflow evidence;coverage/ZL_UI_SURFACE_INDEX.tsv;current source audit 2026-07-07	No open Manage Areas sizing gap remains; rerun area UI workflow if layout constants change.	Patch row owns target shape and hook intent only; dangerous-area UI belongs to S-Hostility-Area-Workflow.	Exact child-method row complements the existing Dialog_ManageAreas constructor and contents rows.
PATCH.Dialog_ManageAreas_Patches.DoWindowContentsPostfix	patch	ui	The Manage Areas window renders the Zombieland risk footer after vanilla contents.	Source/ZombieAreaManager.cs	not_applicable	Dialog_ManageAreas_Patches.DoWindowContentsPostfix	zombieland/area_workflow_state;rimworld/take_screenshot	Dialog_ManageAreas.DoWindowContents	unknown	Draw the risk-column footer text and arrow hints in the patched manage-areas dialog.	E.HOSTILITY.TARGETING	S-Hostility-Area-Workflow;S-Settings-Persistence;S-Defense-Room	SOURCE_AUDIT;CONTRACT_RUNTIME;VISUAL_UI;LOG_CLEAN	contract_runtime	resolved	TEST_COVERAGE.md area workflow evidence;TEST_SCENARIOS.md area workflow evidence;coverage/ZL_UI_SURFACE_INDEX.tsv;current source audit 2026-07-07	No open Manage Areas footer gap remains; rerun area UI workflow if footer rendering changes.	Patch row owns target shape and hook intent only; dangerous-area UI belongs to S-Hostility-Area-Workflow.	Exact child-method row complements the existing Dialog_ManageAreas contents row.
PATCH.Dialog_ManageAreas_Patches.DoAreaRowPostfix	patch	ui	Each Manage Areas row renders Zombieland risk controls beside the vanilla area row.	Source/ZombieAreaManager.cs	not_applicable	Dialog_ManageAreas_Patches.DoAreaRowPostfix	zombieland/area_workflow_state;rimworld/take_screenshot	Dialog_ManageAreas.DoAreaRow	unknown	Draw the per-area zombie-risk button and preserve GUI state around the row extension.	E.HOSTILITY.TARGETING	S-Hostility-Area-Workflow;S-Settings-Persistence;S-Defense-Room	SOURCE_AUDIT;CONTRACT_RUNTIME;VISUAL_UI;LOG_CLEAN	contract_runtime	resolved	TEST_COVERAGE.md area workflow evidence;TEST_SCENARIOS.md area workflow evidence;coverage/ZL_UI_SURFACE_INDEX.tsv;current source audit 2026-07-07	No open Manage Areas row-control gap remains; rerun area UI workflow if row rendering changes.	Patch row owns target shape and hook intent only; dangerous-area UI belongs to S-Hostility-Area-Workflow.	Exact child-method row complements the existing Dialog_ManageAreas contents row.
SRC.ReleaseReadinessSourceBackstop	supporting_infra	supporting_infra	Helper and bridge source files discovered by the release-readiness inventory remain assigned while behavior stays on owning feature, patch, and bridge rows.	Source/BridgeTools/ZombielandBridgeTools.Bootstrap.cs;Source/BridgeTools/ZombielandBridgeTools.Cleanup.cs;Source/BridgeTools/ZombielandBridgeTools.RimCities.cs;Source/ChoiceLetter_ZombielandMapSetupFailed.cs;Source/ContaminationThresholds.cs;Source/RimHudIntegration.cs;Source/StorytellerEventFilterSupport.cs;Source/StorytellerEventFilters.cs;Source/ThingIngestionPatches.cs;Source/ZombieBootstrap.cs;Source/ZombielandBridgeToolVisibility.cs	not_applicable	not_applicable	zombieland/bootstrap_recovery_contract;zombieland/storyteller_event_cleanup;zombieland/rimcities_fog_reveal_contract;zombieland/incident_threat_state	coverage-inventory source path scan	unknown	Source ownership backstop for files surfaced by the July 2026 patch/source inventory refresh.	A.HARMONY.INVENTORY	J.BRIDGE.TOOLS;H.QUESTS.INCIDENTS;K.OPTIONAL.INTEGRATIONS	SOURCE_AUDIT;BRIDGE_TOOL_REVIEW	source_only	resolved	scripts/coverage-inventory.sh --source-paths 2026-07-07	Backstop row only; retire or split if any helper becomes a new standalone player-facing behavior owner.	Backstop only; exact behavior remains on the patch, feature, integration, and bridge rows referenced by each source file.	This row prevents helper-only files from showing as unassigned source paths while avoiding a false runtime backlog.
